name,category,languages,tel,address,registration_no,email,validity,image_url,source_page
P. DUMINDA  SAMARAKOON,Chauffeur,English,0714483643,"No:224, akarawita, gampaha",C-1013,dumindasamarakoon1@gmail.com,Valid till 31st December 2027,image/tourist_guides/U050050000001083129170.jpg,1
N.N. GUNATILLAKE,National,English,0777234642,"No:74/10, galle rd, mahawaskaduwa, waskaduwa",N-0890,navingunatilleke70@gmail.com,Valid till 31st December 2027,image/tourist_guides/U050050000001291126719.jpg,1
K.P.R. KUMARA DHARMARATNE,National,German,0777810317,"No:43/18/b, aluthgantota rd, kandy",N-0463,get.taprobane@gmail.com,Valid till 31st December 2027,image/tourist_guides/U050050000000422132298.jpg,1
J.M. SUNIL JAYASINGHE,National,German,0777171317,"No:230/3, ranawana road, katugastota",N-0464,Sunil.jsngh@gmail.com,Valid till 31st December 2027,http://srilanka.travel//image/cache/no_profile_image-235x145.jpg,1
Y. MUDIYANSELAGE JAYATILAKA,National,English,0776627255,"3rd lane, kindamullawatta, veyangoda",N-0460,yapajayatilaka@gmail.com,Valid till 31st December 2027,image/tourist_guides/U050050000000433127527.jpg,1
NIMAL WEERASINGHE,National,"English, German",0716326132,"No:161/2, yatagama, mabodala, veyangoda",N-0015,nimalwn15@gmail.com,Valid till 31st December 2027,http://srilanka.travel//image/cache/no_profile_image-235x145.jpg,1
G.M.SARATH SILVA,National,"English, French, Italian",0776088617,"No:4/115, talakotuwa estate, polhengoda rd, colombo-05",N-0003,sarathmanawadu2@gmail.com,Valid till 31st December 2027,http://srilanka.travel//image/cache/no_profile_image-235x145.jpg,1
I. VITHANEGE HEMACHANDRA,National,English,0774370911,"No:3/34, pathum uyana, hokandara-south, hokandara",N-0446,jjdjdjssjdjdjd@gmail.com,Valid till 31st December 2027,image/tourist_guides/U050050000000485133075.jpg,1
Search for a Tour Guide,,All Languages Arabic Chinese Dutch English French German Greek Hebrew Hindi Hungarian Italian Japanese Korean Mandarian Russian Spanish Swedish Tamil Thai Urdu Search,,,,,,http://www.srilanka.travel/images/theames-new/covidimg.png,1
Tour Guides,,,,,,,,http://www.srilanka.travel/images/theames-new/covidimg.png,1
M.A. ATHULA CHANDRADASA,National,"English, German",0777490642,"No:122/1, dutugemunu street, kalubowila, dehiwala",N-0005,athulachandra@yahoo.de,Valid till 31st December 2027,image/tourist_guides/U050050000000249132264.jpg,2
N.A. UDAYA SANTHA,National,"English, French",0786514172,"No:564/13, kanda hena watta, nittambuwa",N-0040,n.udaya.santha@gmail.com,Valid till 31st December 2027,http://srilanka.travel//image/cache/no_profile_image-235x145.jpg,2
H.S. WEERASIRI PEIRIS,National,"English, German",0777713817,"No:6, st.jude mawatha, dalugama, kelaniya",N-0023,susil@ymail.com,Valid till 31st December 2027,http://srilanka.travel//image/cache/no_profile_image-235x145.jpg,2
ANANDA WEERAKOON,National,English,0777719172,"3m3, housing scheme, kiribathgoda, kelaniya",N-0022,anandaweera1947@gmail.com,Valid till 31st December 2027,image/tourist_guides/U050050000000205472540.jpeg,2
I.WATTE TILAKARATNE,National,Japanese,0772437388,"No:11, saman mawatha, sirimal uyana, ratmalana",N-0054,iwtilak@gmail.com,Valid till 31st December 2027,http://srilanka.travel//image/cache/no_profile_image-235x145.jpg,2
K.H.A. WIMAL KULARATNE,National,"English, French, Russian, German",0771973358,"No:42/5, asiri place, pahala biyanwila, mahara, kadawatha",N-0034,kularathnewimal@yahoo.com,Valid till 31st December 2027,image/tourist_guides/U050050000000180132266.jpg,2
D.A.S. ATHULA GUNARATNA,National,Italian,0776185213,"No:15/2, 7th lane, ananda balika mw, pagoda rd, pita kotte",N-0144,sathulakandy@yahoo.com,Valid till 31st December 2027,http://srilanka.travel//image/cache/no_profile_image-235x145.jpg,2
NEOMAL ERIC DE ALWIS,National,"English, French, German",0777374397,"No:11/3, templer place, mount lavinia",N-0045,dealwiseric@yahoo.com,Valid till 31st December 2027,http://srilanka.travel//image/cache/no_profile_image-235x145.jpg,2
Search for a Tour Guide,,All Languages Arabic Chinese Dutch English French German Greek Hebrew Hindi Hungarian Italian Japanese Korean Mandarian Russian Spanish Swedish Tamil Thai Urdu Search,,,,,,http://www.srilanka.travel/images/theames-new/covidimg.png,2
Tour Guides,,,,,,,,http://www.srilanka.travel/images/theames-new/covidimg.png,2
P.G.NORMAN EDWIN,National,German,0714449747,"No:97, dodangahahena, gothatuwa, new town",N-0151,norman556677@gmail.com,Valid till 31st December 2027,http://srilanka.travel//image/cache/no_profile_image-235x145.jpg,3
M.L.G.MAXIMUS PERERA,National,German,0777266447,"No:147, sadasarana mawatha, rilaulla, kadana",N-0132,georgeperera2013@gmail.com,Valid till 31st December 2027,http://srilanka.travel//image/cache/no_profile_image-235x145.jpg,3
T.A.R.S.V. PIERIS,National,Japanese,0767721458,"No:10/b, kashyapa rd, kalubowila, dehiwala",N-0108,rohanpieris57@gmail.com,Valid till 31st December 2027,http://srilanka.travel//image/cache/no_profile_image-235x145.jpg,3
BERNARD KSHMIER MACHADO,National,English,0777343053,"No:100, waidya road, dehiwala",N-0112,bernardmachadoleisure@gmail.com,Valid till 31st December 2027,image/tourist_guides/U050050000003362126324.jpg,3
S.T. ENNORUWA WIJESINHE,National,English,0777515279,"No:29/5a, maradana road, hendela",N-0127,teewij@gmail.com,Valid till 31st December 2027,http://srilanka.travel//image/cache/no_profile_image-235x145.jpg,3
ARUNA SHANTHA ABEYGOONEWARDANE,National,German,0777428707,"No:37/1/1, wijerama mw, colombo 07",N-0128,arju.abey@gmail.com,Valid till 31st December 2027,image/tourist_guides/U050050000002724133955.jpg,3
D.R.J.RANJITH DASANAYAKE,National,Japanese,0777385209,"No:424/c, akuregoda, thalangama-south, battaramulla",N-0138,rankoin@gmail.com,Valid till 31st December 2027,image/tourist_guides/U050050000000231133950.jpg,3
R.G.HENRY LUIGI LIVERA,National,English,0777777300,"No:12/1, 1st lane, subhuthipura, battaramulla",N-0224,dinuda2012@gmail.com,Valid till 31st December 2027,image/tourist_guides/U050050000000192132282.jpg,3
Search for a Tour Guide,,All Languages Arabic Chinese Dutch English French German Greek Hebrew Hindi Hungarian Italian Japanese Korean Mandarian Russian Spanish Swedish Tamil Thai Urdu Search,,,,,,http://www.srilanka.travel/images/theames-new/covidimg.png,3
Tour Guides,,,,,,,,http://www.srilanka.travel/images/theames-new/covidimg.png,3
K.M.C.KARUNARATNE,National,French,0777555747,"No:16/27, manikwatta, kalalgoda rd, pannipitiya",N-0162,kmckaru@yahoo.com,Valid till 31st December 2027,http://srilanka.travel//image/cache/no_profile_image-235x145.jpg,4
Y. MARIAM ABEYSOORIYA,National,French,0777293648,"No:727, peradeniya road, kandy",N-0177,yasminabeysooriya26@gmail.com,Valid till 31st December 2027,image/tourist_guides/U050050000000265127315.jpg,4
DAYA WITHARANA,National,French,0773001587,"N0:33/1, k.p.w.gunawardane mw, wakunagoda rd, galle",N-0163,dayawitharana45@gmail.com,Valid till 31st December 2027,image/tourist_guides/U050050000000136128192.jpg,4
GAYAN GILIMALAGE,National,English,0777972972,"No:12/15b, new hospital road, pamunugama, maharagama",N-0157,gayanglimalage518@gmail.com,Valid till 31st December 2027,http://srilanka.travel//image/cache/no_profile_image-235x145.jpg,4
M.K. LAKSHMAN PREMATILAKE,National,"English, German",0773125279,"No:106, matammana, minuwangoda",N-0164,lakilanka@gmail.com,Valid till 31st December 2027,image/tourist_guides/U050050000000134127514.jpg,4
K.A. CECIL WICKREMARATNE,National,German,0777870685,"No:21/a, ulhitiyawa, wennappuwa",N-0176,cecil.wickramaratne@gmail.com,Valid till 31st December 2027,http://srilanka.travel//image/cache/no_profile_image-235x145.jpg,4
W.T.R. KUMAR FERNANDO,National,"French, Japanese, German",0777893136,"No:112/13-b, poorwarama road, colombo-05",N-0183,fernandok693@gmail.com,Valid till 31st December 2027,http://srilanka.travel//image/cache/no_profile_image-235x145.jpg,4
D. NIHAL KARUNAWARDENA,National,German,0776670773,"No:80/3, fonseka road, panadura",N-0199,karunawardenanihal@gmail.com,Valid till 31st December 2027,http://srilanka.travel//image/cache/no_profile_image-235x145.jpg,4
Search for a Tour Guide,,All Languages Arabic Chinese Dutch English French German Greek Hebrew Hindi Hungarian Italian Japanese Korean Mandarian Russian Spanish Swedish Tamil Thai Urdu Search,,,,,,http://www.srilanka.travel/images/theames-new/covidimg.png,4
Tour Guides,,,,,,,,http://www.srilanka.travel/images/theames-new/covidimg.png,4
U.M. MAHINDA MAHAKUMARA,Chauffeur,English,0771663711,"No. 319/a, webada south, webada.",C-0021,mahindamahakumara@gmail.com,Valid till 31st December 2027,image/tourist_guides/U050050000001494476321.jpg,5
W.K. PEARL RANAWEERA,National,German,0777364185,"No:443/2a, wackwella road, galle",N-0214,pearlr@sltnet.lk,Valid till 31st December 2027,image/tourist_guides/U050050000000204127963.jpg,5
D.U.A.W. RAJAPAKSHE,National,English,0779505169,"No:10/a, titus gunathilaka mawatha, panadura",N-0228,rajapaksheajith@gmail.com,Valid till 31st December 2027,http://srilanka.travel//image/cache/no_profile_image-235x145.jpg,5
GNANABANDU DAYAPREMA SENAWEERA,National,"Italian Tel 0112868316 Address No:531/4, wijesinghe garden, pitakotte, kotte Registration No N-0243 Email lakshmanalwis1951@gmail.com Validity status of licence: Valid till 31st December 2027",0777533066,"No:10, gauder place, sri saranankara rd, dehiwala",N-0229,gdbobby44@gmail.com,Valid till 31st December 2027,image/tourist_guides/U050050000003423127492.jpg,5
H. DON LAKSHMAN ALWIS,National,Italian,0112868316,"No:531/4, wijesinghe garden, pitakotte, kotte",N-0243,lakshmanalwis1951@gmail.com,Valid till 31st December 2027,http://srilanka.travel//image/cache/no_profile_image-235x145.jpg,5
D. NISHANTHA SILVA,National,German,0776166157,"No:219, ""ranjana"", maradana rd, moragalla, beruwala",N-0241,dnishanthasilva@yahoo.com,Valid till 31st December 2027,image/tourist_guides/U050050000000164126758.jpg,5
PADMASIRI LAWRENCE,National,Japanese,0777841364,"No:10/b, gantera mw, watapuluwa, kandy",N-0244,Padmasiri.sajima@gmail.com,Valid till 31st December 2027,image/tourist_guides/U050050000000155133944.jpg,5
D.M.G. SUNITH GUNASIRI,National,Japanese,0716968437,"No:159/9, temple road, maharagama",N-0326,sunithgamage@gmail.com,Valid till 31st December 2027,image/tourist_guides/U050050000000293127522.jpg,5
Search for a Tour Guide,,All Languages Arabic Chinese Dutch English French German Greek Hebrew Hindi Hungarian Italian Japanese Korean Mandarian Russian Spanish Swedish Tamil Thai Urdu Search,,,,,,http://www.srilanka.travel/images/theames-new/covidimg.png,5
Tour Guides,,,,,,,,http://www.srilanka.travel/images/theames-new/covidimg.png,5
P.M.WICKRAMATHILAKA,National,"French Tel 0777623070 Address No:51, athurugiriya road, homagama Registration No N-0343 Email donjayasoma12@gmail.com Validity status of licence: Valid till 31st December 2027",0773916845,"No:36/1, jambugasmulla mw, nugegoda",N-0248,prathap.wick@gmail.com,Valid till 31st December 2027,http://srilanka.travel//image/cache/no_profile_image-235x145.jpg,6
B.A.M.D. JAYASOMA,National,French,0777623070,"No:51, athurugiriya road, homagama",N-0343,donjayasoma12@gmail.com,Valid till 31st December 2027,http://srilanka.travel//image/cache/no_profile_image-235x145.jpg,6
M.SHIBLY ANVER,National,English,0777660175,"No:19, moov's rd, colombo 06",N-0344,shibly.anver@gmail.com,Valid till 31st December 2027,http://srilanka.travel//image/cache/no_profile_image-235x145.jpg,6
W.P. SIRIPALA THILAKASENA,National,English,0773081784,"No:2/58, sivralumulla, nadungamuwa",N-0319,thilakwps@gmail.com,Valid till 31st December 2027,image/tourist_guides/U050050000000302133940.jpg,6
G.R.A.D.K. WIJEKOON BANDARA,National,French,0711588922,"Getiyamulla, alawatura, kegalle",N-0311,ashokadkw@gmail.com,Valid till 31st December 2027,http://srilanka.travel//image/cache/no_profile_image-235x145.jpg,6
C.J. SUDUSINGHE,National,German,0772875697,"No:7/4, 1st cross road, walana, panadura",N-0302,sudureiseleiter@yahoo.com,Valid till 31st December 2027,http://srilanka.travel//image/cache/no_profile_image-235x145.jpg,6
K.KORALAGE VIPUL,National,"French Tel 0777715957 Address No:65, vijayanganie lane, bathiya mw, pamunuwila, gonawala Registration No N-0322 Email daya.obada102@gmail.com Validity status of licence: Valid till 31st December 2027",0762016355,"No:85/a, canal bank road, kalubowila",N-0314,vipulkoralage71@gmail.com,Valid till 31st December 2027,http://srilanka.travel//image/cache/no_profile_image-235x145.jpg,6
O.P. DAYARATNA,National,French,0777715957,"No:65, vijayanganie lane, bathiya mw, pamunuwila, gonawala",N-0322,daya.obada102@gmail.com,Valid till 31st December 2027,image/tourist_guides/U050050000000299128169.jpg,6
Search for a Tour Guide,,All Languages Arabic Chinese Dutch English French German Greek Hebrew Hindi Hungarian Italian Japanese Korean Mandarian Russian Spanish Swedish Tamil Thai Urdu Search,,,,,,http://www.srilanka.travel/images/theames-new/covidimg.png,6
Tour Guides,,,,,,,,http://www.srilanka.travel/images/theames-new/covidimg.png,6
GAMINI KUMARASINGHE,National,English,0776196478,"""shantha"", dedduwa, haburugala",N-0327,gaminikumarasinghe@gmail.com,Valid till 31st December 2027,http://srilanka.travel//image/cache/no_profile_image-235x145.jpg,7
DHARMASENA RATNAYAKE,National,English,0777541336,"No:355/18/c, galpaya, meetalawa",N-0342,dharmasenaratnayaka712@gmail.com,Valid till 31st December 2027,http://srilanka.travel//image/cache/no_profile_image-235x145.jpg,7
S.CHANDRASIRI SENADEERA,National,German,0773686908,"No:6/8, dinasiri mw, egoda uyana, moratuwa",N-0333,sarathsenadeera@gmail.com,Valid till 31st December 2027,image/tourist_guides/U050050000000286132364.jpg,7
KANDE APPUHAMILLAGE KARUNADASA,Chauffeur,English,0777830851,"96/b/11, salmal mawatha, nampamunuwa, piliyandala",C-0075,Karukande3000@gmail.com,Valid till 31st December 2026,image/tourist_guides/U050050000001446476187.png,7
W.VASANTHA PERERA,National,German,0775177717,"No.7,garamasanwardena road,boralesgamuwa",N-0340,Vasanthaperera54@gmail.com,Valid till 31st December 2027,image/tourist_guides/U050050000000261132289.jpg,7
A. RANJITH THIMBIRIPOLA,Chauffeur,English,0777588917,"No:1371/1, mihindu mawatha, bogahawatta, pannipitiya",C-0103,amali_dil@yahoo.com,Valid till 31st December 2026,image/tourist_guides/U050050000001569475908.jpg,7
WERAGODAGE MITHRASENA,Chauffeur,English,"0777986550 Address No:23, park road, ratmalana Registration No N-0351 Email eknpremaratne@gmail.com Validity status of licence: Valid till 31st December 2027","408/0, ganemulla road, ma-eliya, ja-ela",C-0128,eknpremaratne@gmail.com Validity status of licence: Valid till 31st December 2027,Valid till 31st December 2026,image/tourist_guides/U050050000001544476248.jpg,7
E.K.PREMARATNE,National,German,0777986550,"No:23, park road, ratmalana",N-0351,eknpremaratne@gmail.com,Valid till 31st December 2027,image/tourist_guides/U050050000000248126323.jpg,7
Search for a Tour Guide,,All Languages Arabic Chinese Dutch English French German Greek Hebrew Hindi Hungarian Italian Japanese Korean Mandarian Russian Spanish Swedish Tamil Thai Urdu Search,,,,,,http://www.srilanka.travel/images/theames-new/covidimg.png,7
Tour Guides,,,,,,,,http://www.srilanka.travel/images/theames-new/covidimg.png,7
L. SEBASTIAN,National,English,0777951595,"Hajithuwan gardens, utuwankanda, mawanella",N-0432,lazarazsebesthiyan@gmail.com,Valid till 31st December 2027,http://srilanka.travel//image/cache/no_profile_image-235x145.jpg,8
K.HEWA JAYALATH,National,English,0777603306,"'methsiri',kapugama,dondra",N-0363,jayalath.khewa@gmail.com,Valid till 31st December 2027,image/tourist_guides/U050050000000237135783.jpg,8
D.M.G. LUXMAN SUMANASIRI,National,"French, Russian, Spanish",0716274820,"No:157/17/a, temple road, maharagama",N-0439,luckygamage7@gmail.com,Valid till 31st December 2027,http://srilanka.travel//image/cache/no_profile_image-235x145.jpg,8
S.M. DHARMARATNA KUDAGAMMANA,National,Japanese,0773848939,"No:3/41/b, sadasarana mw, rilaulla, kandana",N-0442,dharma5467@gmail.com,Valid till 31st December 2027,image/tourist_guides/U050050000000492127355.jpg,8
W.P. GAMINI JAYAWEERA,National,"German Tel 0777831654 Address No:97/44, nicholus marcus mw, negombo Registration No N-0421 Email charlesngo12@gmail.com Validity status of licence: Valid till 31st December 2027",0774142192,"No:2/3/1, obadadawatta, bentota",N-0387,ganakero@gmail.com,Valid till 31st December 2027,http://srilanka.travel//image/cache/no_profile_image-235x145.jpg,8
E. CHARLES WEBER,National,German,0777831654,"No:97/44, nicholus marcus mw, negombo",N-0421,charlesngo12@gmail.com,Valid till 31st December 2027,image/tourist_guides/U050050000000543127357.jpg,8
SALMAN FARIS ZAINUL ABDEEN,National,"German Tel 0722167702 Address No:190, pathaleerukkarama road, wekada, panadura Registration No N-0420 Email ravenjayasooriya5@gmail.com Validity status of licence: Valid till 31st December 2027",0777060220,"No:421, fergusion rd, mattakkuliya, colombo-15",N-0416,farizabdeen@yahoo.com,Valid till 31st December 2027,http://srilanka.travel//image/cache/no_profile_image-235x145.jpg,8
W.R. SEPAL FERNANDO JAYASURIYA,National,German,0722167702,"No:190, pathaleerukkarama road, wekada, panadura",N-0420,ravenjayasooriya5@gmail.com,Valid till 31st December 2027,http://srilanka.travel//image/cache/no_profile_image-235x145.jpg,8
Search for a Tour Guide,,All Languages Arabic Chinese Dutch English French German Greek Hebrew Hindi Hungarian Italian Japanese Korean Mandarian Russian Spanish Swedish Tamil Thai Urdu Search,,,,,,http://www.srilanka.travel/images/theames-new/covidimg.png,8
Tour Guides,,,,,,,,http://www.srilanka.travel/images/theames-new/covidimg.png,8
P. CHRYSANTHA WICKRAMASINGHE,National,English,0774107969,"No:37/1, station lane, udahamulla, nugegoda",N-0418,pemturgd@yahoo.com,Valid till 31st December 2027,http://srilanka.travel//image/cache/no_profile_image-235x145.jpg,9
D.D.VIPULA WETTASINGHE,National,,0766387694,"No:192/4, 2nd lane, egodawatte, boralesgamuwa",N-0406,dayanath.wettasinghe@gmail.com,Valid till 31st December 2027,http://srilanka.travel//image/cache/no_profile_image-235x145.jpg,9
K.D.N.PREMAKUMARA,National,,"0773022677 Address No:235/3, thalpathpitiya road, thalpathpitiya, nugegoda Registration No N-0438 Email bandossunil@yahoo.com Validity status of licence: Valid till 31st December 2027","No:421/1/b, bodhiya road, thalahena, malabe",N-0433,nihalpre1@gmail.com,Valid till 31st December 2027,image/tourist_guides/U050050000003816130625.jpg,9
T.G. SUNIL WICKRAMA,National,"French, German Tel 0717540500 Address No:157/82, 4th lane, vijayanandanarama rd, honnantara Registration No N-0496 Email tissadayan.w@gmail.com Validity status of licence: Valid till 31st December 2027",0773022677,"No:235/3, thalpathpitiya road, thalpathpitiya, nugegoda",N-0438,bandossunil@yahoo.com,Valid till 31st December 2027,http://srilanka.travel//image/cache/no_profile_image-235x145.jpg,9
M.T.D. PERERA WICKRAMARATNE,National,"French, German",0717540500,"No:157/82, 4th lane, vijayanandanarama rd, honnantara",N-0496,tissadayan.w@gmail.com,Valid till 31st December 2027,image/tourist_guides/U050050000000494129976.jpg,9
K. GAMAGE DOUGLAS,National,Italian,0777763343,"No:33/1, rupasinghe avenue, nadimala, dehiwala",N-0450,nissankagamage@gmail.com,Valid till 31st December 2027,image/tourist_guides/U050050000000481476567.jpg,9
P.D. PALATUWA GAMAGE,National,French,"0773454512 Address Thalammehera, pannala Registration No N-0465 Email kmd.wijesena@gmail.com Validity status of licence: Valid till 31st December 2027","No:296/1, kottangaha, thotupola rd, singharamulla, kelaniya",N-0468,parakramag@gmail.com,Valid till 31st December 2027,http://srilanka.travel//image/cache/no_profile_image-235x145.jpg,9
K.M. DON WIJESENA,National,English,0773454512,"Thalammehera, pannala",N-0465,kmd.wijesena@gmail.com,Valid till 31st December 2027,image/tourist_guides/U050050000000412473330.jpg,9
Search for a Tour Guide,,All Languages Arabic Chinese Dutch English French German Greek Hebrew Hindi Hungarian Italian Japanese Korean Mandarian Russian Spanish Swedish Tamil Thai Urdu Search,,,,,,http://www.srilanka.travel/images/theames-new/covidimg.png,9
Tour Guides,,,,,,,,http://www.srilanka.travel/images/theames-new/covidimg.png,9
J.D. WIJERATNE,National,English,0777696004,"No:121/ur/11, abeyratne mw, makuluduwa, piliyandala",N-0492,jeromewijeratne@yahoo.com,Valid till 31st December 2027,http://srilanka.travel//image/cache/no_profile_image-235x145.jpg,10
S. MAHEENDRA WEERAKOON,National,German,0712115057,"No:86/8, church road, gampaha",N-0476,sujanweerakoon@gmail.com,Valid till 31st December 2027,image/tourist_guides/U050050000000345128044.jpg,10
T.N. SUJEEWA DE SILVA,National,English,0772621988,"'mihira', eliwila, gonawila",N-0462,sujeewads@gmail.com,Valid till 31st December 2027,image/tourist_guides/U050050000000430472544.jpg,10
MAGAGE MARSHALL,National,German,0777823414,"No:118/2a, de mel rd, lakshapathiya, moratuwa",N-0469,marshallmagage1@gmail.com,Valid till 31st December 2027,image/tourist_guides/U050050000000363131736.jpg,10
J.F. ADOLPHUS FERNANDO,National,English,0777648459,"No:158, pallansena road, kochchikade",N-0470,felicianfernando@hotmail.com,Valid till 31st December 2027,image/tourist_guides/U050050000000359127275.jpg,10
K.A.S. KUMARA KURUPPU,National,French,0712732940,"No:211/391, walawwatta, welipillewa, ganemulla",N-0507,skkuruppu@gmail.com,Valid till 31st December 2027,image/tourist_guides/U050050000000472132303.jpg,10
P.W. ANURA LAKSHMAN,National,French,0776777995,"No:9/3/b, college lane, ambalangoda",N-0485,luck.anu1@gmail.com,Valid till 31st December 2027,image/tourist_guides/U050050000000530478099.jpg,10
R.A.W. SAPUMAL RANWALA,National,Japanese,0714124017,"No:25/1, colombo road, biyagama",N-0501,sapumalranwala@yahoo.com,Valid till 31st December 2027,http://srilanka.travel//image/cache/no_profile_image-235x145.jpg,10
Search for a Tour Guide,,All Languages Arabic Chinese Dutch English French German Greek Hebrew Hindi Hungarian Italian Japanese Korean Mandarian Russian Spanish Swedish Tamil Thai Urdu Search,,,,,,http://www.srilanka.travel/images/theames-new/covidimg.png,10
Tour Guides,,,,,,,,http://www.srilanka.travel/images/theames-new/covidimg.png,10
LASATH WARUNA ALWIS,National,German,0777835301,"No:179, 1st lane, waliwita, kaduwela",N-0495,alwis10@gmail.com,Valid till 31st December 2027,http://srilanka.travel//image/cache/no_profile_image-235x145.jpg,11
U. HEWAGE KARUNATILAKA,National,German,0777908378,"No:470/80, 08th lane, hettimulla, beruwala",N-0502,uyankaru@gmail.com,Valid till 31st December 2027,image/tourist_guides/U050050000000488472538.jpg,11
C.R. EXLESS FERNANDO,National,German,0775345328,"No:38, st. anthony's road, kadalana, moratuwa",N-0512,royfernando33@gmail.com,Valid till 31st December 2027,http://srilanka.travel//image/cache/no_profile_image-235x145.jpg,11
B A ROHAN SRILAL DEDIGAMA,National,"French, Spanish Tel 0715870200 Address No:2b/70, jayawadanagama, battaramulla Registration No N-0519 Email gamagenanda@yahoo.com Validity status of licence: Valid till 31st December 2027",0774415584,"No:486/1, colombo road, 2nd lane, bendiyamulla, gampaha",N-0514,rohan22.dedigama@gmail.com,Valid till 31st December 2027,http://srilanka.travel//image/cache/no_profile_image-235x145.jpg,11
D.M.G. NANDA GUNASEELI,National,"French, Spanish",0715870200,"No:2b/70, jayawadanagama, battaramulla",N-0519,gamagenanda@yahoo.com,Valid till 31st December 2027,http://srilanka.travel//image/cache/no_profile_image-235x145.jpg,11
P. LAL DE ALWIS,Chauffeur,English,0777251383,"No:10/25/a, sri sangananda mw, aluthwatta, wattalpola, panadura",C-0238,prasantha62@yahoo.com,Valid till 31st December 2027,image/tourist_guides/U050050000001647476291.jpg,11
SUPURNA HETTIARACHCHI,Chauffeur,English,0777347822,"No:210/c/1, adikarimulla west, dunagaha",C-0258,supurna.hetti@hotmail.com,Valid till 31st December 2027,image/tourist_guides/U050050000001575475963.jpg,11
S.A. NIHAL PALITHA PERERA,Chauffeur,English,0773292420,"No:11e, 2nd lane, court road, weligampitiya, ja-ela",C-0254,palithaperera59@gmail.com,Valid till 31st December 2027,image/tourist_guides/U050050000001584475941.jpg,11
Search for a Tour Guide,,All Languages Arabic Chinese Dutch English French German Greek Hebrew Hindi Hungarian Italian Japanese Korean Mandarian Russian Spanish Swedish Tamil Thai Urdu Search,,,,,,http://www.srilanka.travel/images/theames-new/covidimg.png,11
Tour Guides,,,,,,,,http://www.srilanka.travel/images/theames-new/covidimg.png,11
KINGSLEY HETTIARACHCHI,Chauffeur,"English Tel 0777439991 Address No:851/33, ketege watta, ragama Registration No C-0293 Email saliyaperera2020@gmail.com Validity status of licence: Valid till 31st December 2027",0715725661,"No:362/c, jinasena mw, mahara, kadawatha",C-0266,kingsleyh44@gmail.com,Valid till 31st December 2027,image/tourist_guides/U050050000003346473305.jpg,12
S.A.S. LAXMAN PERERA,Chauffeur,English,0777439991,"No:851/33, ketege watta, ragama",C-0293,saliyaperera2020@gmail.com,Valid till 31st December 2027,image/tourist_guides/U050050000001498475925.jpg,12
L.W. NEIL PRASANNA,Site,,0775973714,"No:07, missaka mawatha, mihintale",S-0063,neelprasanna2015@gmail.com,Valid till 31st December 2027,http://srilanka.travel//image/cache/no_profile_image-235x145.jpg,12
T.W.A. NANDANA WEERASIRI,Site,"English Tel 0714309716 Address No:42/3, wennawatta, wellampitiya Registration No N-0527 Email roycuttilan@gmail.com Validity status of licence: Valid till 31st December 2027",0711891748,"Nawam mw, ambathalagama, mihintale",S-0061,nandanatwa@gmail.com,Valid till 31st December 2027,http://srilanka.travel//image/cache/no_profile_image-235x145.jpg,12
T. RADEN CUTTILAN,National,English,0714309716,"No:42/3, wennawatta, wellampitiya",N-0527,roycuttilan@gmail.com,Valid till 31st December 2027,image/tourist_guides/U050050000000411127550.jpg,12
M.D.N.DEEPAL EDIRISINGHE,National,English,0716898871,"No:177/a/5, lokapila rd, weedagama, bandaragama",N-0550,nadeekaed@hotmail.com,Valid till 31st December 2027,http://srilanka.travel//image/cache/no_profile_image-235x145.jpg,12
SUNIL GEEGANARACHCHI,National,German,0777581343,"No:301/3, galle road, thalpitiya south, wadduwa",N-0546,ceylonsuny@gmail.com,Valid till 31st December 2027,image/tourist_guides/U050050000000421132307.jpg,12
D.G.C. LALITH SIRIWARDENA,National,"Chinese, Spanish",0724427078,"No:8/d-164, jayawadanagama, battaramulla",N-0534,Lalithgamage@gmail.com,Valid till 31st December 2027,image/tourist_guides/U050050000000341126347.jpg,12
Search for a Tour Guide,,All Languages Arabic Chinese Dutch English French German Greek Hebrew Hindi Hungarian Italian Japanese Korean Mandarian Russian Spanish Swedish Tamil Thai Urdu Search,,,,,,http://www.srilanka.travel/images/theames-new/covidimg.png,12
Tour Guides,,,,,,,,http://www.srilanka.travel/images/theames-new/covidimg.png,12
D.M.G.R. IRANGANIE SILVA,National,Korean,0772415864,"No:155/b, temple road, maharagama",N-0533,miuladsilva@yahoo.com,Valid till 31st December 2027,image/tourist_guides/U050050000000355127523.jpg,13
B.A. NIROSHA MENDIS,National,"French, German, Spanish",0773665056,"No:10, govt. housing scheme, indibedda, moratuwa",N-0541,niroshem@gmail.com,Valid till 31st December 2027,http://srilanka.travel//image/cache/no_profile_image-235x145.jpg,13
PATHIRANNEHELAGE CHANDRAPALA,National,Italian,0778669763,"No:7b/34l, national housing scheme, raddolugama",N-0528,chandra195725@gmail.com,Valid till 31st December 2027,http://srilanka.travel//image/cache/no_profile_image-235x145.jpg,13
S. DHARMA SRIDARAN,National,French,0773076679,"No:1/3-d-71, ekamuthupura, mattakkuliya, colombo-15",N-0531,sdaran469@gmail.com,Valid till 31st December 2027,image/tourist_guides/U050050000000390133072.jpg,13
R.A.D. KEERTHI WIJEYA RANASINGHE,National,"English, French",0776506771,"No:33/1, court road, homagama",N-0535,keerthi1959510@gmail.com,Valid till 31st December 2027,image/tourist_guides/U050050000000322134126.jpg,13
DUNAGAHA PATHIRANNAHELAGE UPASENA,National,"German Tel 0777605809 Address No:20/1/a, udupila, delgoda Registration No N-0560 Email egupali@hotmail.com Validity status of licence: Valid till 31st December 2027",774745060,"403/2b,makola south,makola",N-0540,upa.bomietours@gmail.com,Valid till 31st December 2026,http://srilanka.travel//image/cache/no_profile_image-235x145.jpg,13
E. GAMARALALAGE UPALI,National,German,0777605809,"No:20/1/a, udupila, delgoda",N-0560,egupali@hotmail.com,Valid till 31st December 2027,image/tourist_guides/U050050000000366127524.jpg,13
I.U. KUMARA MATHARA LIYANAGE,National,English,0719067596,"No:1/b, purana rd, wattegedara rd, mahragama",N-0553,indikaliyal@yahoo.com,Valid till 31st December 2027,image/tourist_guides/U050050000000388126349.jpg,13
Search for a Tour Guide,,All Languages Arabic Chinese Dutch English French German Greek Hebrew Hindi Hungarian Italian Japanese Korean Mandarian Russian Spanish Swedish Tamil Thai Urdu Search,,,,,,http://www.srilanka.travel/images/theames-new/covidimg.png,13
Tour Guides,,,,,,,,http://www.srilanka.travel/images/theames-new/covidimg.png,13
R. JUDE LAL WIRATUNGA,National,English,0777345950,"No:27/26a, huludagoda rd, templer's rd, mount lavinia",N-0542,lalwiratunga@yahoo.com,Valid till 31st December 2027,image/tourist_guides/U050050000000439132306.jpg,14
P.D. KUDAVIDANAGE,National,Japanese,0712768616,"No:140/2, major ranjith fernando mw, koralawella, moratuwa",N-0526,paninidk1222@gmail.com,Valid till 31st December 2027,image/tourist_guides/U050050000000419134101.jpg,14
W.M. WIJEYA WEERASINGHE,National,German,0777111664,"No:48/1e, hospital road, wewatenna, bandarawela",N-0545,wijeyaweerasinghe@gmail.com,Valid till 31st December 2027,http://srilanka.travel//image/cache/no_profile_image-235x145.jpg,14
W.M. CHANDANA GUNARATNA,National,English,0777342025,"No:134, zonw 01, millennium city, oruwala, athurugiriya",N-0566,chanforus@yahoo.com,Valid till 31st December 2027,image/tourist_guides/U050050000000354127257.jpg,14
W.M. RUWAN PRADEEP JAYASEKERA,National,English,0777324699,"Millenium city, no:767, tulip residencies, zone 03, athurugiriya",N-0544,ruwanj7@hotmail.com,Valid till 31st December 2027,image/tourist_guides/U050050000000427127282.jpg,14
M.H. MOHAMED SHAFEEL,National,Spanish,0777730064,"No:43/6, pallidora road, dehiwala",N-0547,shafeel@outlook.com,Valid till 31st December 2027,image/tourist_guides/U050050000000417133007.jpg,14
G.R. BENNILDUS MOTHA,National,English,0777346972,"No:27, 'praise villey', girton school road, nugegoda",N-0552,melody_motha@yahoo.com,Valid till 31st December 2027,http://srilanka.travel//image/cache/no_profile_image-235x145.jpg,14
J. DUDLEY FERNANDO,National,English,0777724146,"No:102/11/b, jayasuriya mw, kalaeliya rd, ja-ela",N-0548,dudleyjdf@gmail.com,Valid till 31st December 2027,image/tourist_guides/U050050000000409129931.jpg,14
Search for a Tour Guide,,All Languages Arabic Chinese Dutch English French German Greek Hebrew Hindi Hungarian Italian Japanese Korean Mandarian Russian Spanish Swedish Tamil Thai Urdu Search,,,,,,http://www.srilanka.travel/images/theames-new/covidimg.png,14
Tour Guides,,,,,,,,http://www.srilanka.travel/images/theames-new/covidimg.png,14
MOHAMED JAMALDEEN MOHAMED ILHAM,National,"English Tel 0762101446 Address No:109, base line road, amandoluwa, seeduwa Registration No N-0568 Email antongamini3@gmail.com Validity status of licence: Valid till 31st December 2027",0777998618,"No:87/1/1, temple avenue, colombo-10",N-0551,mjmilham@gmail.com,Valid till 31st December 2027,http://srilanka.travel//image/cache/no_profile_image-235x145.jpg,15
G.P.D. ANTHONY GAMINI,National,English,0762101446,"No:109, base line road, amandoluwa, seeduwa",N-0568,antongamini3@gmail.com,Valid till 31st December 2027,image/tourist_guides/U050050000000350133066.jpg,15
P.R. FERNANDO,National,English,0776087745,"No:8/a, duwana road, kochchikade",N-0577,roshanfernando82@hotmail.com,Valid till 31st December 2027,image/tourist_guides/U050050000002662134122.jpg,15
A. SANDARUWAN HETTIARACHCHI,National,English,0777821203,"No:19/4g, dutugemunu mw, thalangama north",N-0705,gemstonesmithetti@yahoo.com,Valid till 31st December 2027,http://srilanka.travel//image/cache/no_profile_image-235x145.jpg,15
D.G.HEMANTHA KUMARA,National,"German Tel 0776248020 Address No:d/3/1, elvitigala flats, colombo 8 Registration No N-0628 Email palithathilakarathne@gmail.com Validity status of licence: Valid till 31st December 2027",0767643484,"No:39/d, kumbukgaha pokuna road, udahamulla",N-0615,docdochem@gmail.com,Valid till 31st December 2027,http://srilanka.travel//image/cache/no_profile_image-235x145.jpg,15
K.P. SILVA TILAKARATHNA,National,German,0776248020,"No:d/3/1, elvitigala flats, colombo 8",N-0628,palithathilakarathne@gmail.com,Valid till 31st December 2027,http://srilanka.travel//image/cache/no_profile_image-235x145.jpg,15
MOHAMED FASY MOHAMED FAILAN,Chauffeur,English,0760773020,"No:33, ramya road, bambalapitiya",C-0339,ferozfailan@gmail.com,Valid till 31st December 2027,image/tourist_guides/U050050000002728475875.jpg,15
SISIRA MITRARATNE,Chauffeur,,0771436423,"No:6/2,  damminagaha watta, morenda, kesbewa",C-0341,smitraratne@gmail.com,Valid till 31st December 2026,image/tourist_guides/U050050000003259473333.jpg,15
Search for a Tour Guide,,All Languages Arabic Chinese Dutch English French German Greek Hebrew Hindi Hungarian Italian Japanese Korean Mandarian Russian Spanish Swedish Tamil Thai Urdu Search,,,,,,http://www.srilanka.travel/images/theames-new/covidimg.png,15
Tour Guides,,,,,,,,http://www.srilanka.travel/images/theames-new/covidimg.png,15
S.M. SIRIPALA BANDARA,National,,0772552543,"Kudagammana, giriulla",N-0643,smsiripalabandara@gmail.com,Valid till 31st December 2027,http://srilanka.travel//image/cache/no_profile_image-235x145.jpg,16
M.K. SISIRA MEEGODA,Chauffeur,"English Tel 0775064817 Address 1619, bendiwewa, jayanthipura, polonnaruwa Registration No A-0077 Email premasiriherath123@gmail.com Validity status of licence: Valid till 31st December 2027",0712772719,"No:72/b, cemetery road, thalapathpitiya, nugegoda",C-0363,sisirameegoda@gmail.com,Valid till 31st December 2027,image/tourist_guides/U050050000003514476265.jpg,16
H.M.PREMASIRI,Area,English,0775064817,"1619, bendiwewa, jayanthipura, polonnaruwa",A-0077,premasiriherath123@gmail.com,Valid till 31st December 2027,http://srilanka.travel//image/cache/no_profile_image-235x145.jpg,16
P.J.S.B. DEWAPURA,Chauffeur,"German Tel 0778789258 Address No:01, walpola road, andiambalama Registration No N-0649 Email petrarambukwelle@gmail.com Validity status of licence: Valid till 31st December 2027",0777546230,"No:391/55, walawwatta, ganemulla",C-0372,pundika@yahoo.com,Valid till 31st December 2027,image/tourist_guides/U050050000003315475737.jpg,16
L.D. UPUL KITHSIRI,National,German,0778789258,"No:01, walpola road, andiambalama",N-0649,petrarambukwelle@gmail.com,Valid till 31st December 2027,http://srilanka.travel//image/cache/no_profile_image-235x145.jpg,16
ADIKARY APPUHAMILAGE HENRY,National,English,0706688883,"No:403/5, gammana road, arawwala, pannipitiya",N-0647,henryadikari1@gmail.com,Valid till 31st December 2027,http://srilanka.travel//image/cache/no_profile_image-235x145.jpg,16
R.P. ASHOKA SENARATNE BALASURIYA,National,"English Tel 0777182830 Address No:256/b, jasmin gardens, peradeniya Registration No N-0658 Email keplawilson@gmail.com Validity status of licence: Valid till 31st December 2027",0714774120,"No:119/6, ihala imbulgoda, imbulgoda",N-0656,rajeen.balasuriya11@gmail.com,Valid till 31st December 2027,http://srilanka.travel//image/cache/no_profile_image-235x145.jpg,16
KEHELPANNALA GEDERA WILSON,National,English,0777182830,"No:256/b, jasmin gardens, peradeniya",N-0658,keplawilson@gmail.com,Valid till 31st December 2027,http://srilanka.travel//image/cache/no_profile_image-235x145.jpg,16
Search for a Tour Guide,,All Languages Arabic Chinese Dutch English French German Greek Hebrew Hindi Hungarian Italian Japanese Korean Mandarian Russian Spanish Swedish Tamil Thai Urdu Search,,,,,,http://www.srilanka.travel/images/theames-new/covidimg.png,16
Tour Guides,,,,,,,,http://www.srilanka.travel/images/theames-new/covidimg.png,16
D.M.A. MAHINDA DISSANAYAKE,National,"French Tel 0716088468 Address ""methsiri"", kapugama, devinuwara Registration No N-0679 Email Khnduminda@gmail.com Validity status of licence: Valid till 31st December 2027",0777703693,"No:297a, wilegoda, kalutara-north",N-0692,srimahind@gmail.com,Valid till 31st December 2027,http://srilanka.travel//image/cache/no_profile_image-235x145.jpg,17
K.H. NALIN DUMINDA,National,French,0716088468,"""methsiri"", kapugama, devinuwara",N-0679,Khnduminda@gmail.com,Valid till 31st December 2027,image/tourist_guides/U050050000000561132315.jpg,17
LIYANAGE MAHINDARATNE,National,French,0755231954,"No:217/4, meegahawatte, delgoda",N-0673,mahindakusum@gmail.com,Valid till 31st December 2027,image/tourist_guides/U050050000000587473277.jpg,17
D.D MANJULA FERNANDO,National,English,0776237816,"No. 278, wanawasala, kelaniya",N-0685,srilankamistica@gmail.com,Valid till 31st December 2027,http://srilanka.travel//image/cache/no_profile_image-235x145.jpg,17
H.D. KAPILA RATHNASEKERA,National,English,0774219623,"No:413/b, kahagalla, bentota",N-0686,Kapilarathnasekara413@gmail.com,Valid till 31st December 2027,http://srilanka.travel//image/cache/no_profile_image-235x145.jpg,17
C.PRIYANTHA LENORA,National,"French, German",0775041485,"No:356, galle road, angagoda, bentota",N-0682,ch.lenora@gmail.com,Valid till 31st December 2027,http://srilanka.travel//image/cache/no_profile_image-235x145.jpg,17
H. IRANTHA WELARATNE,National,German,0779201865,"No:252/1, pinlida road, suwarapola, piliyandala",N-0684,hasithwelaratne@gmail.com,Valid till 31st December 2027,http://srilanka.travel//image/cache/no_profile_image-235x145.jpg,17
K. MAHADEVA CANAGASABY,National,French,0777851384,"Nickawela, palapathwela, matale",N-0688,mahadevalk49@gmail.com,Valid till 31st December 2027,http://srilanka.travel//image/cache/no_profile_image-235x145.jpg,17
Search for a Tour Guide,,All Languages Arabic Chinese Dutch English French German Greek Hebrew Hindi Hungarian Italian Japanese Korean Mandarian Russian Spanish Swedish Tamil Thai Urdu Search,,,,,,http://www.srilanka.travel/images/theames-new/covidimg.png,17
Tour Guides,,,,,,,,http://www.srilanka.travel/images/theames-new/covidimg.png,17
R. CHULLA GAMINI DE ZOYSA,National,German,0779504804,"No:67, galle road, akurala, kahawa",N-0698,gaminizoysa98@gmail.com,Valid till 31st December 2027,http://srilanka.travel//image/cache/no_profile_image-235x145.jpg,18
K.E. SUNETH JAYASINGHE,National,"English, Japanese",0718732884,"No:17/(17/1), wijerama lane, navinna, maharagama",N-0701,tourguidespecial@gmail.com,Valid till 31st December 2027,http://srilanka.travel//image/cache/no_profile_image-235x145.jpg,18
E.M. MUTHU BANDA EKANAYAKE,National,French,0773062932,"No:60/d/1, delgahawatta road, kondurawa, polgasowita",N-0697,muthueka194801@gmail.com,Valid till 31st December 2027,image/tourist_guides/U050050000000482126320.jpg,18
W.R. WAIDYASEKERA WEERASINGHE,National,English,0777449013,"""sagara"", ginimellagaha west, goonapeenuwela",N-0702,ranjanweerasinghe7@gmail.com,Valid till 31st December 2027,http://srilanka.travel//image/cache/no_profile_image-235x145.jpg,18
M. SHIROMI WIRATUNGA,National,English,0777676714,"No:27/26a, huludagoda rd, templer's rd, mount lavinia",N-0704,shiromiwiratunga28@gmail.com,Valid till 31st December 2027,http://srilanka.travel//image/cache/no_profile_image-235x145.jpg,18
ERNEST  SMITH  SAMUEL,National,English,0772272934,"No:25/32/1, maradanawatta, hendala, wattala",N-0703,ernestsamuel1@gmail.com,Valid till 31st December 2027,image/tourist_guides/U050050000000470127496.jpg,18
R.T.SIRISOMA,National,English,0779176370,"N0:1, 6th lane, vidharshana mawatha, galawilawatta, homagama",N-0429,ranamathantri@gmail.com,Valid till 31st December 2027,image/tourist_guides/U050050000000533127511.jpg,18
MERENNA KARUNANANDA JAYARATNA,Area,English,0776041916,"No.66, galle road, akurala, kahawa",A-0155,karu_6666@yahoo.com,Valid till 31st December 2027,http://srilanka.travel//image/cache/no_profile_image-235x145.jpg,18
Search for a Tour Guide,,All Languages Arabic Chinese Dutch English French German Greek Hebrew Hindi Hungarian Italian Japanese Korean Mandarian Russian Spanish Swedish Tamil Thai Urdu Search,,,,,,http://www.srilanka.travel/images/theames-new/covidimg.png,18
Tour Guides,,,,,,,,http://www.srilanka.travel/images/theames-new/covidimg.png,18
A. EARNEST  DEMETRIUS SILVA,National,German,0777326891,"No:3/104, 1st lane, gemunupura, kothalawala, kaduwela",N-0653,sdemetrius87@gmail.com,Valid till 31st December 2027,http://srilanka.travel//image/cache/no_profile_image-235x145.jpg,19
FELIX ROHITHA SAMARAWEERA,Chauffeur,"English Tel 0777821690 Address No: 25/3, dewala road, kaluwamodara, aluthgama Registration No A-0263 Email patteguide@gmail.com Validity status of licence: Valid till 31st December 2027",0777040579,"No:68/2/b, dewala road, makola",C-0495,felixreisen23@gmail.com,Valid till 31st December 2027,image/tourist_guides/U050050000003357476235.jpg,19
K. PRADEEP KUMARA,Area,English,0777821690,"No: 25/3, dewala road, kaluwamodara, aluthgama",A-0263,patteguide@gmail.com,Valid till 31st December 2027,http://srilanka.travel//image/cache/no_profile_image-235x145.jpg,19
O.W. RANASINGHE BANDARA,Area,English,0710632174,"Ehalagala, sigiriya",A-0238,bandararanasinghe64@gmail.com,Valid till 31st December 2027,http://srilanka.travel//image/cache/no_profile_image-235x145.jpg,19
SENERIYA RANASINGHE SUMAL SANJEEWA,Area,English,0777468391,"No. 237/b, maradana road,,moragalla,,beruwala",A-1141,sumalgem@gmail.com,Valid till 31st December 2027,http://srilanka.travel//image/cache/no_profile_image-235x145.jpg,19
H.R. SENARATH HETTIARACHCHI,Chauffeur,English,0755179078,"No:621, galwala crosd, royal heritage, pothanegama, anuradhapura",C-0565,raveendrasenarath@gmail.com,Valid till 31st December 2027,image/tourist_guides/U050050000001260475188.jpg,19
A.V. CHITHRANANDA ABEYGUNASEKERA,Chauffeur,English,0773561895,"No:175/b, kommala, bentota",C-0580,abeyavc@gmail.com,Valid till 31st December 2027,image/tourist_guides/U050050000001221475971.jpeg,19
T.M.M.B TENNAKOON,National,,0710943843,"No:111/d/9, kahantota rd, fantasy grove, malabe",N-0794,budeeguide@gmail.com,Valid till 31st December 2027,http://srilanka.travel//image/cache/no_profile_image-235x145.jpg,19
Search for a Tour Guide,,All Languages Arabic Chinese Dutch English French German Greek Hebrew Hindi Hungarian Italian Japanese Korean Mandarian Russian Spanish Swedish Tamil Thai Urdu Search,,,,,,http://www.srilanka.travel/images/theames-new/covidimg.png,19
Tour Guides,,,,,,,,http://www.srilanka.travel/images/theames-new/covidimg.png,19
ANURA BULATHSINHALA,Chauffeur,English,0777964512,"No:838, ethul kotte, kotte",C-0650,vbulathsinhala@gmail.com,Valid till 31st December 2027,image/tourist_guides/U050050000001261475555.jpg,20
B.G.R. MAHAL MENDIS,Chauffeur,English,0777689131,"No:20, galle road, egodauyana, moratuwa",C-0638,ruwanmendis@gmail.com,Valid till 31st December 2027,image/tourist_guides/U050050000001285474535.jpg,20
J. DASHANA GUNAWARDHANA,Chauffeur,English,0775323445,"No:07, perera mawatha, kohuwala",C-0667,dashana.lanka@gmail.com,Valid till 31st December 2026,image/tourist_guides/U050050000001214475539.jpg,20
W.P.M. ERICK PERERA,Area,English,0779771506,"No. 163/4, st. sebastian road, katukurunda kalutara",A-0413,erickperera413@gmail.com,Valid till 31st December 2027,http://srilanka.travel//image/cache/no_profile_image-235x145.jpg,20
MAHA UDUWAGE JANAKA PERERA,National,German,0778197463,"No:01, girimananda mw, molligoda, wadduwa",N-0785,janakaperera463@gmail.com,Valid till 31st December 2027,http://srilanka.travel//image/cache/no_profile_image-235x145.jpg,20
S.D.RANJITH DUDLEY SIYAMBALAPITIYA,Chauffeur,"English Tel 0779692084 Address No 181, st. sebastian road, katukurunda, kalutara. Registration No A-0379 Email nimalstanley58@gmail.com Validity status of licence: Valid till 31st December 2027",0714414137,"No.35/1, 'rikshani', kaluwelgoda, makewita, ja-ela",C-0644,ranjithsiyambalapitiya21@gmail.com,Valid till 31st December 2027,image/tourist_guides/U050050000003267473300.jpg,20
G.L.NIMAL STANLEY SILVA,Area,English,0779692084,"No 181, st. sebastian road, katukurunda, kalutara.",A-0379,nimalstanley58@gmail.com,Valid till 31st December 2027,image/tourist_guides/U050050000001848128265.jpg,20
M.M. SUNIMAL FERNANDO,Area,English,0779625712,"No. 10/58, st. sebastian road, katukurunda kalutara",A-0383,sunimalfernando2020@gmail.com,Valid till 31st December 2027,http://srilanka.travel//image/cache/no_profile_image-235x145.jpg,20
Search for a Tour Guide,,All Languages Arabic Chinese Dutch English French German Greek Hebrew Hindi Hungarian Italian Japanese Korean Mandarian Russian Spanish Swedish Tamil Thai Urdu Search,,,,,,http://www.srilanka.travel/images/theames-new/covidimg.png,20
Tour Guides,,,,,,,,http://www.srilanka.travel/images/theames-new/covidimg.png,20
M.C. IRANIYAS PERERA,Area,English,0777602368,"No. 151, st. sebastian road, katukurunda kalutara",A-0400,cyrilperera1967@gmail.com,Valid till 31st December 2027,http://srilanka.travel//image/cache/no_profile_image-235x145.jpg,21
K. UYANWATTAGA ANTONY,Chauffeur,English,0716004845,"No:411/b, mahawatta, pamunugama",C-0662,ranjith40@yahoo.com,Valid till 31st December 2027,http://srilanka.travel//image/cache/no_profile_image-235x145.jpg,21
L.P.ROSHAN PERERA,Area,English,0776300241,"181/1,st. sebastian rd. katukurunda kalutara",A-0377,prageethroshan2020@gmail.com,Valid till 31st December 2027,http://srilanka.travel//image/cache/no_profile_image-235x145.jpg,21
Y.A.D.S. FRANCIS BASNAYAKE,Chauffeur,"English Tel 0775042037 Address No:81/5, isuru plase, makandana, madapatha Registration No C-0684 Email neildesilva73@gmail.com Validity status of licence: Valid till 31st December 2027",0777514719,"No:253/3,""shanthi"", st. francis lane, dalugama, kelaniya",C-0671,susil_francis@yahoo.com,Valid till 31st December 2027,image/tourist_guides/U050050000001211474643.jpg,21
R.K.NEIL DE SILVA,Chauffeur,English,0775042037,"No:81/5, isuru plase, makandana, madapatha",C-0684,neildesilva73@gmail.com,Valid till 31st December 2027,image/tourist_guides/U050050000001185475919.jpg,21
B.M.A. PREMA JAYANTHA,Area,English,0775868768,"Egodahawatta, waulagoda, hikkaduwa",A-0437,bmapremajayantha@gmail.com,Valid till 31st December 2027,image/tourist_guides/U050050000001946135762.jpg,21
M. DELINGSTON DE MERAAL,Chauffeur,English,0777482975,"417/45, subasadaka mawatha, kandawala, katana",C-0676,shamelstours@yahoo.com,Valid till 31st December 2027,image/tourist_guides/U050050000002652476547.jpg,21
S.K.R.DE SILVA,Area,English,0777439328,"208,gammadda road,kaluwamodara",A-0551,rohithasilva50@gmail.com,Valid till 31st December 2027,image/tourist_guides/U050050000003822135756.jpg,21
Search for a Tour Guide,,All Languages Arabic Chinese Dutch English French German Greek Hebrew Hindi Hungarian Italian Japanese Korean Mandarian Russian Spanish Swedish Tamil Thai Urdu Search,,,,,,http://www.srilanka.travel/images/theames-new/covidimg.png,21
Tour Guides,,,,,,,,http://www.srilanka.travel/images/theames-new/covidimg.png,21
W. GAMINI LAL SILVA,Area,English,0777108529,"No. 222, maha waskaduwa, waskaduwa",A-0435,wglalsilva2022@gmail.com,Valid till 31st December 2027,http://srilanka.travel//image/cache/no_profile_image-235x145.jpg,22
M.PATHMASIRI DE SILVA,Area,English,0777037124,"67,middaramulla ahungalla",A-0585,pathmasiriahungalla@gmail.com,Valid till 31st December 2027,http://srilanka.travel//image/cache/no_profile_image-235x145.jpg,22
P.R.T.ABEGUNAWARDENA DE SILVA,Area,English,0777186656,"154/a,kandevihara rd. kaluwamodara aluthgama",A-0554,ravitours7@gmail.com,Valid till 31st December 2027,http://srilanka.travel//image/cache/no_profile_image-235x145.jpg,22
W.S.C.KUMARA DE SILVA,Area,English,0777169261,"296,sramadana mw. kaluwamodara aluthgama",A-0566,chaminda.wedikkara@gmail.com,Valid till 31st December 2027,http://srilanka.travel//image/cache/no_profile_image-235x145.jpg,22
E.L.CHANDRASIRI SILVA,Area,English,0776024379,"233/6,mullapitiya rd.kaluwamodara aluthgama",A-0561,lalith.chandrasiri258@gmail.com,Valid till 31st December 2027,http://srilanka.travel//image/cache/no_profile_image-235x145.jpg,22
P.L.SURESHANA SILVA,Area,English,0777883843,"""sirimedura"" kaluwamodara aluthgama",A-0559,lakithsureshana@yahoo.com,Valid till 31st December 2027,http://srilanka.travel//image/cache/no_profile_image-235x145.jpg,22
JAMUNI NADEEP KUMARA SILVA,Area,English,0773546450,"326/2,sri seelananda road kaluwamodara aluthgama",A-0577,nadeepjamuni@gmail.com,Valid till 31st December 2027,http://srilanka.travel//image/cache/no_profile_image-235x145.jpg,22
H.S.SHANTHA DE SILVA,Area,English,,Waturegama ahungalla,A-0593,snilshanthada@gmail.com,Valid till 31st December 2027,http://srilanka.travel//image/cache/no_profile_image-235x145.jpg,22
Search for a Tour Guide,,All Languages Arabic Chinese Dutch English French German Greek Hebrew Hindi Hungarian Italian Japanese Korean Mandarian Russian Spanish Swedish Tamil Thai Urdu Search,,,,,,http://www.srilanka.travel/images/theames-new/covidimg.png,22
Tour Guides,,,,,,,,http://www.srilanka.travel/images/theames-new/covidimg.png,22
D.D.ANANDA DE SILVA,Area,English,0776920730,Totawatta rd . ahungalla,A-0587,bertyssr9@gmail.com,Valid till 31st December 2027,image/tourist_guides/U050050000001874132495.jpg,23
D.PRASANTHA DE SILVA,Area,English,0776194013,Rajapakse mw. ahungalla,A-0596,desilvaprasantha@yahoo.com,Valid till 31st December 2027,http://srilanka.travel//image/cache/no_profile_image-235x145.jpg,23
K.A. JAGATH SAJEEWA,National,German,0773047559,"No:3/6/f, rukattanagahawatta mw, himbutana, angoda",N-0756,sajeewakalamba@gmail.com,Valid till 31st December 2027,http://srilanka.travel//image/cache/no_profile_image-235x145.jpg,23
M.H. SHELTON FERNANDO,Area,English,0772735796,"163/14, st. sebastian road, katukurunda, kaluthara",A-0629,sheltonfernando2023@gmail.com,Valid till 31st December 2027,http://srilanka.travel//image/cache/no_profile_image-235x145.jpg,23
U. MICHAEL PERERA,Chauffeur,English,0779145791,"No:03, villas zone kalap, 02 milleniyam city, kotugoda",C-0464,micpree4946@gmail.com,Valid till 31st December 2026,http://srilanka.travel//image/cache/no_profile_image-235x145.jpg,23
P.H.R.P. ATHULA BANDARA PALPAGAMA,National,German,0776195624,"No:505, ranwala, kegalle",N-0803,athulamax24@gmail.com,Valid till 31st December 2027,http://srilanka.travel//image/cache/no_profile_image-235x145.jpg,23
M. MANSOOR CASSEER,National,French,0773054838,"No:1038/b/3, range road, hunupitiya, wattala",N-0885,atoznaturewithsam@gmail.com,Valid till 31st December 2027,image/tourist_guides/U050050000000638126370.jpg,23
S.A. PUSHPADEVA ANDARAWEERA,National,German,0777402311,"No:95, pitipana-north, homagama",N-0828,janiths1989@gmail.com,Valid till 31st December 2027,image/tourist_guides/U050050000001192126382.jpg,23
Search for a Tour Guide,,All Languages Arabic Chinese Dutch English French German Greek Hebrew Hindi Hungarian Italian Japanese Korean Mandarian Russian Spanish Swedish Tamil Thai Urdu Search,,,,,,http://www.srilanka.travel/images/theames-new/covidimg.png,23
Tour Guides,,,,,,,,http://www.srilanka.travel/images/theames-new/covidimg.png,23
D.M.T.B. DASANAYAKA,National,Swedish,081-247840,"No:06, r.c. pusellawa",N-0943,tikiridasanayaka123@gmail.com,Valid till 31st December 2027,http://srilanka.travel//image/cache/no_profile_image-235x145.jpg,24
E.V.I. SUDARMAN VITHANAGE,National,French,0777900838,"No:591/2, 1st lane, suriyamal mw, thalangama-north, muttetugala mw, battaramulla",N-0835,indika.vithanage@gmail.com,Valid till 31st December 2027,http://srilanka.travel//image/cache/no_profile_image-235x145.jpg,24
K.P.E.DALPATADU,National,"English Tel 0777365264 Address No:12, batadombagahawatte, maharagama Registration No N-0379 Email lalit@ygm.com Validity status of licence: Valid till 31st December 2027",0771786986,"No:49, john keels housing sceheme, pinwatha, panadura",N-0125,eksath.de@gmail.com,Valid till 31st December 2027,image/tourist_guides/U050050000003356127520.jpg,24
B.L. ARYATILAKE,National,English,0777365264,"No:12, batadombagahawatte, maharagama",N-0379,lalit@ygm.com,Valid till 31st December 2027,image/tourist_guides/U050050000000369137009.jpg,24
K.N.S. GUNASINGHE,National,Japanese,0777700390,"No:58, carmel road, colombo-03",N-0898,nalinsg5@gmail.com,Valid till 31st December 2027,http://srilanka.travel//image/cache/no_profile_image-235x145.jpg,24
C. KULASIRI WEERASINGHE,National,Italian,0772204492,"No:103/3, maguruwila road, gonawala",N-0918,madhaviweerasinghe275@gmail.com,Valid till 31st December 2027,http://srilanka.travel//image/cache/no_profile_image-235x145.jpg,24
M.N.M. MOHAMED NIYAS,National,French,0776125354,"No:51, seevali lane, borella, colombo-08",N-0816,niyasmnm8@gmail.com,Valid till 31st December 2027,image/tourist_guides/U050050000001242132349.jpg,24
Y.M. WEERASINGHA DAHANAYAKA,National,Japanese,0777733680,"No:6/6, horagolla rd, aluthgama, bogamuwa, yakkala",N-0874,maheedahanayaka@hotmail.com,Valid till 31st December 2027,image/tourist_guides/U050050000000967126381.jpg,24
Search for a Tour Guide,,All Languages Arabic Chinese Dutch English French German Greek Hebrew Hindi Hungarian Italian Japanese Korean Mandarian Russian Spanish Swedish Tamil Thai Urdu Search,,,,,,http://www.srilanka.travel/images/theames-new/covidimg.png,24
Tour Guides,,,,,,,,http://www.srilanka.travel/images/theames-new/covidimg.png,24
T.S. SILVA WEERAWARDANA,Chauffeur,English,0777615497,"No: 83/26, kalalgoda , pannipitiya",C-0529,weeretds@yahoo.com,Valid till 31st December 2027,image/tourist_guides/U050050000001366475719.jpg,25
W. KINGSLEY PERERA,National,Italian,0773730964,"No:48/1c, borella road, pannipitiya",N-0847,kingperera3@gmail.com,Valid till 31st December 2027,image/tourist_guides/U050050000001028127985.jpg,25
J. MANOJ NANAYAKKARA,National,English,0777667987,"No:23/60, 3rd lane, katuwawala mw, boralasgamuwa",N-0811,judenanayakkara17@gmail.com,Valid till 31st December 2027,image/tourist_guides/U050050000001254473733.jpeg,25
K.A. NEWTON PERERA,National,Japanese,0778213324,"No:32, 4th lane, seeduwa village, seeduwa",N-0830,indunewtonperera@gmail.com,Valid till 31st December 2027,image/tourist_guides/U050050000001190127970.jpg,25
D.S.P. ROHAN PUSHPA KUMARA,National,Russian,"0718742733 Address Keppitiwalana, alawwa Registration No N-0808 Email rohanabodinarayana@gmail.com Validity status of licence: Valid till 31st December 2027","No. 1/1, katuwalamulla , ganemulla",N-0810,rohanapathirana148@gmail.com,Valid till 31st December 2027,image/tourist_guides/U050050000001258127497.jpg,25
B.A. ROHAN KUMARA,National,English,0718742733,"Keppitiwalana, alawwa",N-0808,rohanabodinarayana@gmail.com,Valid till 31st December 2027,http://srilanka.travel//image/cache/no_profile_image-235x145.jpg,25
W.T.K. DE ZOYSA GUNASEKARA,National,English,0771560949,"Willaniko, polwaththa, duwemodara, kosgoda",N-0912,thamarakumara@gmail.com,Valid till 31st December 2026,http://srilanka.travel//image/cache/no_profile_image-235x145.jpg,25
J. JAGATH JAYAWICKRAMA,National,Russian,0768883304,"No:114, keppitigala road, mallawapitiya, kurunegala",N-0913,jagyjagath@yahoo.com,Valid till 31st December 2027,http://srilanka.travel//image/cache/no_profile_image-235x145.jpg,25
Search for a Tour Guide,,All Languages Arabic Chinese Dutch English French German Greek Hebrew Hindi Hungarian Italian Japanese Korean Mandarian Russian Spanish Swedish Tamil Thai Urdu Search,,,,,,http://www.srilanka.travel/images/theames-new/covidimg.png,25
Tour Guides,,,,,,,,http://www.srilanka.travel/images/theames-new/covidimg.png,25
S.A.R. HESHAN RUKMAL PERERA,National,Chinese,0773077498,"No:15/b, wattegedara, minuwangoda",N-0819,rexlexus@live.com,Valid till 31st December 2027,image/tourist_guides/U050050000001228128093.jpg,26
D. MATHES HEWA DAYASIRI,National,Japanese,0776029822,"No:397, mahakotuwa, warakawa, nawalapitiya",N-0834,matheshewage321@gmail.com,Valid till 31st December 2027,image/tourist_guides/U050050000001173132350.jpg,26
H.A.N. KRISHNA KUMARA,National,Russian,0714857851,"No:351/1, robert gunawardena mawatha, malabe",N-0840,kumaranalaka89@gmail.com,Valid till 31st December 2027,image/tourist_guides/U050050000001048128114.jpg,26
NIHAL WICKRAMASINGHE,National,Chinese,0777726539,"No:111/6, gonagampola road, pilapitiya, kelaniya",N-0818,nssgems@yahoo.com,Valid till 31st December 2027,http://srilanka.travel//image/cache/no_profile_image-235x145.jpg,26
K.A. KAPILA CHANDRASIRI,National,Japanese,0774144396,"No:122/3/b, i.d.h. road, kotikawatta",N-0917,kapilakodi@yahoo.com,Valid till 31st December 2027,http://srilanka.travel//image/cache/no_profile_image-235x145.jpg,26
D.R.M. SARATH BANDARA RAJAKARUNA,National,German,0776183726,"No:169/c, walpola, hatharaliyadda, kandy",N-0820,sarathrajakaruna15@gmail.com,Valid till 31st December 2027,image/tourist_guides/U050050000001225133073.jpg,26
H.P. SAMITHA PATHIRANA,National,English,0775503518,"No:524/a, kapuwagara rd, batagama south, kandana",N-0868,samithapathirana@yahoo.com,Valid till 31st December 2027,image/tourist_guides/U050050000000978473275.jpg,26
P.K. INDRAJITH DE SILVA,National,German,0713524781,"No:60/c, mullapitiya, beruwala",N-0903,kapitalsrilankas@yahoo.com,Valid till 31st December 2027,image/tourist_guides/U050050000000913135793.jpg,26
Search for a Tour Guide,,All Languages Arabic Chinese Dutch English French German Greek Hebrew Hindi Hungarian Italian Japanese Korean Mandarian Russian Spanish Swedish Tamil Thai Urdu Search,,,,,,http://www.srilanka.travel/images/theames-new/covidimg.png,26
Tour Guides,,,,,,,,http://www.srilanka.travel/images/theames-new/covidimg.png,26
M.G.T. JAYAMPATHI BANDARA,National,French,0772895473,"C-1/11, pahalamakadawara, hingula",N-0806,Jayampathi1975@yahoo.com,Valid till 31st December 2027,image/tourist_guides/U050050000001274133094.jpg,27
W.L. JAYANTHA WEERASINGHE,National,English,0777213274,"H/309/4, malwatta, mawela, hingula",N-0889,lalithjw67@hotmail.com,Valid till 31st December 2027,image/tourist_guides/U050050000000628473291.jpg,27
N.H.M. RATNASIRI,National,Japanese,0776026731,"Oasis estate, kachchakaduwa, dummalasuriya",N-0842,ratnasiri731@gmail.com,Valid till 31st December 2027,image/tourist_guides/U050050000001038127707.jpg,27
U.G. UPUL INDIKA,National,French,0714171441,"No:17/327, lakdinu uyana, saranatissa mw, polgasowita",N-0812,indikagamage360@ymail.com,Valid till 31st December 2027,http://srilanka.travel//image/cache/no_profile_image-235x145.jpg,27
S. DEWAGE AMAL,National,Russian,0777589224,"No:308/3, temple road, magalkanda, maggona",N-0896,sdamal1968@gmail.com,Valid till 31st December 2027,http://srilanka.travel//image/cache/no_profile_image-235x145.jpg,27
A.D.LEONARD AUGUSTIN,National,"English Tel 0772917603 Address No:792, 'falcon', wennappuwa Registration No C-0345 Email hiranthatransport@gmail.com Validity status of licence: Valid till 31st December 2027",0777744920,"No:612/2, paranakanda road, enderamulla, wattala",N-0863,leoverolanka@gmail.com,Valid till 31st December 2027,image/tourist_guides/U050050000003159136997.jpg,27
J.K.H. SHARVO PERERA,Chauffeur,English,0772917603,"No:792, 'falcon', wennappuwa",C-0345,hiranthatransport@gmail.com,Valid till 31st December 2027,image/tourist_guides/U050050000001491474574.jpeg,27
J. CHANDRATISSA ILLANGAKOON,Chauffeur,English,0766745928,"No:632, naranminiya road, waragoda, kelaniya",C-0573,poorjaya@yahoo.com,Valid till 31st December 2026,image/tourist_guides/U050050000001237475186.jpg,27
Search for a Tour Guide,,All Languages Arabic Chinese Dutch English French German Greek Hebrew Hindi Hungarian Italian Japanese Korean Mandarian Russian Spanish Swedish Tamil Thai Urdu Search,,,,,,http://www.srilanka.travel/images/theames-new/covidimg.png,27
Tour Guides,,,,,,,,http://www.srilanka.travel/images/theames-new/covidimg.png,27
WARNAKULASOORIYA RUWAN KUMARA,Area,English,0713264431,"No. 07, missaka mawatha,  mihinthale",A-0662,ruwan1225@gmail.com,Valid till 31st December 2027,image/tourist_guides/U050050000003507135759.jpg,28
CHANDANA BANDARA ALAWATTEGAMA,National,"English Tel 0762376360 Address ""janith"", panangala east, panangala, galle Registration No N-0821 Email koralegamahewage@gmail.com Validity status of licence: Valid till 31st December 2027",0777551916,"No:56/b/15, green vally 2nd lane, galwaladeniya rd, mattegoda",N-0862,chandana.alawattegama@gmail.com,Valid till 31st December 2027,image/tourist_guides/U050050000003849136998.jpg,28
P. KORALEGAMA HEWAGE,National,English,0762376360,"""janith"", panangala east, panangala, galle",N-0821,koralegamahewage@gmail.com,Valid till 31st December 2027,http://srilanka.travel//image/cache/no_profile_image-235x145.jpg,28
G.W. RANJITH DE SILVA,National,German,0707524457,"Gurumuduna watte, randeniya, hiriwadunna, kegalle",N-0904,randesilva712@gmail.com,Valid till 31st December 2027,image/tourist_guides/U050050000000910127280.jpg,28
C.J. CLAASY,National,"Russian Tel 0776296081 Address No:332/b, walawwatte, delgoda Registration No N-0824 Email samurdhi.sam@gmail.com Validity status of licence: Valid till 31st December 2027",0777727535,"No:51/11/e, suba asiri mawatha, lakshapathiya, moratuwa",N-0841,jeremyclaasz@hotmail.com,Valid till 31st December 2027,image/tourist_guides/U050050000003846137343.jpg,28
R.M. SAMURDHI SAMARADIWAKARA,National,Russian,0776296081,"No:332/b, walawwatte, delgoda",N-0824,samurdhi.sam@gmail.com,Valid till 31st December 2027,http://srilanka.travel//image/cache/no_profile_image-235x145.jpg,28
APARAKKA LIYANA GAMAGE ASANKA ANURUDDHIKA,National,"German Tel 0776269341 Address No:232, pansala estate, patuwatha, dodanduwa Registration No N-0814 Email kapilagamini14@gmail.com Validity status of licence: Valid till 31st December 2027",0777234098,"No:130/81, 1st lane, abagahawatta rd, kudamaduwa, piliyandala",N-0857,mltrbonne7@gmail.com,Valid till 31st December 2027,image/tourist_guides/U050050000003644473292.jpg,28
P.Y. KAPILA GAMINI,National,German,0776269341,"No:232, pansala estate, patuwatha, dodanduwa",N-0814,kapilagamini14@gmail.com,Valid till 31st December 2027,http://srilanka.travel//image/cache/no_profile_image-235x145.jpg,28
Search for a Tour Guide,,All Languages Arabic Chinese Dutch English French German Greek Hebrew Hindi Hungarian Italian Japanese Korean Mandarian Russian Spanish Swedish Tamil Thai Urdu Search,,,,,,http://www.srilanka.travel/images/theames-new/covidimg.png,28
Tour Guides,,,,,,,,http://www.srilanka.travel/images/theames-new/covidimg.png,28
A.G. MANJULA,National,"French, Italian",0777434290,"'printing press', moraketiara, nakulugamuwa",N-0922,m_galappaththi@yahoo.com,Valid till 31st December 2027,image/tourist_guides/U050050000000842473363.jpg,29
ANULA MUNASINGHE,National,Japanese,0772688360,"No:317/0, greenfield gardens, malasinghagoda rd, hokandara",N-0919,colomboroyal5@gmail.com,Valid till 31st December 2027,http://srilanka.travel//image/cache/no_profile_image-235x145.jpg,29
W.A.D.D. PRASAD WIJESOORIYA,National,English,0773048895,"No:410/c/2, 2nd lane, mahawela rd, malamulla, panadura",N-0916,Prsd_wijesooriya@yahoo.com,Valid till 31st December 2027,image/tourist_guides/U050050000000866127735.jpg,29
DON JUDE NISHANTHA RANATUNGA,National,Italian,0777362006,"No:49, gemunu mawatha, hunupitiya, wattala",N-0925,ranatungajude@sltnet.lk,Valid till 31st December 2027,image/tourist_guides/U050050000000815134075.jpg,29
K. NIRUSHANTH PERERA,National,Japanese,0773520640,"No:14/12, visal sevana, pananwela, delgoda",N-0891,niroshanaperera1971@gmail.com,Valid till 31st December 2027,image/tourist_guides/U050050000000601476564.jpg,29
G.G. ANURA PRIYANTHA,National,German,0777418142,"No:115, 'ruksewana', pannamgoda, hikkaduwa",N-0902,exploresrilanka62@gmail.com,Valid till 31st December 2027,image/tourist_guides/U050050000000916132353.jpg,29
H.B. WIDURARATHNE CALDERA,Chauffeur,English,0771546623,"No:652/4, elhena road, gothatuwa, angoda",C-0599,bandulacaldera54@gmail.com,Valid till 31st December 2026,image/tourist_guides/U050050000001180476134.jpg,29
K.K.K.W. DAHANAYAKE,Chauffeur,English,0777748002,"'kusala', galpamuna, palatuwa",C-0205,bodhikusal@gmail.com,Valid till 31st December 2027,image/tourist_guides/U050050000001548475583.jpg,29
Search for a Tour Guide,,All Languages Arabic Chinese Dutch English French German Greek Hebrew Hindi Hungarian Italian Japanese Korean Mandarian Russian Spanish Swedish Tamil Thai Urdu Search,,,,,,http://www.srilanka.travel/images/theames-new/covidimg.png,29
Tour Guides,,,,,,,,http://www.srilanka.travel/images/theames-new/covidimg.png,29
K. ROY KARANDENIYA,Chauffeur,English,0779343086,"No:1d/5a, st.lasarus mawatha, elapitiwala, ragama",C-0526,roy_karandeniya@yahoo.com,Valid till 31st December 2027,image/tourist_guides/U050050000001374475943.jpg,30
S. LEELANANDA DE SILVA,Area,English,077967701,"No: 216/a, gammedda road, kaluwamodara , aluthgama",A-0682,silValeelananda2020@gmail.com,Valid till 31st December 2027,http://srilanka.travel//image/cache/no_profile_image-235x145.jpg,30
R.R. SUJEEWA RATNAYAKE,National,English,0777146760,"No:18, n.h.s, kiribathgoda",N-0871,sujeewarathnayaka31@yahoo.com,Valid till 31st December 2027,http://srilanka.travel//image/cache/no_profile_image-235x145.jpg,30
T.SANJEEWA MAHASEN DE SILVA,National,,0776712691,"""grace"", fatima road, kalamulla, kalutara",N-0921,desilva.sanjeewa@gmail.com,Valid till 31st December 2027,http://srilanka.travel//image/cache/no_profile_image-235x145.jpg,30
G.A.K. SRILAL LIYANAGE,National,,0779118446,"No:91, ayurdha, s.h. dahanayaka mawatha, galle",N-0907,kmrliyanage@gmail.com,Valid till 31st December 2027,image/tourist_guides/U050050000003747136996.jpg,30
T.PRABARTH GAGENDRA,National,,0714821188,"No:480/104, roxy garden, wellawatte",N-0911,tprabarth@gmail.com,Valid till 31st December 2027,image/tourist_guides/U050050000003234132354.jpg,30
R.D.SENASINGHE,National,"Japanese Tel 0703824774 Address No:186/2/4, siyambalagoda, polgasowita Registration No N-0935 Email j.guidekuma@gmail.com Validity status of licence: Valid till 31st December 2027",0772988162,"No:277, kachchagoda, payagala",N-0906,roma.lanka@mail.ru,Valid till 31st December 2027,image/tourist_guides/U050050000003798128081.jpg,30
S.M.P. KUMARA SAMARATUNGA,National,Japanese,0703824774,"No:186/2/4, siyambalagoda, polgasowita",N-0935,j.guidekuma@gmail.com,Valid till 31st December 2027,http://srilanka.travel//image/cache/no_profile_image-235x145.jpg,30
Search for a Tour Guide,,All Languages Arabic Chinese Dutch English French German Greek Hebrew Hindi Hungarian Italian Japanese Korean Mandarian Russian Spanish Swedish Tamil Thai Urdu Search,,,,,,http://www.srilanka.travel/images/theames-new/covidimg.png,30
Tour Guides,,,,,,,,http://www.srilanka.travel/images/theames-new/covidimg.png,30
AMALI INDIRA KUMARIHAMY DE ZOYSA,National,"French Tel 0775526406 Address No:201, bandaranayake mw, pitihuma, kegalla Registration No N-0937 Email udithsm@yahoo.com Validity status of licence: Valid till 31st December 2027",0777871867,"No:174/79, alwis road, hendala, wattala",N-0908,amaliyasashii@gmail.com,Valid till 31st December 2027,http://srilanka.travel//image/cache/no_profile_image-235x145.jpg,31
M.U. CHANDANA SAMARASEKARA,National,French,0775526406,"No:201, bandaranayake mw, pitihuma, kegalla",N-0937,udithsm@yahoo.com,Valid till 31st December 2027,http://srilanka.travel//image/cache/no_profile_image-235x145.jpg,31
M.K. RUWAN NANDIKA,National,"Japanese Tel 0713195666 Address No:117, pagoda road, nugegoda Registration No N-0850 Email gamini171717@gmail.com Validity status of licence: Valid till 31st December 2027",0777345331,"No:35, annasi kotuwa lane, depanama, pannipitiya",N-0880,ruwannandika12345@gmail.com,Valid till 31st December 2027,http://srilanka.travel//image/cache/no_profile_image-235x145.jpg,31
E.M. GAMINI BANDARA EKANAYAKE,National,Japanese,0713195666,"No:117, pagoda road, nugegoda",N-0850,gamini171717@gmail.com,Valid till 31st December 2027,image/tourist_guides/U050050000001014126414.jpg,31
D.V. TITUS FERNANDO,Chauffeur,English,0776612460,"No:117/1, convent rd, palangaturai east, kochchikade",C-0426,gbfernando1977@gmail.com,Valid till 31st December 2026,image/tourist_guides/U050050000001411473302.jpg,31
D. KARNAL DE SILVA,National,English,0776644295,"No:144/a, wellaboda, madampagama, ambalangoda",N-0942,karnal3@hotmail.com,Valid till 31st December 2027,http://srilanka.travel//image/cache/no_profile_image-235x145.jpg,31
M. PRASANNA APAREKKA,National,Russian,0773161371,"No:176, ihala kosgama, kosgama",N-0946,aparekka.manju@gmail.com,Valid till 31st December 2027,http://srilanka.travel//image/cache/no_profile_image-235x145.jpg,31
C.S. PATHIRANA,National,German,0774094844,"No:177, massalagoda, dope, bentota",N-0798,chamiesp61@gmail.com,Valid till 31st December 2027,image/tourist_guides/U050050000000505133939.jpg,31
Search for a Tour Guide,,All Languages Arabic Chinese Dutch English French German Greek Hebrew Hindi Hungarian Italian Japanese Korean Mandarian Russian Spanish Swedish Tamil Thai Urdu Search,,,,,,http://www.srilanka.travel/images/theames-new/covidimg.png,31
Tour Guides,,,,,,,,http://www.srilanka.travel/images/theames-new/covidimg.png,31
NISHANTHA MILLAVITHANA,National,Chinese,0754182749,"Camp place, namaloya, ampara",N-0948,nishantha100@gmail.com,Valid till 31st December 2027,http://srilanka.travel//image/cache/no_profile_image-235x145.jpg,32
M.K.ANANDA JAYATHILAKA,Area,English,0776393063,"No. 90/1, atumalpitiya, polonnaruwa",A-0664,anandamalwaththa532@gmail.com,Valid till 31st December 2027,http://srilanka.travel//image/cache/no_profile_image-235x145.jpg,32
W.A. AMARATHUNGE,National,English,0773139221,"No:1/b-18l, n.h.s., raddolugama",N-0949,amare63@yahoo.co.uk,Valid till 31st December 2027,http://srilanka.travel//image/cache/no_profile_image-235x145.jpg,32
J.A.D.S. JAYAWARDANE,National,"German Tel 0773019988 Address No:28, old road, kalutara south Registration No N-0954 Email sisil.shantha.desilva@gmail.com Validity status of licence: Valid till 31st December 2027",0779854304,"No:118/7, sadaham mawatha, walpola, angoda",N-1047,sandunjaya@yahoo.com,Valid till 31st December 2027,image/tourist_guides/U050050000002737137011.jpg,32
O.S.S. CHANDRA DE SILVA,National,German,0773019988,"No:28, old road, kalutara south",N-0954,sisil.shantha.desilva@gmail.com,Valid till 31st December 2027,image/tourist_guides/U050050000000732130626.jpg,32
D. CHAMINDA SIRISENA,National,"Japanese, German",0777938639,"Ginthota gedara', wataraka road, bope, galle",N-0960,dilipsiri@gmail.com,Valid till 31st December 2027,image/tourist_guides/U050050000000725129966.jpg,32
H.A. RANJITH PERERA,National,Italian,0776028249,"No:33, minioluwa, mirigama",N-0881,33minioluwa@gmail.com,Valid till 31st December 2027,image/tourist_guides/U050050000000964131707.jpg,32
M.K. KOKILA SILVA,National,Russian,0773504748,"No:t-55, nivasipura, kotugoda",N-0965,kokilak@yahoo.com,Valid till 31st December 2027,image/tourist_guides/U050050000000702127517.jpg,32
Search for a Tour Guide,,All Languages Arabic Chinese Dutch English French German Greek Hebrew Hindi Hungarian Italian Japanese Korean Mandarian Russian Spanish Swedish Tamil Thai Urdu Search,,,,,,http://www.srilanka.travel/images/theames-new/covidimg.png,32
Tour Guides,,,,,,,,http://www.srilanka.travel/images/theames-new/covidimg.png,32
B.D.C. DARSHANIE PEIRIS,National,Japanese,0776146943,"""no:26/1/a, kotuwegedarawatta, kiribathkumbura
""",N-0968,chinthadarshanie@yahoo.com,Valid till 31st December 2027,http://srilanka.travel//image/cache/no_profile_image-235x145.jpg,33
N. SITHARA MAHAWATTAGE,National,English,0777900357,"No:403/2, wallawwa road, homagama",N-0971,nuwansithara@yahoo.com,Valid till 31st December 2027,image/tourist_guides/U050050000000675129970.jpg,33
D. AJITH PUSHPA KUMARA,Area,English,0725808188,"No:26/n, dharmayathana road, kalalgoda, pannipitiya",A-0768,dapkumara2018@gmail.com,Valid till 31st December 2027,http://srilanka.travel//image/cache/no_profile_image-235x145.jpg,33
K.D.N. PREMAWARDENA,National,Italian,776151263,"No:97/f1, vihara mawatha, kotalawala, kaduwela",N-0944,ninila168@gmail.com,Valid till 31st December 2027,http://srilanka.travel//image/cache/no_profile_image-235x145.jpg,33
D.S. ROSHAN SAMARAKKODY,Chauffeur,English,0771493742,"No:65/25, araliya uyana, makandana, madapatha",C-0648,donsamsam@yahoo.com,Valid till 31st December 2027,image/tourist_guides/U050050000001264475114.jpg,33
Y.M.D. CHAMEERA GUNAWARDANA,Chauffeur,English,0776272716,"No. 415/a ,welipillewa , ganemulla",C-0719,bubyson@gmail.com,Valid till 31st December 2027,image/tourist_guides/U050050000001152128401.jpg,33
R.V.P.LIONEL GUNATHILAKA,National,English,0777236174,"No:27/1, waragoda estate, kelaniya",N-0580,liongune@gmail.com,Valid till 31st December 2027,http://srilanka.travel//image/cache/no_profile_image-235x145.jpg,33
H.A UPALI HEMARATNE,National,,0770107237,"Sumaga mawatha, nabete, melsiripura",N-0983,urmmm1969@gmail.com,Valid till 31st December 2027,http://srilanka.travel//image/cache/no_profile_image-235x145.jpg,33
Search for a Tour Guide,,All Languages Arabic Chinese Dutch English French German Greek Hebrew Hindi Hungarian Italian Japanese Korean Mandarian Russian Spanish Swedish Tamil Thai Urdu Search,,,,,,http://www.srilanka.travel/images/theames-new/covidimg.png,33
Tour Guides,,,,,,,,http://www.srilanka.travel/images/theames-new/covidimg.png,33
T. ERNEST FERNANDO,National,"Hindi, German",0714803228,"No:31, e.s. fernando mawatha, wellawaththa, colombo-06",N-0981,thiva75@gmail.com,Valid till 31st December 2027,image/tourist_guides/U050050000000649132356.jpg,34
M.E.C. JOSEPH GUNAWARDANA,Chauffeur,English,0719099071,"No:42/1, walagamba mw, borupana, ratmalana",C-0762,Eliyan@sltnet.lk,Valid till 31st December 2027,image/tourist_guides/U050050000001484473504.jpg,34
W. ARACHCHIGE SENARATNE,Chauffeur,English,0777040725,"No:753, puwakgaha landa rd, heiyanthuduwa",C-0703,swanniarachchi98@gmail.com,Valid till 31st December 2027,image/tourist_guides/U050050000001181474528.jpg,34
R.A.H.M.S. KUMARA CHANDRASEKARA,Chauffeur,English,0718339938,"No:170/8, ""saru uyana"", negombo road, kalugamuwa",C-0707,srilankantourguide@gmail.com,Valid till 31st December 2027,image/tourist_guides/U050050000001169476236.jpeg,34
P.P. SHRIKUMARA FERNANDO,Chauffeur,English,0773027777,"No:5/a, udugalla lane, laxapathiya, moratuwa",C-0745,tripsrilanka.travel@gmail.com,Valid till 31st December 2027,image/tourist_guides/U050050000001089474161.jpg,34
THAMBIRAJAH GANGATHARAN,Chauffeur,English,0777841407,"No:187/a/1, pallemulla, halloluwa, kandy",C-0701,gkingfisher114@gmail.com,Valid till 31st December 2027,image/tourist_guides/U050050000001182473480.jpg,34
SAMUDITHA PRABASH SASITHA MARASINGHE,National,"English Tel 0779207096 Address No:329/l/5, mandawala road, aruggoda Registration No C-0774 Email neilpriyantha0@gmail.com Validity status of licence: Valid till 31st December 2027",0779231554,"No:287/92, 1st lane, silver garden, highlevel rd, wataraka",N-1434,prabash.ntgl@gmail.com,Valid till 31st December 2027,image/tourist_guides/U050050000002497134097.jpg,34
T. NEIL PRIYANTHA,Chauffeur,English,0779207096,"No:329/l/5, mandawala road, aruggoda",C-0774,neilpriyantha0@gmail.com,Valid till 31st December 2027,image/tourist_guides/U050050000001452474388.jpeg,34
Search for a Tour Guide,,All Languages Arabic Chinese Dutch English French German Greek Hebrew Hindi Hungarian Italian Japanese Korean Mandarian Russian Spanish Swedish Tamil Thai Urdu Search,,,,,,http://www.srilanka.travel/images/theames-new/covidimg.png,34
Tour Guides,,,,,,,,http://www.srilanka.travel/images/theames-new/covidimg.png,34
C. BARTHLOMEUZ FERNANDEZ,Chauffeur,English,0773226785,"No:11/34/a, 1st lane, gray line park, ekala, ja-ela",C-0723,sunnyfernandez4414@gmail.com,Valid till 31st December 2027,image/tourist_guides/U050050000001138476464.jpg,35
M.D.P. KULATHUNGA,Chauffeur,"English Tel 0777113395 Address No. 20, play ground lane, elliot road, galle Registration No C-0786 Email chandimal_andaraweera@yahoo.com Validity status of licence: Valid till 31st December 2027",0776454971,"No:102, kotuwila, wellampitiya",C-710,lakmalis52@gmail.com,Valid till 31st December 2027,image/tourist_guides/U050050000004809476072.jpg,35
T.N. CHANDIMAL ANDARAWEERA,Chauffeur,English,0777113395,"No. 20, play ground lane, elliot road, galle",C-0786,chandimal_andaraweera@yahoo.com,Valid till 31st December 2027,http://srilanka.travel//image/cache/no_profile_image-235x145.jpg,35
W.A.M.P.G. RANAWEERA,Chauffeur,"English Tel 0777663993 Address No:71/12, k.h.w. road left depanama, pannipitiya Registration No C-0728 Email jaybmahinda@gmail.com Validity status of licence: Valid till 31st December 2027",0718385536,"No:144, koongaspitiya, ampitiya",C-0717,wasala_3@hotmail.com,Valid till 31st December 2027,image/tourist_guides/U050050000003270473505.jpg,35
J. BADUGE MAHINDA,Chauffeur,English,0777663993,"No:71/12, k.h.w. road left depanama, pannipitiya",C-0728,jaybmahinda@gmail.com,Valid till 31st December 2027,image/tourist_guides/U050050000001121475722.jpg,35
P.A.D. JAYAMPATHI AMARASEKARA,National,Italian,0777255748,"No:790/9, muwanhelawatta, thalangama, malabe",N-0986,jamarasekara71@gmail.com,Valid till 31st December 2027,image/tourist_guides/U050050000000643126435.jpg,35
S.D. ANURA PIYATHILAKE,National,Hindi,0775925219,"Katupilalanda, pansiyagama, via kurunegala",N-1008,subashpiyathilake47@gmail.com,Valid till 31st December 2027,http://srilanka.travel//image/cache/no_profile_image-235x145.jpg,35
H.A. JAYANTHA JAYASUNDARA,Chauffeur,English,0776087374,"5/26 siriketh pedesa thunbowila,piliyandala",C-0760,jayanthajayasundara53@gmail.com,Valid till 31st December 2026,image/tourist_guides/U050050000001064476465.jpg,35
Search for a Tour Guide,,All Languages Arabic Chinese Dutch English French German Greek Hebrew Hindi Hungarian Italian Japanese Korean Mandarian Russian Spanish Swedish Tamil Thai Urdu Search,,,,,,http://www.srilanka.travel/images/theames-new/covidimg.png,35
Tour Guides,,,,,,,,http://www.srilanka.travel/images/theames-new/covidimg.png,35
H.A. SUMITH WASANTHA,Chauffeur,English,0779158695,"No:124/1, sri saddahananda mw, katuwawala, boralesgamuwa",C-0763,sumith62@yahoo.com,Valid till 31st December 2027,image/tourist_guides/U050050000001482475705.jpg,36
H.F. ALVIS GUNARATHNA,Chauffeur,"English Tel 0777672599 Address No:77/60, gangani gardens, hokandara east, hokandara Registration No C-0770 Email kkuruppuarachchi@gmail.com Validity status of licence: Valid till 31st December 2027",0771724117,"No:429, 6  1/1, galle road, mount lavinia",c-0773,farncisgunarathna@gmail.com,Valid till 31st December 2027,image/tourist_guides/U050050000001462476191.jpg,36
K. KURUPPUARACHCHI,Chauffeur,English,0777672599,"No:77/60, gangani gardens, hokandara east, hokandara",C-0770,kkuruppuarachchi@gmail.com,Valid till 31st December 2027,image/tourist_guides/U050050000001470474108.jpg,36
NIROSHAN HARESH WIJEWARDENA,Chauffeur,Italian,0777487787,"No:242/37, hill crest estate, madapatha, piliyandala",C-0775,niroharesh@gmail.com,Valid till 31st December 2027,image/tourist_guides/U050050000001448474164.JPG,36
D. MIHIRAJ RANAWEERA,Area,English,0775619916,"""rasangani"", marakolliya, tangalle",A-0787,mihiraj22@gmail.com,Valid till 31st December 2027,http://srilanka.travel//image/cache/no_profile_image-235x145.jpg,36
P.G. NIMAL KARUNATHILAKA,Chauffeur,English,0777811475,"No:178, ihalagama, weweldeniya",C-0780,nimalk29@gmail.com,Valid till 31st December 2027,http://srilanka.travel//image/cache/no_profile_image-235x145.jpg,36
M.P. ERNEST DABARERA,Chauffeur,English,0777561432,"No:245/40, kondagammulla, demanhandiya",C-0469,ldabarera@yahoo.com,Valid till 31st December 2027,image/tourist_guides/U050050000001341475959.jpg,36
K.K. BASIL PREMALAL,Chauffeur,English,0776186360,"No:369/2, udumulla, mulleriyawa, new town",C-0805,Janeendrit1@gmail.com,Valid till 31st December 2026,image/tourist_guides/U050050000001399476251.jpg,36
Search for a Tour Guide,,All Languages Arabic Chinese Dutch English French German Greek Hebrew Hindi Hungarian Italian Japanese Korean Mandarian Russian Spanish Swedish Tamil Thai Urdu Search,,,,,,http://www.srilanka.travel/images/theames-new/covidimg.png,36
Tour Guides,,,,,,,,http://www.srilanka.travel/images/theames-new/covidimg.png,36
KAMAL AJITH WARSHAVITHANA,National,English,0778180333,"Bogahawatta, hikkaduwa",N-0987,kawarusha@gmail.com,Valid till 31st December 2027,http://srilanka.travel//image/cache/no_profile_image-235x145.jpg,37
H.S.P. CHANDRANATH HIGGODA,National,Japanese,0776641209,"No:244/3, idura road, koskandawala, yakkala",N-0990,jsgpubudu@gmail.com,Valid till 31st December 2027,image/tourist_guides/U050050000000626132357.jpg,37
C.I. MONTINI ANTONY,National,English,0773214620,"No:25, seico gardens, gadabuwana, piliyandala",N-0999,abbi181@yahoo.com,Valid till 31st December 2027,image/tourist_guides/U050050000000573126341.jpg,37
R. JAYAKUMARA RATHNAYAKE,National,Italian,0773610116,"No:03, gothami mw, off temples rd, mount lavinia",N-0992,sl.ranjith.rathnayake@gmail.com,Valid till 31st December 2027,image/tourist_guides/U050050000000603126403.jpg,37
M.D.SUMEENDRA FERNANDO,National,"English Tel 0773057876 Address No:121, nivasiepura, kotugoda Registration No N-0996 Email ph.samarasekera@gmail.com Validity status of licence: Valid till 31st December 2027",0773433564,"No:82, cyril janz mawatha, panadura",N-0991,dilipfedo@gmail.com,Valid till 31st December 2027,http://srilanka.travel//image/cache/no_profile_image-235x145.jpg,37
S.A.P.H. SAMARASEKARA,National,English,0773057876,"No:121, nivasiepura, kotugoda",N-0996,ph.samarasekera@gmail.com,Valid till 31st December 2027,http://srilanka.travel//image/cache/no_profile_image-235x145.jpg,37
A.S. CHINTHAKA DE SILVA,National,English,0773484828,"No:200/16, 2nd lane, ranathisara uyana, polgasowita",N-0994,chinthaka261165@gmail.com,Valid till 31st December 2027,image/tourist_guides/U050050000002674133039.jpg,37
C.E. RICHARD PIERES,National,English,0766422251,"No:3/8, 1st lane, meegahakovila road, panadura",N-0995,cerichardpieres@gmail.com,Valid till 31st December 2027,image/tourist_guides/U050050000000592133111.jpg,37
Search for a Tour Guide,,All Languages Arabic Chinese Dutch English French German Greek Hebrew Hindi Hungarian Italian Japanese Korean Mandarian Russian Spanish Swedish Tamil Thai Urdu Search,,,,,,http://www.srilanka.travel/images/theames-new/covidimg.png,37
Tour Guides,,,,,,,,http://www.srilanka.travel/images/theames-new/covidimg.png,37
J. VITHANAGE DAYANANDA,Chauffeur,English,0712211539,"No:194/7/a, mihira mw, paligedara, makuluduwa, piliyandala",C-0850,dayanandajayawickrama@gmail.com,Valid till 31st December 2027,image/tourist_guides/U050050000001147473820.jpg,38
M.A.M.FAHUMY,National,"English Tel 0773170080 Address No:298/e, wickramage mahawatta, keselgamuwa, haltota, bandaragama Registration No N-0988 Email wlswickramasinghe6001@gmail.com Validity status of licence: Valid till 31st December 2027",0777903075,"No:260/5, samurdhi mawatha, mahahapugala, ginthota",N-1005,fahumy_2001@yahoo.com,Valid till 31st December 2027,image/tourist_guides/U050050000003683127292.jpg,38
W.L. SRIYAN WICKRAMASINGHE,National,English,0773170080,"No:298/e, wickramage mahawatta, keselgamuwa, haltota, bandaragama",N-0988,wlswickramasinghe6001@gmail.com,Valid till 31st December 2027,image/tourist_guides/U050050000000639127251.jpg,38
G.A. HEMANTHA WIJESEKARA,National,Chinese,0777233694,"Bogahawatta, nawatalwatta, alawwa",N-1011,sumiyahemantha@gmail.com,Valid till 31st December 2027,http://srilanka.travel//image/cache/no_profile_image-235x145.jpg,38
W.D.N. PUSHPAKUMARA GUNATHILAKA,National,Russian,0773400870,"No:68/c/23, parakum mw, bandarawatta, yakkala",N-0961,nishantha@mail.ru,Valid till 31st December 2027,http://srilanka.travel//image/cache/no_profile_image-235x145.jpg,38
M. RIYAZ CASSIM,Area,English,0777662222,"No 11, ahamath lane, colombo 02",A-0800,riyashriyash323@gmail.com,Valid till 31st December 2027,image/tourist_guides/U050050000002087128263.jpg,38
M. NISTHAR SIHABDEEN,Area,English,0778892348,"89/19c, wekanda road, colombo 02",A-0801,mohamed_nisthar@yahoo.com,Valid till 31st December 2027,image/tourist_guides/U050050000002085132491.jpg,38
M.H. MOHAMED NAZAHIM,Chauffeur,English,0777520098,"No. 65a, huludagoda road, mount lavinia",C-0798,ceylondrivers@gmail.com,Valid till 31st December 2027,http://srilanka.travel//image/cache/no_profile_image-235x145.jpg,38
Search for a Tour Guide,,All Languages Arabic Chinese Dutch English French German Greek Hebrew Hindi Hungarian Italian Japanese Korean Mandarian Russian Spanish Swedish Tamil Thai Urdu Search,,,,,,http://www.srilanka.travel/images/theames-new/covidimg.png,38
Tour Guides,,,,,,,,http://www.srilanka.travel/images/theames-new/covidimg.png,38
K.A. DON MAHINDA,Chauffeur,English,0777281518,"Moonamalgahawatta, pirivena road, molligoda, wadduwa",C-0802,Kadmkuruppu@gmail.com,Valid till 31st December 2027,image/tourist_guides/U050050000001416476510.jpg,39
R.A.G. NAYANAPRIYA PERERA,National,English,0777228864,"No:978, pannipitiya rd, battaramulla",N-0993,ragnperera@gmail.com,Valid till 31st December 2027,image/tourist_guides/U050050000000596473314.jpg,39
DILAN GUNARATNE,National,"English Tel 0767113815 Address No:24, dambuwa, ragama Registration No C-0853 Email drupasinghe07@gmail.com Validity status of licence: Valid till 31st December 2027",0712089390,"No:39/24, baduwatte road, andadola, wathugedara",N-1060,dilansln@gmail.com,Valid till 31st December 2027,image/tourist_guides/U050050000003245134118.jpg,39
D.A. KUMARA RUPASINGHE,Chauffeur,English,0767113815,"No:24, dambuwa, ragama",C-0853,drupasinghe07@gmail.com,Valid till 31st December 2027,image/tourist_guides/U050050000001128475929.jpg,39
S.A.H.A. RUKMALI PERERA,National,Mandarin,0777461266,"No:56/a, sinhapura, pelawatta rd, pelawatta",N-0852,anuperera852@gmail.com,Valid till 31st December 2027,image/tourist_guides/U050050000001011133933.jpg,39
P.G. NIHAL GUNASEKARA,Area,English,0719198261,"No. 1608, bandiwewa, jayanthipura, polonnaruwa",A-0825,pggunasekara@gmail.com,Valid till 31st December 2027,http://srilanka.travel//image/cache/no_profile_image-235x145.jpg,39
J.P. RAVINDRA JAYALATH,Area,English,0716193567,"Part 17,ambathalagama,mihintale.",A-0814,tharangamihintale@gmail.com,Valid till 31st December 2027,http://srilanka.travel//image/cache/no_profile_image-235x145.jpg,39
H.D. THILAK SRI RANGANA,Area,English,0713171919,"No. 23, missaka mawatha, mihintale",A-0813,rangana19821204@gmail.com,Valid till 31st December 2027,http://srilanka.travel//image/cache/no_profile_image-235x145.jpg,39
Search for a Tour Guide,,All Languages Arabic Chinese Dutch English French German Greek Hebrew Hindi Hungarian Italian Japanese Korean Mandarian Russian Spanish Swedish Tamil Thai Urdu Search,,,,,,http://www.srilanka.travel/images/theames-new/covidimg.png,39
Tour Guides,,,,,,,,http://www.srilanka.travel/images/theames-new/covidimg.png,39
M. EDWARD JAYABANDU,Chauffeur,English,0773576361,"No:66/2, sumangala mawtha, kurunegala",C-0564,muthuharanagejayabandu@gmail.com,Valid till 31st December 2027,image/tourist_guides/U050050000001269475742.jpg,40
D.M.D.S. DASSANAYAKE BANDARA,Chauffeur,English,0777613131,"No:308, bishop lane, kerawalapitiya road, hendala, wattala",C-0570,dilan_bandara@yahoo.com,Valid till 31st December 2027,http://srilanka.travel//image/cache/no_profile_image-235x145.jpg,40
D. SARATH WITHANAGE,Chauffeur,English,0711424704,"No:42, sri sumangala mw, gungamuwa, bandaragama",C-0816,bhagyaofficial@gmail.com,Valid till 31st December 2027,image/tourist_guides/U050050000001377474148.jpg,40
J. PAWANI WICKRAMARATNE,Chauffeur,English,0779709636,"No:89, madewalikada road, rajagiriya",C-0827,wickiceylon@yahoo.com,Valid till 31st December 2027,image/tourist_guides/U050050000001354474152.jpeg,40
T.C. ERNEST PERERA,Chauffeur,English,0777572275,"No:234/d, kimbulapitiya , negombo",C-0815,tceperera123@yahoo.com,Valid till 31st December 2027,image/tourist_guides/U050050000001382476443.jpeg,40
T. RAJA SHYAMATILAKA,Chauffeur,English,0776666613,"No:79/a, sramadana road, kaluwamodara, aluthgama",C-0809,rajashyamatilaka@gmail.com,Valid till 31st December 2027,image/tourist_guides/U050050000001395473858.jpg,40
K.M.D. RUWAN KUMARA,Chauffeur,English,0772333710,"No:223/30, sarojani estate road, hokandara south",C-0811,Bossynet@gmail.com,Valid till 31st December 2027,image/tourist_guides/U050050000001392474169.jpeg,40
W.B. SEBASTIAN PERERA,Chauffeur,English,0775421747,"No:22, obesekarapura, dambadeniya",C-0825,bernardperera90@gmail.com,Valid till 31st December 2026,image/tourist_guides/U050050000001360473295.jpg,40
Search for a Tour Guide,,All Languages Arabic Chinese Dutch English French German Greek Hebrew Hindi Hungarian Italian Japanese Korean Mandarian Russian Spanish Swedish Tamil Thai Urdu Search,,,,,,http://www.srilanka.travel/images/theames-new/covidimg.png,40
Tour Guides,,,,,,,,http://www.srilanka.travel/images/theames-new/covidimg.png,40
M.R. CAREEM MUBARAK,Chauffeur,English,0777644254,"No:38/4/b, nalandarama road, nugegoda",C-0822,mubarakmrc@gmail.com,Valid till 31st December 2027,image/tourist_guides/U050050000001369473630.jpg,41
U.P. HARIPRIYA SURASINGHE,Chauffeur,English,0773530209,"No:31, minuwanpitiya, panadura",C-0824,surasingheh@gmail.com,Valid till 31st December 2027,image/tourist_guides/U050050000001363475626.jpg,41
G.M. LEO LAL,Chauffeur,English,0773666549,"No:206/1, polhena, kelaniya",C-0819,leogunawardana745@gmail.com,Valid till 31st December 2027,image/tourist_guides/U050050000001375473502.jpg,41
S.C. PATI ARAMBAGE,Chauffeur,English,0776032890,"4th mile post, nindana",C-0829,srilankasarath@yahoo.com,Valid till 31st December 2027,image/tourist_guides/U050050000001333474524.jpg,41
K.W.D.C. WILHELM FREDRICK,Chauffeur,English,0716464185,"No:39/28/e, shanthi lane, hendala, wattala",C-0826,donfredrick2010@gmail.com,Valid till 31st December 2027,image/tourist_guides/U050050000001356474568.jpeg,41
L. SENEVIRATNE,Chauffeur,English,0723314235,"Kandevihara road, kaluwamodara, aluthgama",C-0833,l.senevirathna2020@gmail.com,Valid till 31st December 2027,image/tourist_guides/U050050000001323473402.jpg,41
S.K.E.C. JAYARAJ KURERA,Chauffeur,English,0777670975,"No:25/10, vithanage mw, slave island , colombo 02",C-0932,ecjkurera@gmail.com,Valid till 31st December 2027,image/tourist_guides/U050050000001697476170.jpg,41
U. NANDANA KUMARAWADU,Chauffeur,English,0779876492,"'nandana', palliyapitiya , rathgama",C-0840,unkumarawadu58@gmail.com,Valid till 31st December 2027,image/tourist_guides/U050050000001306475170.jpg,41
Search for a Tour Guide,,All Languages Arabic Chinese Dutch English French German Greek Hebrew Hindi Hungarian Italian Japanese Korean Mandarian Russian Spanish Swedish Tamil Thai Urdu Search,,,,,,http://www.srilanka.travel/images/theames-new/covidimg.png,41
Tour Guides,,,,,,,,http://www.srilanka.travel/images/theames-new/covidimg.png,41
P.G. SUJITH AMARATHUNGA,Chauffeur,English,0778950600,"No:862/a, kadawatha road, ragama",C-0843,sgamage919@gmail.com,Valid till 31st December 2027,http://srilanka.travel//image/cache/no_profile_image-235x145.jpg,42
W.C. DON ANANDA,Chauffeur,French,0775070353,"Kaudupellela, matale",C-0883,ana2don@gmail.com,Valid till 31st December 2027,image/tourist_guides/U050050000001013476208.jpg,42
K.P. ROSHAN PREMAKUMARA,Chauffeur,English,0776927714,"No:251/4a, manik agarawatta road, hibutana, angoda",C-0875,kproshan1971@gmail.com,Valid till 31st December 2027,http://srilanka.travel//image/cache/no_profile_image-235x145.jpg,42
S. ROHAN KODIKARA,National,English,0777286710,"44th mile post, kandy road, dambulla",N-1122,kodikarasr@gmail.com,Valid till 31st December 2027,http://srilanka.travel//image/cache/no_profile_image-235x145.jpg,42
I.N.A. FERNANDO,Chauffeur,English,0766057197,"No:120/17, church road, wewala, ja-ela",C-0869,nevilfernando217@gmail.com,Valid till 31st December 2027,image/tourist_guides/U050050000001087475588.jpg,42
W.M. GAMUNU PRASANNA WEERASEKARA,Chauffeur,English,0779782889,"No:1/7, heenkendawatta, kotikapola, mawathagama",C-0842,gamunuweerasekara842@gmail.com,Valid till 31st December 2027,image/tourist_guides/U050050000001163476021.jpg,42
H.P. SAMUDRA DAMMIKA GUNAWARDANA,Chauffeur,English,0777875627,"No:68, ihala imbulgoda, imbulgoda",C-0871,dreamresidence30@gmail.com,Valid till 31st December 2027,image/tourist_guides/U050050000001082474830.jpg,42
Y.B.M. KAPILA KUMARA YAPA BANDARA,Chauffeur,English,0776532816,"No:d/45/1, 'araliya uyana', rotuwa, morontota",C-0898,Yapabandarak@gmail.com,Valid till 31st December 2027,image/tourist_guides/U050050000000968475625.jpg,42
Search for a Tour Guide,,All Languages Arabic Chinese Dutch English French German Greek Hebrew Hindi Hungarian Italian Japanese Korean Mandarian Russian Spanish Swedish Tamil Thai Urdu Search,,,,,,http://www.srilanka.travel/images/theames-new/covidimg.png,42
Tour Guides,,,,,,,,http://www.srilanka.travel/images/theames-new/covidimg.png,42
W.A. CHAMINDA WIJESURIYA,Area,English,0778416419,"Kalapuraya , sigiriya",A-0189,wacwijesooriya13579@gmail.com,Valid till 31st December 2027,http://srilanka.travel//image/cache/no_profile_image-235x145.jpg,43
RAJAPAKSHA MUDIYANSELAGE ANURA RAJAPAKSA,Area,English,0779657873,"81/b, kayanwala sigiriya",A-0188,anurasigiri@gmil.com,Valid till 31st December 2027,http://srilanka.travel//image/cache/no_profile_image-235x145.jpg,43
S.R.A. SANDAKELUM SILVA,Chauffeur,English,0779430543,"No:267/a/2,  ""jayarani"", moragalla, beruwala",C-0896,athulasilva1965@yahoo.com,Valid till 31st December 2027,image/tourist_guides/U050050000000977475888.jpeg,43
BENTARA HETTIARACHCHIGE SRINATH YAJEEVAN SENEVIRATNE,Chauffeur,,0777438681,"No.07, housing scheme, gannoruwa, peradeniya",C-0895,srinathseneviratne721@gmail.com,Valid till 31st December 2027,image/tourist_guides/U050050000003506476467.jpeg,43
K.MAHESHRA CHANDRA KUMARA,Chauffeur,"English Tel 0774448517 Address No:d/45/2, rotuwa, morontota Registration No C-0899 Email Pahasaranee@gmail.com Validity status of licence: Valid till 31st December 2027",0773372537,"76/b, udupila, delgoda",C-0900,Mahesh_gitokukai@yahoo.com,Valid till 31st December 2027,http://srilanka.travel//image/cache/no_profile_image-235x145.jpg,43
Y.B.M. ANURA KUMARA YAPA BANDARA,Chauffeur,English,0774448517,"No:d/45/2, rotuwa, morontota",C-0899,Pahasaranee@gmail.com,Valid till 31st December 2027,image/tourist_guides/U050050000000966475624.jpg,43
A.H.C. PRIYANKARA GOMES,Chauffeur,,0716611595,"No:327/3, atakorasa, ragama",C-0889,Priyankaragomis@gmail.com,Valid till 31st December 2027,image/tourist_guides/U050050000000998476226.jpg,43
R.G. ROHANA KUMARA,Chauffeur,,0779840213,"Diwulgaskotuwa, galewela",C-0904,brendenrohana3@gmail.com,Valid till 31st December 2027,image/tourist_guides/U050050000003405476444.jpg,43
Search for a Tour Guide,,All Languages Arabic Chinese Dutch English French German Greek Hebrew Hindi Hungarian Italian Japanese Korean Mandarian Russian Spanish Swedish Tamil Thai Urdu Search,,,,,,http://www.srilanka.travel/images/theames-new/covidimg.png,43
Tour Guides,,,,,,,,http://www.srilanka.travel/images/theames-new/covidimg.png,43
K.P.W.H.P.C.K. HITIBANDARA,Chauffeur,"English Tel 0740357433 Address No:478, gonawala, kelaniya Registration No C-0916 Email roydelivera@gmail.com Validity status of licence: Valid till 31st December 2026",0705800444,"No:e/50/5, wagolla watta, kureanpola, rambukkana",C-0911,hitireach@gmail.com,Valid till 31st December 2027,image/tourist_guides/U050050000003413476462.jpeg,44
R. IGNATIOUS DE LIVERA,Chauffeur,English,0740357433,"No:478, gonawala, kelaniya",C-0916,roydelivera@gmail.com,Valid till 31st December 2026,image/tourist_guides/U050050000001733475541.png,44
S. SOMAWEERA JAYASINGHE,Chauffeur,English,0714447120,"No:257/17, batadombathuduwa, alubomulla, panadura",C-0769,dularaanushka17@gmail.com,Valid till 31st December 2027,image/tourist_guides/U050050000001471473804.jpg,44
LYNDON SOORIYAARACHCHI,Chauffeur,English,0779190368,"No:229/9, ketakeellagaha watta, kurusa junction, pamunugama, alubomulla",C-0920,lynsuipc@yahoo.com,Valid till 31st December 2027,image/tourist_guides/U050050000001731476186.jpg,44
S.F. SOORIYARACHCHI,Chauffeur,,0722998911,"No:136/b7, araliya pedesa, kothalawala, kaduwela",C-0925,ssturly@gmail.com,Valid till 31st December 2027,image/tourist_guides/U050050000003529476218.jpg,44
S.L. WASANTHA SILVA,Site,"English Tel 0779021768 Address No. 36, galle road, akurala, kahawa Registration No A-0169 Email chandana.jayaratna1@gmail.com Validity status of licence: Valid till 31st December 2027",0775751587,"No:273/f/5, dewala rd, kaluwamodara, aluthgama",S-0010,slalithwasantha57@gmail.com,Valid till 31st December 2027,image/tourist_guides/U050050000002223136597.jpg,44
M.C. SHALEY JAYARATNE,Area,English,0779021768,"No. 36, galle road, akurala, kahawa",A-0169,chandana.jayaratna1@gmail.com,Valid till 31st December 2027,http://srilanka.travel//image/cache/no_profile_image-235x145.jpg,44
MEERA MOHIDEEN FAIZAR,Area,English,0774825504,"Hijra road, arugambay, pottuvil 05",A-0848,sulfisaf@gmail.com,Valid till 31st December 2027,http://srilanka.travel//image/cache/no_profile_image-235x145.jpg,44
Search for a Tour Guide,,All Languages Arabic Chinese Dutch English French German Greek Hebrew Hindi Hungarian Italian Japanese Korean Mandarian Russian Spanish Swedish Tamil Thai Urdu Search,,,,,,http://www.srilanka.travel/images/theames-new/covidimg.png,44
Tour Guides,,,,,,,,http://www.srilanka.travel/images/theames-new/covidimg.png,44
PREMASIRI PIYARATNE WIJAYASEKARA,National,"German Tel 0773699427 Address No:303, bandaranayake mawatha, elpitiya Registration No N-1094 Email pathirage.r@gmail.com Validity status of licence: Valid till 31st December 2027",0776449792,"No:129/6, hiripitiya, pannipitiya",N-1089,ppwije1@yahoo.co.uk,Valid till 31st December 2027,http://srilanka.travel//image/cache/no_profile_image-235x145.jpg,45
RANJITH PATHIRAGE,National,German,0773699427,"No:303, bandaranayake mawatha, elpitiya",N-1094,pathirage.r@gmail.com,Valid till 31st December 2027,image/tourist_guides/U050050000000673127266.jpg,45
K.G.S.K.P.ARAMBAWELA,National,,0716681888,"No:100, galewela road, mahawela, matale",N-1109,spicekingdom.888@gmail.com,Valid till 31st December 2027,http://srilanka.travel//image/cache/no_profile_image-235x145.jpg,45
K.W.B.M.DISSANAYAKE,National,"English Tel 0714543759 Address No. 25/10, vithanage mawatha, slave island , colombo 02 Registration No C-0942 Email sri.mtours@gmail.com Validity status of licence: Valid till 31st December 2027",0764801672,"Dumbuluwawa road, hemmathagama",N-1110,mdonald89@gmail.com,Valid till 31st December 2027,http://srilanka.travel//image/cache/no_profile_image-235x145.jpg,45
B.S. SRI MURALIE,Chauffeur,English,0714543759,"No. 25/10, vithanage mawatha, slave island , colombo 02",C-0942,sri.mtours@gmail.com,Valid till 31st December 2027,image/tourist_guides/U050050000001689474837.jpg,45
R.D.S.KUMARA WIJEWARDANA,National,Spanish,0773250565,"No:50/9, mahalwarawa road, pannipitiya",N-1115,sisintha@gmail.com,Valid till 31st December 2027,http://srilanka.travel//image/cache/no_profile_image-235x145.jpg,45
D.M.G. BANDARA DORANEGODA,National,English,0763941854,"Yalegama, pilessa, kurunegala",N-0639,gaminibandara061@gmail.com,Valid till 31st December 2027,http://srilanka.travel//image/cache/no_profile_image-235x145.jpg,45
S.A. LIONEL SURAWEERA,Chauffeur,English,0718176174,"No:12, malwatta road, nagoda, kandana",C-0952,lionelsuraweera@gmail.com,Valid till 31st December 2027,image/tourist_guides/U050050000001642475654.jpg,45
Search for a Tour Guide,,All Languages Arabic Chinese Dutch English French German Greek Hebrew Hindi Hungarian Italian Japanese Korean Mandarian Russian Spanish Swedish Tamil Thai Urdu Search,,,,,,http://www.srilanka.travel/images/theames-new/covidimg.png,45
Tour Guides,,,,,,,,http://www.srilanka.travel/images/theames-new/covidimg.png,45
W.B.N. SAMPATH PERERA,National,Russian,0777701186,"No:22, bandarawatta, beruwala",N-1238,sampathperera55@gmail.com,Valid till 31st December 2027,image/tourist_guides/U050050000000831133131.jpg,46
B.A.W.D. BALASURIYA,National,English,0768611171,"No:448/a, godallawatta rd, malabe",N-0282,vipulbalasooriya@gmail.com,Valid till 31st December 2027,http://srilanka.travel//image/cache/no_profile_image-235x145.jpg,46
M.D. LAL WICKRAMARATNE,National,English,0776580690,"""shantha sevana"", janatha mw, kuda payagala, payagala",N-0712,lalwickremaratnel@gmail.com,Valid till 31st December 2027,image/tourist_guides/U050050000000764127495.jpg,46
H.A. ANANDA UPASIRI,National,English,0773597130,"No: 530/06, peragaha junction, biyagama",N-1095,anandaupasiri@gmail.com,Valid till 31st December 2027,http://srilanka.travel//image/cache/no_profile_image-235x145.jpg,46
L.M. GREMAN SILVA,Area,English,0779828636,"No: 96/1, ""sathyawadi"" , shramadana road, kaluwamodara, aluthgama",A-0775,montigreman@ymail.com,Valid till 31st December 2027,image/tourist_guides/U050050000002001133818.jpg,46
S.N.P.PRETHISIRI DIAS,National,Japanese,0776206828,"No:417, podiweekumbura, ragama",N-1025,tmtlanka@gmail.com,Valid till 31st December 2027,image/tourist_guides/U050050000000854129936.jpg,46
WADIYA PATHIRAGE DUDLEY PREMASIRI,National,German,0777973340,"Sri nivasa mawatha, obadawatta, bentota",N-0388,wppdudley@gmail.com,Valid till 31st December 2027,image/tourist_guides/U050050000000343127553.jpg,46
L.K. ALBERT  PERERA,Area,English,0776732062,"Sigiriya road, kimbissa",A-0228,albertperera13579@gmail.com,Valid till 31st December 2027,http://srilanka.travel//image/cache/no_profile_image-235x145.jpg,46
Search for a Tour Guide,,All Languages Arabic Chinese Dutch English French German Greek Hebrew Hindi Hungarian Italian Japanese Korean Mandarian Russian Spanish Swedish Tamil Thai Urdu Search,,,,,,http://www.srilanka.travel/images/theames-new/covidimg.png,46
Tour Guides,,,,,,,,http://www.srilanka.travel/images/theames-new/covidimg.png,46
M.M.S. PRIYANTHA BANDARA,Area,English,0779359975,"Near tha rest house , sigiriya",A-0182,samanmoremada123@gmail.com,Valid till 31st December 2027,http://srilanka.travel//image/cache/no_profile_image-235x145.jpg,47
I. MADAWA BAKMEEWEWA,National,English,0772418655,"No:9b-87/1, mattegoda housing scheme, mattegoda",N-1141,madawa.iruka@gmail.com,Valid till 31st December 2027,http://srilanka.travel//image/cache/no_profile_image-235x145.jpg,47
P. KITHSIRI  JAYASINGHE,National,English,0777481518,"No:36, balagala road, hendala, wattala",N-1131,piyaljayasinghe@gmail.com,Valid till 31st December 2027,http://srilanka.travel//image/cache/no_profile_image-235x145.jpg,47
R. PALITHA SAMARASEKARA,National,English,0771661067,"No:107/d/1, moratuwatta, paththalagedara, veyangoda",N-1130,ranil000@yahoo.com,Valid till 31st December 2027,image/tourist_guides/U050050000000984126667.jpg,47
M.T. MANOJ KUMARA,National,English,0766878811,"No:239/j, ketakerella watta, malegoda, payagala",N-1147,warunichamarika86@gmail.com,Valid till 31st December 2027,image/tourist_guides/U050050000000970126330.jpg,47
P.G. AJITH PREMARATHNA,National,English,0777613093,"No:202/b, mangalagama, muruthalawa",N-1159,ajith_premarathna@yahoo.com,Valid till 31st December 2027,image/tourist_guides/U050050000000936127259.jpg,47
A.K. DON PUSHPA KUMARA,National,German,0771636762,"No:483/b, kumara, avittawa, ganegoda",N-0629,cdasith@gmail.com,Valid till 31st December 2027,image/tourist_guides/U050050000001281127311.jpg,47
H.W. MOHAN CHAMINDA,Area,English,077906248,"Mahagedara watta, waulagoda, hikkaduwa",A-0471,chatberlin@gmail.com,Valid till 31st December 2027,image/tourist_guides/U050050000001915132494.jpg,47
Search for a Tour Guide,,All Languages Arabic Chinese Dutch English French German Greek Hebrew Hindi Hungarian Italian Japanese Korean Mandarian Russian Spanish Swedish Tamil Thai Urdu Search,,,,,,http://www.srilanka.travel/images/theames-new/covidimg.png,47
Tour Guides,,,,,,,,http://www.srilanka.travel/images/theames-new/covidimg.png,47
M.D.G. HARISCHANDRA PEIRIS,National,"English Tel 0772304151 Address Akkara 05, delgolla estate, mawathagama Registration No N-1153 Email tmnnbthennakoon@gmail.com Validity status of licence: Valid till 31st December 2027",0779096477,"No:28, gajaba mw, minuwanpitiya, panadura",N-1150,gaminip407@gmail.com,Valid till 31st December 2027,http://srilanka.travel//image/cache/no_profile_image-235x145.jpg,48
T.M.N.N. BANDARA THENNAKOON,National,English,0772304151,"Akkara 05, delgolla estate, mawathagama",N-1153,tmnnbthennakoon@gmail.com,Valid till 31st December 2027,image/tourist_guides/U050050000000945129935.jpg,48
J. GERALD JOSEPH,Chauffeur,"English Tel 0776109199 Address No:45, dummalasuriya Registration No C-0470 Email Wasantha.soma@gmail.com Validity status of licence: Valid till 31st December 2027",0718724910,"No:836/2, clare rd, weligampitiya, ja-ela",C-1047,Jehan.joseph@yahoo.com,Valid till 31st December 2027,image/tourist_guides/U050050000001748476447.jpg,48
WANNI ARACHCHIGE WASANTHASOMA,Chauffeur,English,0776109199,"No:45, dummalasuriya",C-0470,Wasantha.soma@gmail.com,Valid till 31st December 2027,image/tourist_guides/U050050000001334475743.jpg,48
M.K. HEMASIRI JAYASEKARA,Site,"English Tel 0773624844 Address No:166, mawalgama, waga Registration No C-0527 Email punnyanayana@gmail.com Validity status of licence: Valid till 31st December 2027",0776976280,"No:121, thotawatta road, ahungalla",S-0071,dilmitharusha123@icloud.com,Valid till 31st December 2027,http://srilanka.travel//image/cache/no_profile_image-235x145.jpg,48
N.P. NAYANAPRIYA DANISON,Chauffeur,English,0773624844,"No:166, mawalgama, waga",C-0527,punnyanayana@gmail.com,Valid till 31st December 2027,image/tourist_guides/U050050000001370474095.jpg,48
H.W. SUJITH ROSHAN,Chauffeur,"English Tel 0779378197 Address No:5, fareeth manzil, kinniya-05 Registration No N-1164 Email ruguide0@gmail.com Validity status of licence: Valid till 31st December 2027",0777314843,"No:182/p, marvin place, galroda para, kadawatha",C-0885,sujithtravellanka@yahoo.com,Valid till 31st December 2027,image/tourist_guides/U050050000001006473322.jpeg,48
ALIYAR BAITHULLAH,National,English,0779378197,"No:5, fareeth manzil, kinniya-05",N-1164,ruguide0@gmail.com,Valid till 31st December 2027,image/tourist_guides/U050050000000933133100.jpg,48
Search for a Tour Guide,,All Languages Arabic Chinese Dutch English French German Greek Hebrew Hindi Hungarian Italian Japanese Korean Mandarian Russian Spanish Swedish Tamil Thai Urdu Search,,,,,,http://www.srilanka.travel/images/theames-new/covidimg.png,48
Tour Guides,,,,,,,,http://www.srilanka.travel/images/theames-new/covidimg.png,48
G.D. SUMITH KUMARA JAYAWARDENA,National,English,0716839787,"B-21, sampath mawatha , sethsiri uyana ,dankotuwa",N-1167,sumithxxl@gmail.com,Valid till 31st December 2027,image/tourist_guides/U050050000000931129933.jpg,49
M.G.CHANDRASIRI,National,"English, French, German, Italian Tel 0777440086 Address No:30/1, sen patrick road, molligoda, wadduwa Registration No N-1169 Email adventureridersclubsrilanka@gmail.com Validity status of licence: Valid till 31st December 2027",0772635747,"No.23, beeridewela road. 1st janapadaya, aluvihare, matale",N-1168,Sirichandrasiri@yahoo.com,Valid till 31st December 2027,image/tourist_guides/U050050000003239132237.jpg,49
R.PRAGEETH THARANGA DE SILVA,National,"English, French, German, Italian",0777440086,"No:30/1, sen patrick road, molligoda, wadduwa",N-1169,adventureridersclubsrilanka@gmail.com,Valid till 31st December 2027,http://srilanka.travel//image/cache/no_profile_image-235x145.jpg,49
T. KAMIL SAMAHON,Chauffeur,English,0772613282,"Union place, colombo-02",C-0517,kamilsamahon25@gmail.com,Valid till 31st December 2026,image/tourist_guides/U050050000001380476169.jpg,49
WETHIMUNI JANAKA,Area,English,"0771844187 Address No:77/a/3, cemetry rd, (araliya gardens), thalapathpitiya, nugegoda Registration No C-0230 Email deepthi.zoysa17@gmail.com Validity status of licence: Valid till 31st December 2027","Kalawilawatta, moragalla ,aluthgama",A-0681,wjanaka2022@gmail.com,Valid till 31st December 2027,http://srilanka.travel//image/cache/no_profile_image-235x145.jpg,49
L. DEEPTHI  DE ZOYSA,Chauffeur,English,0771844187,"No:77/a/3, cemetry rd, (araliya gardens), thalapathpitiya, nugegoda",C-0230,deepthi.zoysa17@gmail.com,Valid till 31st December 2027,image/tourist_guides/U050050000001542473354.jpg,49
U. IROSHA NANAYAKKARA,National,English,0770751030,"No:174, temple road, thalapathpitiya, udahamulla, nugegoda",N-1078,mail.irosha@gmail.com,Valid till 31st December 2027,http://srilanka.travel//image/cache/no_profile_image-235x145.jpg,49
K.G.M. NANDANA JAYARATHNA,National,French,0777258631,"No:114, 2nd lane, ratmalana",N-1180,feellankatours@gmail.com,Valid till 31st December 2027,image/tourist_guides/U050050000000906126361.jpg,49
Search for a Tour Guide,,All Languages Arabic Chinese Dutch English French German Greek Hebrew Hindi Hungarian Italian Japanese Korean Mandarian Russian Spanish Swedish Tamil Thai Urdu Search,,,,,,http://www.srilanka.travel/images/theames-new/covidimg.png,49
Tour Guides,,,,,,,,http://www.srilanka.travel/images/theames-new/covidimg.png,49
R.A. NALEENDRA JANAKA,National,Korean,0769918916,"No:70/1, habarakada, homagama",N-1030,jnaleendra@gmail.com,Valid till 31st December 2027,http://srilanka.travel//image/cache/no_profile_image-235x145.jpg,50
W.P.G. KAMAL JANAKA,Chauffeur,English,0779085191,"No:10/q, wata mawatha, horatuduwa, polgasowita",C-0595,kamal64guruge@gmail.com,Valid till 31st December 2027,image/tourist_guides/U050050000001199474163.jpg,50
H.M. SENAKA HERATH,National,English,0717708833,"Nedalagamuwa , wadumunnegedara",N-1176,Senaka.herath@yahoo.com,Valid till 31st December 2027,http://srilanka.travel//image/cache/no_profile_image-235x145.jpg,50
T.C.JANAPRIYA PERERA,National,German,0779845731,"No:121/1, 1st lane, gehan road, thalangama north, battaramulla",N-0931,Charusie@yahoo.com,Valid till 31st December 2027,image/tourist_guides/U050050000000806126673.jpg,50
J.D. PITIDUWA GAMAGE,National,English,0779288473,"No:132/1, poorwarama road, colombo-05",N-1177,gamagejdp@gmail.com,Valid till 31st December 2027,http://srilanka.travel//image/cache/no_profile_image-235x145.jpg,50
M.M. BANDULA DISSANAYAKE,National,English,0777605355,"No:12/33e, nidahas mw, lewella rd, kandy",N-1138,kaju1961@gmail.com,Valid till 31st December 2027,http://srilanka.travel//image/cache/no_profile_image-235x145.jpg,50
K.S. JANAKA AMARADEWA,National,Russian,0777901030,"No:318, magalkanda, maggona",N-0784,Amaradewa@mail.ru,Valid till 31st December 2027,image/tourist_guides/U050050000000531126407.jpg,50
M.C.G. ANOJ FERNANDO,Chauffeur,English,0773034247,"No:114/1, convent rd, palagathura east, kochchikade",C-0409,anojfernando119@gmail.com,Valid till 31st December 2027,http://srilanka.travel//image/cache/no_profile_image-235x145.jpg,50
Search for a Tour Guide,,All Languages Arabic Chinese Dutch English French German Greek Hebrew Hindi Hungarian Italian Japanese Korean Mandarian Russian Spanish Swedish Tamil Thai Urdu Search,,,,,,http://www.srilanka.travel/images/theames-new/covidimg.png,50
Tour Guides,,,,,,,,http://www.srilanka.travel/images/theames-new/covidimg.png,50
U. KUSHANTHA JAYASUNDERA,Chauffeur,"English Tel 0777762688 Address No:57/p/3, donald waththa, nalla, deuladeniya Registration No C-0181 Email devadesilva58@gmail.com Validity status of licence: Valid till 31st December 2027",0719770615,"G-305, niwasipura, kotugoda",C-0886,udithjayasundara93@gmail.com,Valid till 31st December 2027,image/tourist_guides/U050050000001004475650.jpg,51
N.B.W. DEVANANDA DE SILVA,Chauffeur,English,0777762688,"No:57/p/3, donald waththa, nalla, deuladeniya",C-0181,devadesilva58@gmail.com,Valid till 31st December 2027,image/tourist_guides/U050050000001578475731.jpg,51
H. GAYANI SAMANGA FERANANDO,National,English,0713377017,"No:93/a, sramadana rd, kaluwamodara, aluthgama",N-1056,samanga.fernando72@gmail.com,Valid till 31st December 2027,http://srilanka.travel//image/cache/no_profile_image-235x145.jpg,51
P.L. NILANTHA DHARMAPRIYA,National,English,0777922099,"No:67, palatota road, nagoda, kalutara south",N-1118,info@abcsrilanka.com,Valid till 31st December 2027,http://srilanka.travel//image/cache/no_profile_image-235x145.jpg,51
W.G.DON MILAN ABRAHAM,National,English,0777287074,"No:77/2, temple road, katubedda, moratuwa",N-0707,mil640@gmail.com,Valid till 31st December 2027,image/tourist_guides/U050050000000793127494.jpg,51
A. PRAJITH  KARUNADASA,National,Dutch,0777540646,"No:195, uswatta road, enderamulla, wattala",N-1065,anthonykarunadasa414@gmail.com,Valid till 31st December 2027,image/tourist_guides/U050050000000751126356.jpg,51
K.D. NIRANGA DE SILVA,Area,English,0776228541,"No. 221, b/1, ""nishananda"", kaluwamodara north, aluthgama",A-0949,dilshanniranga3@gmail.com,Valid till 31st December 2027,http://srilanka.travel//image/cache/no_profile_image-235x145.jpg,51
S.A.U. PRIYANKARA SAMARATUNGA,Chauffeur,English,0717538082,"No:197, bandaranayaka mawatha, kegalle",C-0631,Upulsamaratunga@gmail.com,Valid till 31st December 2027,http://srilanka.travel//image/cache/no_profile_image-235x145.jpg,51
Search for a Tour Guide,,All Languages Arabic Chinese Dutch English French German Greek Hebrew Hindi Hungarian Italian Japanese Korean Mandarian Russian Spanish Swedish Tamil Thai Urdu Search,,,,,,http://www.srilanka.travel/images/theames-new/covidimg.png,51
Tour Guides,,,,,,,,http://www.srilanka.travel/images/theames-new/covidimg.png,51
R. NARENDRA KODIKARA,Chauffeur,English,0715900774,"No:37/1, fonseka road, panadura",C-0873,madhushikodi@gmail.com,Valid till 31st December 2027,image/tourist_guides/U050050000001077475791.jpg,52
E.M.D. CHAMINDHA EKANAYAKE,Chauffeur,English,0718042543,"Nikiniyawa, kekirawa",C-0986,dilanchami@gmail.com,Valid till 31st December 2027,image/tourist_guides/U050050000001148475706.jpg,52
I.A.D. CHULARATHNE KUMARASIRI,Chauffeur,English,0773218822,"No:182/a/2, attanayake mw, kudama south, siddamulla, piliyandala",C-0959,deenslanka@gmail.com,Valid till 31st December 2027,image/tourist_guides/U050050000001635476309.jpg,52
K.W.R.S. SENA KUMARA,Chauffeur,English,0777661876,"No:192/1, ""senavilla"", kudagammana, divulapitiya",C-1001,kwrsamanthas@yahoo.com,Valid till 31st December 2027,image/tourist_guides/U050050000001116475889.jpg,52
U.D.G. JAYANTHA RANASINGHE,Chauffeur,English,0777594998,"No:150/7, maththegoda",C-0960,udgr1968@gmail.com,Valid till 31st December 2027,image/tourist_guides/U050050000001634473817.jpg,52
D.S. NISHANTHA ATHUKORALA,Chauffeur,English,0773852525,"No. 72/79, edirisinghe road, mirihana, nugegoda",C-0961,nishanthacolombo@gmail.com,Valid till 31st December 2027,image/tourist_guides/U050050000001633476077.jpeg,52
K. WIMAL WICKRAMARACHCHI,Chauffeur,English,0774688633,"No:82, malwatta rd, pahala biyanwila, kadawatha",C-0974,wimalwickramarachchi@gmail.com,Valid till 31st December 2026,image/tourist_guides/U050050000001611476212.jpg,52
ARUNA ABAYASINGHE,Chauffeur,English,0773530248,"No:74/k, zone 07, milleniam city, athurugiriya",C-0965,aruna.abayasinghe@outlook.com,Valid till 31st December 2027,image/tourist_guides/U050050000001629473400.jpg,52
Search for a Tour Guide,,All Languages Arabic Chinese Dutch English French German Greek Hebrew Hindi Hungarian Italian Japanese Korean Mandarian Russian Spanish Swedish Tamil Thai Urdu Search,,,,,,http://www.srilanka.travel/images/theames-new/covidimg.png,52
Tour Guides,,,,,,,,http://www.srilanka.travel/images/theames-new/covidimg.png,52
A.D. CHINTHAKA DE SILVA,Chauffeur,English,0719081390,"No:724/1, police lane, thewaththa rd, ragama",C-0881,dilruktour@gmail.com,Valid till 31st December 2027,image/tourist_guides/U050050000001039475866.jpg,53
L.M.P. JOVINUS SENAKA CABRAL,Chauffeur,English,0776916820,"No:314/b , kapuwagara road, batagama south, kandana",C-0964,PrasannaCabral@gmail.com,Valid till 31st December 2027,image/tourist_guides/U050050000001630473627.jpg,53
HASANTHA KULATHUNGA,Chauffeur,English,0776010433,"No:145, hulangamuwa road, matale",C-0979,hasanthaku@yahoo.com,Valid till 31st December 2027,image/tourist_guides/U050050000001601473744.jpg,53
H. INDIKA DE ALVIS,Chauffeur,English,0772622040,"No:240/a, dope, benthota",C-0968,alwisindikade@gmail.com,Valid till 31st December 2027,image/tourist_guides/U050050000001621475740.jpg,53
R.N. WICKRAMARATNE HAPUGODA,Chauffeur,English,0776776878,"Narendrasinghe mawatha, kundasale, kandy",C-0617,ruckshanhapugoda@gmail.com,Valid till 31st December 2027,image/tourist_guides/U050050000001336474390.jpg,53
D.D. DILHAN WEERAKOON,Chauffeur,English,0714159229,"No:16/18,  p.i.o mawatha, kandana",C-0970,dammikawrkn@gmail.com,Valid till 31st December 2027,image/tourist_guides/U050050000001619473335.jpg,53
R.G. UDAYAKUMARA FONSEKA,Chauffeur,English,0768938380,"No:53/16, keenagahalanda, kalagedihena",C-0980,kumarargu22@gmail.com,Valid till 31st December 2027,image/tourist_guides/U050050000001600473816.jpg,53
C. SURESH YOGARATHNAM,Chauffeur,English,0776136689,"No:395, old haloya, nillambe",C-0997,ramdivya369@gmail.com,Valid till 31st December 2027,image/tourist_guides/U050050000001127475979.jpg,53
Search for a Tour Guide,,All Languages Arabic Chinese Dutch English French German Greek Hebrew Hindi Hungarian Italian Japanese Korean Mandarian Russian Spanish Swedish Tamil Thai Urdu Search,,,,,,http://www.srilanka.travel/images/theames-new/covidimg.png,53
Tour Guides,,,,,,,,http://www.srilanka.travel/images/theames-new/covidimg.png,53
NAWARATHNE RADAGE SELTON NAWARATHNE,Chauffeur,English,0777953280,"No:316/17, gonahena, kadawatha",C-0545,sheltonnawarathna6@gmail.com,Valid till 31st December 2027,image/tourist_guides/U050050000001312475537.JPG,54
K.DON DAYASENA,National,Italian,0773089911,"No:204, kethhena, thebuwana",N-0608,kandegamad@gmail.com,Valid till 31st December 2027,http://srilanka.travel//image/cache/no_profile_image-235x145.jpg,54
G.L. DILUK SAMANTHA PERERA,Chauffeur,English,0777314775,"No:252/d/6, sekkuwella rd, uswatakeiyawa",C-0990,dilu7perera@gmail.com,Valid till 31st December 2027,http://srilanka.travel//image/cache/no_profile_image-235x145.jpg,54
I. CHITHRAJITH JAYAWEERA,Chauffeur,English,"0777607539 Address No:100/60, kurunda road, thalapathpitiya, nugegoda Registration No C-0360 Email somasquick@yahoo.com Validity status of licence: Valid till 31st December 2027","No:538/1/1, ihala biyanwila ,kadawatha",C-0992,tourlanka_ij@yahoo.com,Valid till 31st December 2027,image/tourist_guides/U050050000001137476327.jpg,54
L.G. SOMASIRI LIYANAGE,Chauffeur,English,0777607539,"No:100/60, kurunda road, thalapathpitiya, nugegoda",C-0360,somasquick@yahoo.com,Valid till 31st December 2027,image/tourist_guides/U050050000001250476196.jpg,54
W. UPALI SILVA,Chauffeur,English,0777641275,"No:259, udammita, ja-ela",C-0994,upalisilva820@gmail.com,Valid till 31st December 2027,image/tourist_guides/U050050000001134475917.jpg,54
V.A.J. LALITTH PADMASIRI,Chauffeur,"English Tel 0779080272 Address ""victory villa"", siyambalapitiya, makewita, ja-ela Registration No N-1129 Email nirokar@yahoo.com Validity status of licence: Valid till 31st December 2027",0722246755,"No:88/4, jothipala mawatha, 14th lane, malabe",C-0726,vajayantha@gmail.com,Valid till 31st December 2026,image/tourist_guides/U050050000001129474309.jpg,54
K.C. NIROSHAN PERERA,National,English,0779080272,"""victory villa"", siyambalapitiya, makewita, ja-ela",N-1129,nirokar@yahoo.com,Valid till 31st December 2027,http://srilanka.travel//image/cache/no_profile_image-235x145.jpg,54
Search for a Tour Guide,,All Languages Arabic Chinese Dutch English French German Greek Hebrew Hindi Hungarian Italian Japanese Korean Mandarian Russian Spanish Swedish Tamil Thai Urdu Search,,,,,,http://www.srilanka.travel/images/theames-new/covidimg.png,54
Tour Guides,,,,,,,,http://www.srilanka.travel/images/theames-new/covidimg.png,54
T. UPUL PERERA,Chauffeur,English,0777791234,"No:233/1/b, ahalape rd, neelammahara, boralesgamuwa",C-0995,ceylonpul@gmail.com,Valid till 31st December 2027,image/tourist_guides/U050050000001133476119.jpg,55
S. WIJITH SARATHKUMARA,Chauffeur,English,0773413536,"No:37/3, kotuwe gedara rd, kumbiyangoda, mathale",C-0037,Vijithsarathkumara58@gmail.com,Valid till 31st December 2027,image/tourist_guides/U050050000001475473641.jpg,55
C.A. AJANTHA SILVA,National,"English, Spanish",0773158145,"No:20, fairline rd, dehiwala",N-0086,chrispanish@hotmail.com,Valid till 31st December 2027,image/tourist_guides/U050050000000217472543.jpg,55
U.D. EDIRIWEERA WIJESURIYA,National,English,0714879046,"No:156/1, old kesbewa road, gangodawila, nugegoda",N-1074,haka@sltnet.lk,Valid till 31st December 2027,http://srilanka.travel//image/cache/no_profile_image-235x145.jpg,55
A. T. RANPATIDEWA,National,"English, Russian, Spanish",0779614607,"No:526/a, eriyawetiya, kelaniya",N-0381,anandaranpatidewa@gmail.com,Valid till 31st December 2027,image/tourist_guides/U050050000000361476577.jpeg,55
K.I.N. TISSA THABREW,Area,English,0776900553,"No: 85, shramadhana road, kaluwamodara, aluthgama",A-0522,tissathabrew@gmail.com,Valid till 31st December 2027,http://srilanka.travel//image/cache/no_profile_image-235x145.jpg,55
T. ANTONEY  ALMEIDA,Chauffeur,English,0773823070,"No:371/5, aluthmawatha, bathgammulla, ragama",C-0432,tatyronne@yahoo.com,Valid till 31st December 2027,image/tourist_guides/U050050000001402475964.JPG,55
A.NISHANTHA LAKPRIYA,National,French,0776990606,"No:297/e, sramadana mw, ihalabiyanwila, kadawatha",N-0385,nishanthaabeykoon297@gmail.com,Valid till 31st December 2027,image/tourist_guides/U050050000000348472541.jpg,55
Search for a Tour Guide,,All Languages Arabic Chinese Dutch English French German Greek Hebrew Hindi Hungarian Italian Japanese Korean Mandarian Russian Spanish Swedish Tamil Thai Urdu Search,,,,,,http://www.srilanka.travel/images/theames-new/covidimg.png,55
Tour Guides,,,,,,,,http://www.srilanka.travel/images/theames-new/covidimg.png,55
D.JAYARUK KARUNANANDA,National,German,0777606429,"Mahagama, kohilegedara, kurunegala",N-0603,ireshajk88@gmail.com,Valid till 31st December 2027,image/tourist_guides/U050050000000552126417.jpg,56
R.W.M.M.B. DISSANAYAKE,National,English,0776062134,"No:19, randiya uyana, palapathwala, matale",N-0638,mdissanayake804@gmail.com,Valid till 31st December 2027,image/tourist_guides/U050050000000432128194.jpg,56
S.S.N. DE SILVA,National,"English, German",0777213769,"""arambe nivasa"", maradana rd, moragalla, beruwala",N-0094,sumithndesilva@gmail.com,Valid till 31st December 2027,image/tourist_guides/U050050000000187127994.jpg,56
G.P. SUDARMAN WIDYARATNE,National,Japanese,0777574646,"No:847/20, dodamgahahena, gothatuwa new town",N-0376,widyaratnep@gmail.com,Valid till 31st December 2027,image/tourist_guides/U050050000000378127351.jpg,56
M.K.D. JANAKA PRASANNA,National,German,0777680942,"No:869/1, athurugiriya road, homagama",N-0743,Janakaslmapalagama@gmail.com,Valid till 31st December 2027,image/tourist_guides/U050050000000664132321.jpg,56
A.L. SAMARAWEERA,National,English,0777143391,"No:12, melder place, nugegoda",N-1120,asirisamaraweera@gmail.com,Valid till 31st December 2027,http://srilanka.travel//image/cache/no_profile_image-235x145.jpg,56
K.V. HARENDRA KAMALJITH,National,English,0716308848,"No:46, dehideniya, muruthalawa, kandy",N-1184,harendrakamaljith@Yahoo.com,Valid till 31st December 2027,image/tourist_guides/U050050000000903132358.jpg,56
HARSHA ANURUDDHA VITHANAGE,National,,0776226028,"No:43/2/c, wekada road, rukmale, pannipitiya",N-1092,nofacemonster@gmail.com,Valid till 31st December 2027,http://srilanka.travel//image/cache/no_profile_image-235x145.jpg,56
Search for a Tour Guide,,All Languages Arabic Chinese Dutch English French German Greek Hebrew Hindi Hungarian Italian Japanese Korean Mandarian Russian Spanish Swedish Tamil Thai Urdu Search,,,,,,http://www.srilanka.travel/images/theames-new/covidimg.png,56
Tour Guides,,,,,,,,http://www.srilanka.travel/images/theames-new/covidimg.png,56
W.A.KEERTHI WIJESINGHE,National,"English, French",0777583788,"No:419/12/b, old kottawa road, udahamulla, nugegoda",N-0116,kwijesinghe87@gmail.com,Valid till 31st December 2027,image/tourist_guides/U050050000000132127502.jpg,57
L. KITHSIRI ALAHAKOON,National,English,0777161630,"No:223/10, madiwela rd, udahamulla, nugegoda",N-0415,lalithkia@gmail.com,Valid till 31st December 2027,image/tourist_guides/U050050000000285126353.jpg,57
J. MAHENDREAN JOSEPH,Chauffeur,English,0777772683,"No. 15/1e, st.thesa mawatha. rilaulla, kandana",C-0123,sheronromela27@gmail.com,Valid till 31st December 2026,image/tourist_guides/U050050000001547476342.jpg,57
D. BADDELAGE SUNIL,Chauffeur,English,0718444307,"No:44/13/b, pokunu mawatha, boralesgamuwa",C-0709,dbsunil2015@gmail.com,Valid till 31st December 2027,image/tourist_guides/U050050000001165474115.jpg,57
H.A. UPALI RATHNASIRI,Chauffeur,English,0714744708,"No:114/1, rahula road, angoda",C-0417,Duminda.weeratunga@yahoo.com,Valid till 31st December 2026,image/tourist_guides/U050050000001426475540.jpeg,57
P. MANGALANATHA SURAWEERA,National,English,0773777517,"No:118, 8th lane, new city 11, h.s.batakeththara, piliyandala",N-0710,mangalasuraweera7@gmail.com,Valid till 31st December 2027,http://srilanka.travel//image/cache/no_profile_image-235x145.jpg,57
N. RANJITH COORAY,Chauffeur,English,0776613489,"No:205, delgahawatta, kumarapeli mw, angoda",C-0190,ranjithtto@yahoo.com,Valid till 31st December 2027,image/tourist_guides/U050050000001570475724.jpg,57
M.S.M. NAWFAL HASSAN,Chauffeur,English,0727824134,"No:47a, wijayaba mw, kalubowila, dehiwala",C-0342,hanawfal@yahoo.com,Valid till 31st December 2027,image/tourist_guides/U050050000001496476442.jpg,57
Search for a Tour Guide,,All Languages Arabic Chinese Dutch English French German Greek Hebrew Hindi Hungarian Italian Japanese Korean Mandarian Russian Spanish Swedish Tamil Thai Urdu Search,,,,,,http://www.srilanka.travel/images/theames-new/covidimg.png,57
Tour Guides,,,,,,,,http://www.srilanka.travel/images/theames-new/covidimg.png,57
B. DAYAPALA DE SILVA,Chauffeur,English,0777793279,"No:90, buthpitiya south, buthpitiya",C-0572,bddesilva69@gmail.com,Valid till 31st December 2027,http://srilanka.travel//image/cache/no_profile_image-235x145.jpg,58
W.C. ANTONY DABARERA,Chauffeur,English,0777340861,"Ricoshadow', kammala north, waikkala",C-0366,ricoshad@bluewin.ch,Valid till 31st December 2027,image/tourist_guides/U050050000001230474158.jpg,58
CHANDRA NAGASINGHE,Chauffeur,English,0778446531,"No:55, millenium city, ekala, ja-ela",C-0654,Chandranagasinghe@gmail.com,Valid till 31st December 2027,http://srilanka.travel//image/cache/no_profile_image-235x145.jpg,58
R. ANANDA DE ZOYSA,Chauffeur,English,0767502705,"No:157/d, pasal mw, halpita, polgasowita",C-0465,anandazoysa@gmail.com,Valid till 31st December 2027,http://srilanka.travel//image/cache/no_profile_image-235x145.jpg,58
L.W.A. SAMANTHA WIJESINGHE,Chauffeur,English,0777103532,"No:58/1, st. mery's road, mahabage",C-0462,aswtravels@gmail.com,Valid till 31st December 2027,image/tourist_guides/U050050000001362475788.jpg,58
W.L. VIANNEY THAMEL,National,German,0777709311,"No.45a,angampitiya-west,waikkala.",N-0873,linusthamel@gmail.com,Valid till 31st December 2027,http://srilanka.travel//image/cache/no_profile_image-235x145.jpg,58
KANNANGARA RALAHAMILAGE DON NANDAKUMARA ALWIS JAYASINGHE,Chauffeur,English,0773630729,"No:67/7, woodland mw, kalubowila, dehiwala",C-0029,mihinduaj@gmail.com,Valid till 31st December 2026,image/tourist_guides/U050050000001485475968.jpg,58
A.P. KANKANAMAGE HARISHCHANDRA,Chauffeur,English,0718403208,"Koshena, egal-oya, bulathsinghala",C-0487,apkharischandra@gmail.com,Valid till 31st December 2027,image/tourist_guides/U050050000001282474527.jpeg,58
Search for a Tour Guide,,All Languages Arabic Chinese Dutch English French German Greek Hebrew Hindi Hungarian Italian Japanese Korean Mandarian Russian Spanish Swedish Tamil Thai Urdu Search,,,,,,http://www.srilanka.travel/images/theames-new/covidimg.png,58
Tour Guides,,,,,,,,http://www.srilanka.travel/images/theames-new/covidimg.png,58
K. DURAGE NEWTON,Chauffeur,English,0773211011,"No:185/88/b, u.d.a. house, wickramasinghapura, battaramulla",C-0510,k.dnewton@yahoo.com,Valid till 31st December 2027,image/tourist_guides/U050050000001403474473.jpeg,59
I.R. PRIYANTHA FERNANDO,Chauffeur,English,0764357555,"'bethlehem', kurunduwatta, centre road, nagoda, kalutara",C-0601,remanpriyantha61@gmail.com,Valid till 31st December 2027,image/tourist_guides/U050050000001361476000.jpg,59
JAYAWICKRAMA BOGAHALANDA,Chauffeur,English,0776790380,"No:109/1-3 1/2 mile post, hingurakgala, higurakgoda",C-1000,Wicky.polonnaruwa@gmail.com,Valid till 31st December 2027,image/tourist_guides/U050050000001118475922.jpg,59
R.A.D.T. SANJEEWA SENEVIRATHNE,National,Russian,0773067759,"No:153-6/2/6, trillium residency, elvitigala mw, colombo 08",N-1035,sanjeewa_t@yahoo.com,Valid till 31st December 2027,image/tourist_guides/U050050000000822477861.jpg,59
B.S. LEITEN  FERNANDO,Chauffeur,English,0777875487,"No:111/b/5, laxapathiya road, laxapathiya, moratuwa",C-0561,bslfernando2004@yahoo.com,Valid till 31st December 2027,image/tourist_guides/U050050000001276473482.jpg,59
L.M. PERERA ABEYRATNE,National,Dutch,0777873585,"No:158, dangolla, kandy",N-0755,manju_abeyaratne@hotmail.com,Valid till 31st December 2027,image/tourist_guides/U050050000000625127686.jpg,59
P.V.J. PRIYANJANA PEIRIS,National,English,0772444486,"No:129, thaladuwa road, negombo",N-0738,larshapeiris@gmail.com,Valid till 31st December 2027,image/tourist_guides/U050050000000687127248.jpg,59
H.L. NANDASENA,National,French,0777272269,"No. 47 a, vidyala mawatha., mawilmada, kandy",N-0263,liyanagenandasena@gmail.com,Valid till 31st December 2027,http://srilanka.travel//image/cache/no_profile_image-235x145.jpg,59
Search for a Tour Guide,,All Languages Arabic Chinese Dutch English French German Greek Hebrew Hindi Hungarian Italian Japanese Korean Mandarian Russian Spanish Swedish Tamil Thai Urdu Search,,,,,,http://www.srilanka.travel/images/theames-new/covidimg.png,59
Tour Guides,,,,,,,,http://www.srilanka.travel/images/theames-new/covidimg.png,59
D.L.B.M.C.J WIJESIRI,National,English,0777807939,"No: 72, doolwala, halloluwa, kandy",N-1104,chamigath@gmail.com,Valid till 31st December 2027,http://srilanka.travel//image/cache/no_profile_image-235x145.jpg,60
W. ANTHONY WIJESEKERA,Chauffeur,English,0777043700,"No:33/79, finance watta, balagama north, ja-ela",C-0083,wilhelmwije@gmail.com,Valid till 31st December 2027,image/tourist_guides/U050050000001433475992.jpg,60
TISSA SAMARASINGHE,Chauffeur,English,0777791843,"No:b/6/3/4, hibutu uyana, housing scheme, mulleriyawa",C-0349,tissa.sltours@gmail.com,Valid till 31st December 2027,image/tourist_guides/U050050000001481475877.jpeg,60
D.J. SIRISAGARA KATUGAMPOLA,Chauffeur,English,0779867473,"No:123/a/3, kothalawala, kaduwela",C-0419,jayanthakatu@gmail.com,Valid till 31st December 2027,image/tourist_guides/U050050000001425476258.jpg,60
W. PATABENDIGE LALANTHA,Chauffeur,French,0777745695,"Kasyapagama, habarana",C-0421,wap.lalantha@gmail.com,Valid till 31st December 2027,image/tourist_guides/U050050000001422474602.jpeg,60
M.F. MOHAMED FARDAN,Chauffeur,English,0777889920,"No: 6, hajiar road., darga town",C-0348,uniqfar@gmail.com,Valid till 31st December 2026,http://srilanka.travel//image/cache/no_profile_image-235x145.jpg,60
N. PREMALAL KRIYAWASAM,Area,English,0775905098,"Wemulla watta , udagama , ampitiya , kandy",A-0160,nimalktrv@yahoo.com,Valid till 31st December 2027,http://srilanka.travel//image/cache/no_profile_image-235x145.jpg,60
Y.J. PERERA,National,French,0777354841,"No:11/a, araliya garden, medakanda, mattegoda",N-0261,jayaperera55@gmail.com,Valid till 31st December 2027,http://srilanka.travel//image/cache/no_profile_image-235x145.jpg,60
Search for a Tour Guide,,All Languages Arabic Chinese Dutch English French German Greek Hebrew Hindi Hungarian Italian Japanese Korean Mandarian Russian Spanish Swedish Tamil Thai Urdu Search,,,,,,http://www.srilanka.travel/images/theames-new/covidimg.png,60
Tour Guides,,,,,,,,http://www.srilanka.travel/images/theames-new/covidimg.png,60
W. PATHIRAGE PIYASIRI,Area,English,0763109358,"Pahurumulla , bentota",A-0105,w.piyasiri2020@gmail.com,Valid till 31st December 2027,http://srilanka.travel//image/cache/no_profile_image-235x145.jpg,61
P. CHRISTOPHER BALAKRISHNAN,National,English,0773788334,"No:p-60, niwasiepura, kotugoda",N-0731,sunrisesrilanka@gmail.com,Valid till 31st December 2027,http://srilanka.travel//image/cache/no_profile_image-235x145.jpg,61
T.M. SUNIL WICKRAMASEKERA,Chauffeur,English,0778027199,"No:54/1a, soysa watta, welisara, ragama",C-0312,tharindrasahan@gmail.com,Valid till 31st December 2027,image/tourist_guides/U050050000001528474313.jpg,61
U. PRIYASHANTHA WEERASINGHE,Chauffeur,English,0777135102,"No:3/6, kandawala mawatha, ratmalana",C-0872,uduli.home@gmail.com,Valid till 31st December 2027,image/tourist_guides/U050050000001080473510.jpg,61
M.T. PRIYANGA DABARERA,National,German,0777284426,"No:245/40, kondagammulla, demanhandiya",N-0758,dtishan77@gmail.com,Valid till 31st December 2027,http://srilanka.travel//image/cache/no_profile_image-235x145.jpg,61
HETTIARACHCHIGE  JAYARATHNA,Chauffeur,English,0776074162,"No:175/119, streetas place, wakwella, hapugala, galle",C-0605,he_tti@yahoo.com,Valid till 31st December 2027,image/tourist_guides/U050050000001357475879.jpg,61
B.L.D.A. SAMPTH KARUNARATNE,National,English,0777411019,"Karunani', narammala road, alawwa",N-0744,aselabld@gmail.com,Valid till 31st December 2027,image/tourist_guides/U050050000000657132322.jpg,61
D.S. HYACINTH SAPUTANTRI,Chauffeur,English,0777710967,"No:32/1, ave maria road, negombo",C-0413,shimantha.22@live.com,Valid till 31st December 2027,http://srilanka.travel//image/cache/no_profile_image-235x145.jpg,61
Search for a Tour Guide,,All Languages Arabic Chinese Dutch English French German Greek Hebrew Hindi Hungarian Italian Japanese Korean Mandarian Russian Spanish Swedish Tamil Thai Urdu Search,,,,,,http://www.srilanka.travel/images/theames-new/covidimg.png,61
Tour Guides,,,,,,,,http://www.srilanka.travel/images/theames-new/covidimg.png,61
H.A.S. MOHAMED,National,"English, French, German",0776087460,"No:81, prathibimbarama rd, dehiwela",N-0092,aktharmohamed@gmail.com,Valid till 31st December 2027,http://srilanka.travel//image/cache/no_profile_image-235x145.jpg,62
D.L. ANTON WIJEWARDENA,National,English,0777287843,"No:185/2/a, ""kurulu uyana"", siyabalagoda, polgasowita",N-0599,lalithanton@yahoo.com,Valid till 31st December 2027,http://srilanka.travel//image/cache/no_profile_image-235x145.jpg,62
ARIYATHILAKA HEWAPATHIRANA,Chauffeur,English,0714925259,"No:95/3b, digana road, palanwatta, pannipitiya",C-0512,hasinimalsha94@gmail.com,Valid till 31st December 2027,image/tourist_guides/U050050000001394475942.jpg,62
M. RANJITH PREMAKUMARA ALWIS,Chauffeur,English,0779941484,"No:14/a/7, mahajana mawatha, oruwala, athurugiriya",C-0416,ranjithalwis@ymail.com,Valid till 31st December 2027,image/tourist_guides/U050050000001431473624.jpg,62
S.A.D.D. RANJITH SENANAYAKE,Chauffeur,English,0712775920,"No.69/10a, ramanayake rd , hokandara south, hokandara",C-0732,ranjisenanayake@gmail.com,Valid till 31st December 2027,image/tourist_guides/U050050000001113473805.jpg,62
M.J.I. FERNANDO PULLE,Chauffeur,English,0773072721,"109/6/a arunagiriwatta,hemmulla.kochchikade",C-0475,sanashatravels@gmail.com,Valid till 31st December 2027,http://srilanka.travel//image/cache/no_profile_image-235x145.jpg,62
S.A. KUMARA RANATHUNGA,Chauffeur,English,0773119951,"No:55/31b, sirimal uyana, mattegoda",C-0428,sak.ranathunge@gmail.com,Valid till 31st December 2027,image/tourist_guides/U050050000001409475792.jpg,62
K.A. SISIRA KUMARA,Chauffeur,English,0776067773,"""sisilasa"" , waradala , mallawagedara",C-0737,sisi7374@yahoo.com,Valid till 31st December 2027,image/tourist_guides/U050050000001104476554.jpeg,62
Search for a Tour Guide,,All Languages Arabic Chinese Dutch English French German Greek Hebrew Hindi Hungarian Italian Japanese Korean Mandarian Russian Spanish Swedish Tamil Thai Urdu Search,,,,,,http://www.srilanka.travel/images/theames-new/covidimg.png,62
Tour Guides,,,,,,,,http://www.srilanka.travel/images/theames-new/covidimg.png,62
D.D. AJITH WAIDYASEKERA,Chauffeur,English,0777470560,"No:11/26/1, mangalagama, molagoda, kegalle",C-0543,ajithwaidya64@gmail.com,Valid till 31st December 2027,image/tourist_guides/U050050000001328476176.jpeg,63
R.A.D.G.U.P. GUNARATNE,Chauffeur,English,0777842605,"No:323/3, pasan uyana, weliwita, kaduwela",C-0616,ugladwin@gmail.com,Valid till 31st December 2027,image/tourist_guides/U050050000001337474137.jpg,63
V. WIJETUNGA GUNARATHNA,Chauffeur,English,0777855773,"No:407, ferguson road, mattakkuliya, colombo15",C-0757,tourlanka@yahoo.com,Valid till 31st December 2027,image/tourist_guides/U050050000001067474818.jpg,63
N.W.A. VITHANAGE ANIL,Chauffeur,English,0772280054,"No:197/7/c, 3rd lane, maldeniyawatta, pannipitiya",C-0488,c488anilla@live.com,Valid till 31st December 2027,image/tourist_guides/U050050000001280476461.jpeg,63
P.M.K. THOMAS ARANZE,Chauffeur,English,0776973787,"Galmuruwa, galmuruwa",C-0412,kirthiemudalige@gmail.com,Valid till 31st December 2027,image/tourist_guides/U050050000001450475162.jpg,63
L. GAMINI INDURUWAGE,Chauffeur,English,0772637780,"No:143/2a, avissawella road, hewagama, kaduwela",C-0866,lalithinduru@gmail.com,Valid till 31st December 2027,image/tourist_guides/U050050000001093476197.jpg,63
J.S. GUPTHA DE SILVA,National,German,0776726909,"No:216, malalasekara wattha, eluwila, panadura",N-0409,dekaveen@gmail.com,Valid till 31st December 2027,http://srilanka.travel//image/cache/no_profile_image-235x145.jpg,63
K. APPUHAMILAGE INDRAJITH,Chauffeur,English,0773364872,"No:1s/f2/u1, green valley housing residence, jalthara, hanwella",C-0630,Indrajithkariyawasam057@gmail.com,Valid till 31st December 2027,image/tourist_guides/U050050000001310474579.jpg,63
Search for a Tour Guide,,All Languages Arabic Chinese Dutch English French German Greek Hebrew Hindi Hungarian Italian Japanese Korean Mandarian Russian Spanish Swedish Tamil Thai Urdu Search,,,,,,http://www.srilanka.travel/images/theames-new/covidimg.png,63
Tour Guides,,,,,,,,http://www.srilanka.travel/images/theames-new/covidimg.png,63
N.M. HEMANTHA PERERA,Chauffeur,English,0772613285,"No:140/20, thumbowila road, bokundara",C-0528,mahendra.hemantha@gmail.com,Valid till 31st December 2027,image/tourist_guides/U050050000001367476071.jpg,64
C.S.B. DAMITHA CHANDRATHILAKE,Chauffeur,English,0777757177,"No:194/10, magalegoda, veyangoda",C-0454,damitha@srilankantravels.com,Valid till 31st December 2027,image/tourist_guides/U050050000001373476116.jpg,64
S.S. DARMAPALA SAMARAKKODY,Chauffeur,English,0776369938,"No:626/2/f, senadeera place, gowinna mw, athurugiriya",C-0466,Sunilsamarakkody4343@gmail.com,Valid till 31st December 2026,image/tourist_guides/U050050000001346475109.jpeg,64
U.D.G.J. CHANDANA WIJERATHNA,Chauffeur,English,0777488267,"No: 56/6, mariya gorenthi mawatha, rilaulla, kandana",C-0308,lassanalanka3027@gmail.com,Valid till 31st December 2027,image/tourist_guides/U050050000001531476542.jpg,64
DHAMAWARDENA COLONNE,Chauffeur,English,0723568373,"The alwis road, warahena, bentota",C-0582,dharmawardenacolonne@gmail.com,Valid till 31st December 2027,image/tourist_guides/U050050000001210476295.jpeg,64
G.D.N. DAYANANDA,National,German,0777403798,"No:185, kommala, bentota",N-0405,nimaldayananda55@gmail.com,Valid till 31st December 2027,http://srilanka.travel//image/cache/no_profile_image-235x145.jpg,64
S.D.F. SUSANTHA,National,Japanese,0777154133,"No:99/28, old d.r.o. road, kandana",N-0106,felixsusantha@gmail.com,Valid till 31st December 2027,image/tourist_guides/U050050000000150132274.jpg,64
K.L. KAPILA CHANDRARATHNE,Chauffeur,English,0777359735,"No:139/3/4, samanvila garden, demanhandiya, katana",C-0923,kapila_kl@yahoo.com,Valid till 31st December 2027,image/tourist_guides/U050050000001726475997.jpg,64
Search for a Tour Guide,,All Languages Arabic Chinese Dutch English French German Greek Hebrew Hindi Hungarian Italian Japanese Korean Mandarian Russian Spanish Swedish Tamil Thai Urdu Search,,,,,,http://www.srilanka.travel/images/theames-new/covidimg.png,64
Tour Guides,,,,,,,,http://www.srilanka.travel/images/theames-new/covidimg.png,64
R. PATHIRANAGE CHANDRADASA,Area,English,0722925997,"No: 77, u.c. quarters, new town, anuradhapura",A-1000,chandratours1@gmail.com,Valid till 31st December 2027,http://srilanka.travel//image/cache/no_profile_image-235x145.jpg,65
D. RANJITH SUDASINGHE,Chauffeur,English,0777704247,"No:259/4, vijaya kumaratunga mw, colombo-05",C-0193,ranjith90@hotmail.com,Valid till 31st December 2027,image/tourist_guides/U050050000001566473648.jpg,65
P.S. RANJITH SENADHEERA,Area,English,0771585064,"""anura nivasa"", diyamailagaswewa, mahapokuna",A-0215,sena_ecotour@yahoo.com,Valid till 31st December 2026,http://srilanka.travel//image/cache/no_profile_image-235x145.jpg,65
K.K.C. VIPULA JAYAWEERA,Chauffeur,English,0777805253,"No: 98/16, talwatta, gonawala, kelaniya",C-0327,chandima.jaya@gmail.com,Valid till 31st December 2027,image/tourist_guides/U050050000001518475611.jpg,65
T.M.A. BANDARA EKANAYAKA,National,English,0777231131,"No:566/29, 16th lane, mihindu mw, malambe",N-1029,anuraekanayake2212@gmail.com,Valid till 31st December 2027,image/tourist_guides/U050050000000841126405.jpg,65
S. MANEL SAMARASINGHE,Chauffeur,English,0777434974,"No:526/1, welikanda, ahungalla",C-0706,joinsarath@yahoo.com,Valid till 31st December 2026,image/tourist_guides/U050050000001170476328.jpg,65
G.K. STANLEY GAJANAYAKE,National,Italian,0777115885,"No:11/k, asiri uyana, neelammahara rd, katuwavala, borelasgamuwa",N-0736,stanleygajanayake@gmail.com,Valid till 31st December 2027,http://srilanka.travel//image/cache/no_profile_image-235x145.jpg,65
K.P. ABEYSINGHE GUNASEKERA,Chauffeur,English,0777940163,"No:75/a, katuwapitiya road, negombo",C-0665,Prasadgun65@gmail.com,Valid till 31st December 2027,image/tourist_guides/U050050000001218476104.jpg,65
Search for a Tour Guide,,All Languages Arabic Chinese Dutch English French German Greek Hebrew Hindi Hungarian Italian Japanese Korean Mandarian Russian Spanish Swedish Tamil Thai Urdu Search,,,,,,http://www.srilanka.travel/images/theames-new/covidimg.png,65
Tour Guides,,,,,,,,http://www.srilanka.travel/images/theames-new/covidimg.png,65
M. NALAKA PALIPANA,National,German,0777900023,"No:101/3/b, pillawa road, dalupotha, negombo",N-0715,nalaka@islandadventures.lk,Valid till 31st December 2027,image/tourist_guides/U050050000000761132317.jpg,66
K.A. UPALI THABREW,Chauffeur,English,0777159567,"No:75/d, galle rd, kaluwamodara,  aluthgama",C-0636,upalithabrew@gmail.com,Valid till 31st December 2027,image/tourist_guides/U050050000001289476167.jpg,66
M.M. UPUL GAMINI,Chauffeur,English,0716303062,"No:82/31/b, kakkelewatta, pallewela",C-0880,upul_gamini@yahoo.com.sg,Valid till 31st December 2027,image/tourist_guides/U050050000001042475220.jpg,66
P. NEEL DE ALWIS,Area,English,077605045,"Pelwatta, dope, bentota",A-1013,neeldealwis2020@gmail.com,Valid till 31st December 2027,http://srilanka.travel//image/cache/no_profile_image-235x145.jpg,66
R.W. ERERASTUS NIMAL,Chauffeur,English,0773837055,"No:122/11, jude road, nagoda, kandana",C-0530,rwnimalrajapaksha59@gmail.com,Valid till 31st December 2027,image/tourist_guides/U050050000001349474395.jpg,66
M. DHAMMIKA SUNANDA,National,French,0777353644,"No:261/2, madawalawila road, homagama",N-1193,sunandadammika@gmail.com,Valid till 31st December 2027,http://srilanka.travel//image/cache/no_profile_image-235x145.jpg,66
D.DARSHANA SILVA,National,"English Tel 0711077578 Address ""sisila"", middenigoda, hakmana Registration No N-1200 Email lokudadallagearuna84@gmail.com Validity status of licence: Valid till 31st December 2027",0777206561,"No:223/a, butterfly villa, moragalla, beruwala",N-1197,darshanasilva200@gmail.com,Valid till 31st December 2027,http://srilanka.travel//image/cache/no_profile_image-235x145.jpg,66
L.D.ARUNA SHANTHA,National,English,0711077578,"""sisila"", middenigoda, hakmana",N-1200,lokudadallagearuna84@gmail.com,Valid till 31st December 2027,http://srilanka.travel//image/cache/no_profile_image-235x145.jpg,66
Search for a Tour Guide,,All Languages Arabic Chinese Dutch English French German Greek Hebrew Hindi Hungarian Italian Japanese Korean Mandarian Russian Spanish Swedish Tamil Thai Urdu Search,,,,,,http://www.srilanka.travel/images/theames-new/covidimg.png,66
Tour Guides,,,,,,,,http://www.srilanka.travel/images/theames-new/covidimg.png,66
A.S. SRI WIJETUNGA,National,English,0774837922,"No:689/2, highlevel rd, gangodawila, nugegoda",N-1240,subashsrilanks@gmail.com,Valid till 31st December 2027,http://srilanka.travel//image/cache/no_profile_image-235x145.jpg,67
R.M.S.G. BANDARA RATHNAYAKA,National,Russian,0773246242,"No:415/1, dharmashoka mw, ihala biyanwila, kadawatha",N-1199,gokulabr@yahoo.com,Valid till 31st December 2027,image/tourist_guides/U050050000000779472537.jpg,67
J.A.S.RATNAWEERA JAYAKODY,National,English,0722990241,"No:75/1, 2/3 lane, wew asirigama, new town, embilipitiya",N-0578,sumithjay67@gmail.com,Valid till 31st December 2027,http://srilanka.travel//image/cache/no_profile_image-235x145.jpg,67
K. LEKAMGE SUSANTHA,Chauffeur,English,0777569084,"No:156/4, nathuduwa, kelaniya",C-0380,susanthalekamge1968@gmail.com,Valid till 31st December 2027,image/tourist_guides/U050050000001208473601.jpeg,67
R.M.S. SRI KALADENIYA,National,Russian,0713100465,"No:55/2/a, bowala watta, kandy",N-1216,kaladeniya@mail.ru,Valid till 31st December 2027,image/tourist_guides/U050050000000912127987.jpg,67
M.G.D.NISHAN GAMAGE,National,English,0776115321,"No:74, pihilla watta, matale north, kawudupelella",N-0740,nishanmudugamuwa@gmail.com,Valid till 31st December 2027,image/tourist_guides/U050050000000674133129.jpg,67
P.A. PRABATH CHAMINDA,National,Russian,0767320732,"No:1/114, galloluwa, weliweriya",N-1213,chamindapelenda@gmail.com,Valid till 31st December 2027,image/tourist_guides/U050050000000863127245.jpg,67
J.S. SIRI FERNANDO,Chauffeur,English,0776588200,"No:108/1a, chilaw road, negombo",C-0541,jsisira@gmail.com,Valid till 31st December 2027,http://srilanka.travel//image/cache/no_profile_image-235x145.jpg,67
Search for a Tour Guide,,All Languages Arabic Chinese Dutch English French German Greek Hebrew Hindi Hungarian Italian Japanese Korean Mandarian Russian Spanish Swedish Tamil Thai Urdu Search,,,,,,http://www.srilanka.travel/images/theames-new/covidimg.png,67
Tour Guides,,,,,,,,http://www.srilanka.travel/images/theames-new/covidimg.png,67
U. PINNADUWAGE,National,German,0774730220,"""nelum sewana"", thiranagama, hikkaduwa",N-0384,upalihikkaduwa@gmail.com,Valid till 31st December 2027,http://srilanka.travel//image/cache/no_profile_image-235x145.jpg,68
M.A. MOHAMMED AMZIL,National,Spanish,0775228605,"No:15/10, stuwart street, colombo-02",N-1211,amzil31@ymail.com,Valid till 31st December 2027,image/tourist_guides/U050050000000865127247.jpg,68
M.M. NIYAZ,National,"English, French",0771359288,"No:62/3-b, srimahavihara rd, kalubowila",N-0082,mmniyaz@yahoo.com,Valid till 31st December 2027,image/tourist_guides/U050050000000244137010.jpg,68
S. KOSALA UDUGAMA,National,Japanese,0777527482,"No:440/c, kitulhena, mattegoda",N-0592,kudugama@yahoo.com,Valid till 31st December 2027,http://srilanka.travel//image/cache/no_profile_image-235x145.jpg,68
W.A. KANTHA PERERA,Chauffeur,English,0777629027,"No:736/2/3, rukmale road, kotttawa",C-0544,wakperera69@gmail.com,Valid till 31st December 2027,image/tourist_guides/U050050000001319475217.jpeg,68
M. DON CHANDRASOORIYA,Chauffeur,English,0710915808,"No:29/24, wawanawatta road, mampe, piliyandala",C-0383,mdchandrasooriya@yahoo.com,Valid till 31st December 2026,image/tourist_guides/U050050000001206476259.jpg,68
M. SANJEEWA MENDIS,National,English,0773038499,"No:21, 6th cross lane, borupana road, ratmalana",N-0753,mendissanjeewa@yahoo.com,Valid till 31st December 2027,image/tourist_guides/U050050000000627476566.jpg,68
K.P. SWOJINI  EROSHIKA .,National,Chinese,0723456823,"No:05, ma eliya, ja-ela",N-1084,eroshikakarunanayaka@yahoo.com,Valid till 31st December 2027,image/tourist_guides/U050050000000691133003.jpg,68
Search for a Tour Guide,,All Languages Arabic Chinese Dutch English French German Greek Hebrew Hindi Hungarian Italian Japanese Korean Mandarian Russian Spanish Swedish Tamil Thai Urdu Search,,,,,,http://www.srilanka.travel/images/theames-new/covidimg.png,68
Tour Guides,,,,,,,,http://www.srilanka.travel/images/theames-new/covidimg.png,68
H.A. SUJANTHA DE SILVA,Area,English,0776270258,"Waturegama, ahungalla",A-0601,anilsujanthadesilva@gmail.com,Valid till 31st December 2027,http://srilanka.travel//image/cache/no_profile_image-235x145.jpg,69
J. WICKRAMA SIRI SILVA,Chauffeur,English,0776177668,"""frans niwasa"", no: 425/10, kadawarayawatta, gangaboda road, aluthgama",C-0626,fransguesthouse@gmail.com,Valid till 31st December 2027,image/tourist_guides/U050050000001318476466.jpg,69
J.S.K.C.SANJEEWA DE SILVA,Area,English,0777397225,"No.169/a,gammedda road, kaluwamodara ,aluthgama",A-0282,chirandesilva2022@gmail.com,Valid till 31st December 2027,http://srilanka.travel//image/cache/no_profile_image-235x145.jpg,69
H.A.PRIYANKARA DE SILVA,Area,English,0777604604,"Sunnysguesthouse, akurala, kahawa.",A-0134,daddyculz69@gmail.com,Valid till 31st December 2027,http://srilanka.travel//image/cache/no_profile_image-235x145.jpg,69
P.K. UJITHA SENARATHNA,National,German,0772603264,"No:61/b, siriniwasa mw, kalutara",N-1228,ujithasenarathne@gmail.com,Valid till 31st December 2027,http://srilanka.travel//image/cache/no_profile_image-235x145.jpg,69
G. JAYARATHNA BANDA,Site,"English Tel 0777759430 Address No:15b, temple road, hapugoda, kandana Registration No C-0652 Email pganegama@yahoo.com Validity status of licence: Valid till 31st December 2027",0715610833,"No:67/c, kayanwala, sigiriya",S-0115,thissajayarathne28@gmail.com,Valid till 31st December 2027,http://srilanka.travel//image/cache/no_profile_image-235x145.jpg,69
PREMARATHNE GANEGAMA,Chauffeur,English,0777759430,"No:15b, temple road, hapugoda, kandana",C-0652,pganegama@yahoo.com,Valid till 31st December 2027,image/tourist_guides/U050050000001252475691.jpg,69
ISANKA CHAMALIE WEERAWICKRAMA GUNAWARDANA,National,,0772277224,"No:391/c 14, sisilasa gardens, 2nd lane, river rd, medagama, bandaragama",N-1231,isanka.aurora@yahoo.com,Valid till 31st December 2027,http://srilanka.travel//image/cache/no_profile_image-235x145.jpg,69
Search for a Tour Guide,,All Languages Arabic Chinese Dutch English French German Greek Hebrew Hindi Hungarian Italian Japanese Korean Mandarian Russian Spanish Swedish Tamil Thai Urdu Search,,,,,,http://www.srilanka.travel/images/theames-new/covidimg.png,69
Tour Guides,,,,,,,,http://www.srilanka.travel/images/theames-new/covidimg.png,69
H.L. SUDHARSHANA PERERA,Chauffeur,English,0776729456,"No:119/2, oruthota road, mudungoda",C-0733,sudharshana67@gmail.com,Valid till 31st December 2027,image/tourist_guides/U050050000001112475728.jpg,70
KATUWAWALA GAMAGE ATHULA SIRIMANNA,National,"English Tel 0777176052 Address No: 206, ehalagala, sigiriya Registration No A-0236 Email nissankapremadasa123@gmail.com Validity status of licence: Valid till 31st December 2027",0775985362,"No:39/2, galle road, kaluwamodara, aluthgama",N-1232,athulatea@gmail.com,Valid till 31st December 2027,http://srilanka.travel//image/cache/no_profile_image-235x145.jpg,70
H. MADA GEDARA PREMADASA,Area,English,0777176052,"No: 206, ehalagala, sigiriya",A-0236,nissankapremadasa123@gmail.com,Valid till 31st December 2027,http://srilanka.travel//image/cache/no_profile_image-235x145.jpg,70
G. WICKRAMASINGHE BANDA,Area,English,0775349841,"Kayamwala, sigiriya",A-0235,gamagedarawickramasinha13579@gmail.com,Valid till 31st December 2027,http://srilanka.travel//image/cache/no_profile_image-235x145.jpg,70
R.M. CHAMINDA HEMAL AMARAJITH,Area,English,0715770455,"Near the rest house , sigiriya",A-0180,hemalsigiriya@gmail.com,Valid till 31st December 2027,http://srilanka.travel//image/cache/no_profile_image-235x145.jpg,70
H.T.R. KUMARA GUNARATNE,Area,English,0777823401,"4th mile post  ,sigiriya road , kimbissa",A-0179,mowgliravi@gmail.com,Valid till 31st December 2027,http://srilanka.travel//image/cache/no_profile_image-235x145.jpg,70
B.H. PRASANNA KUMARA,Chauffeur,English,0718030992,"No:105, kottawa road, mawiththara, piliyandala",C-0892,bhprasanakumara@gmail.com,Valid till 31st December 2027,http://srilanka.travel//image/cache/no_profile_image-235x145.jpg,70
R.A.N. SUMITH RANAWAKA,Area,English,0770830540,"Kalapuraya,sigiriya",A-0232,nishansumith232@gmail.com,Valid till 31st December 2027,http://srilanka.travel//image/cache/no_profile_image-235x145.jpg,70
Search for a Tour Guide,,All Languages Arabic Chinese Dutch English French German Greek Hebrew Hindi Hungarian Italian Japanese Korean Mandarian Russian Spanish Swedish Tamil Thai Urdu Search,,,,,,http://www.srilanka.travel/images/theames-new/covidimg.png,70
Tour Guides,,,,,,,,http://www.srilanka.travel/images/theames-new/covidimg.png,70
S.M.R. MILTON SAMARAKOON,Area,English,0779170731,"Kayanwala,sigiriya",A-0177,miltansigiriya@gmail.com,Valid till 31st December 2027,http://srilanka.travel//image/cache/no_profile_image-235x145.jpg,71
W.G. NIMAL MADDUMA BANDARA,Area,English,0725687855,"Kalpuraya, sigiriya",A-0227,nimalmadduma123@gmail.com,Valid till 31st December 2027,http://srilanka.travel//image/cache/no_profile_image-235x145.jpg,71
H.M. PRIYANTHA KARUNARATHNA,Area,English,0712351349,"Ehalagala, sigiriya",A-0224,karunarathnepriyantha799@gmail.com,Valid till 31st December 2027,http://srilanka.travel//image/cache/no_profile_image-235x145.jpg,71
GAMAGEDARA JAYARATNE,Area,English,0771383198,"Sigiriya road, kimbissa",A-0223,gamagedarajayarathna123@gmail.com,Valid till 31st December 2027,http://srilanka.travel//image/cache/no_profile_image-235x145.jpg,71
N. KALYANIRATHNA HAPUARACHCHI,Chauffeur,English,0775520270,"No:69/6b, wickramasinghe pura, battaramulla",C-0753,nirmalkalyanirathnahapu@gmail.com,Valid till 31st December 2027,image/tourist_guides/U050050000001068475219.jpg,71
T. BADALGE LAXMAN,National,English,0777891245,"No:52/6a, halpe mawatha, kandana",N-0402,laxman112224@gmail.com,Valid till 31st December 2027,image/tourist_guides/U050050000000318127990.jpg,71
M.M. UPALI KULAWANSA,Site,,0764073835,"No:247, new town, sigiriya",S-0106,upalikulawansa13579@gmail.com,Valid till 31st December 2027,http://srilanka.travel//image/cache/no_profile_image-235x145.jpg,71
H.M. SAMEERA KARUNARATHNE,Site,,0775393838,"Thalkote road, ehalagala, sigiriya",S-0117,sameerakarunarathna38@gmail.com,Valid till 31st December 2027,http://srilanka.travel//image/cache/no_profile_image-235x145.jpg,71
Search for a Tour Guide,,All Languages Arabic Chinese Dutch English French German Greek Hebrew Hindi Hungarian Italian Japanese Korean Mandarian Russian Spanish Swedish Tamil Thai Urdu Search,,,,,,http://www.srilanka.travel/images/theames-new/covidimg.png,71
Tour Guides,,,,,,,,http://www.srilanka.travel/images/theames-new/covidimg.png,71
K.P.G. ERANDA MAHESH,National,English,0776785394,"No:11/4, bandaradeniya lane, nawinna, maharagama",N-1144,maheshpalliyaguruge79@gmail.com,Valid till 31st December 2027,http://srilanka.travel//image/cache/no_profile_image-235x145.jpg,72
M.A.P. MAHESH BANDARA,Site,"English Tel 0712726874 Address No:323/1, rajagiriya road, rajagiriya Registration No C-0879 Email athulanishantha1@gmail.com Validity status of licence: Valid till 31st December 2027",0712632358,"No:74/c/01, kayamwala, sigiriya",S-0113,mbandara442@gmail.com,Valid till 31st December 2027,http://srilanka.travel//image/cache/no_profile_image-235x145.jpg,72
N.G.M. ATHULA NISHANTHA,Chauffeur,English,0712726874,"No:323/1, rajagiriya road, rajagiriya",C-0879,athulanishantha1@gmail.com,Valid till 31st December 2027,image/tourist_guides/U050050000001043475882.jpg,72
S.D. SANTHA KUMARA,Site,,0775050859,"No:305/01, kalapuraya, sigiriya",S-0108,mangovillasigiriya@gmail.com,Valid till 31st December 2027,image/tourist_guides/U050050000002263128390.jpg,72
L.K.J. RUWAN PERERA,Site,,0776732062,"No:105, sigiriya road, kimbissa",S-0118,janakaruwan13579@gmail.com,Valid till 31st December 2027,http://srilanka.travel//image/cache/no_profile_image-235x145.jpg,72
W.M.A. SAMPATH WIJENAYAKE,Site,,0778256989,"No:114/a, new village, sigiriya",S-0128,sampathvijenayaka13579@gmail.com,Valid till 31st December 2027,http://srilanka.travel//image/cache/no_profile_image-235x145.jpg,72
G. SENARATHNA BANDA,Site,,0711526621,"No:207, kayanwala, sigiriya",S-0127,gamagedarasenarathna2468@gmail.com,Valid till 31st December 2027,http://srilanka.travel//image/cache/no_profile_image-235x145.jpg,72
G. GAMINI ILANGERATHNA,Site,,0665614533,"No:188, kayanwala, sigiriya",S-0129,gaminiilangarathna1234@gmail.com,Valid till 31st December 2027,http://srilanka.travel//image/cache/no_profile_image-235x145.jpg,72
Search for a Tour Guide,,All Languages Arabic Chinese Dutch English French German Greek Hebrew Hindi Hungarian Italian Japanese Korean Mandarian Russian Spanish Swedish Tamil Thai Urdu Search,,,,,,http://www.srilanka.travel/images/theames-new/covidimg.png,72
Tour Guides,,,,,,,,http://www.srilanka.travel/images/theames-new/covidimg.png,72
T.C. CHITHRAL DE SILVA,National,Russian,0769701631,"No:98/a, galle road, pohaddaramulla, wadduwa",N-1036,chandikaina@yahoo.com,Valid till 31st December 2027,image/tourist_guides/U050050000000820126328.jpg,73
G.M.K. ALUTHWATHTHA,National,English,0726106729,"No:h/320, mawela, hingula, mawanella",N-1235,mahendraaluthwaththa677@gmail.com,Valid till 31st December 2027,http://srilanka.travel//image/cache/no_profile_image-235x145.jpg,73
NIHAL PERUMATHANTHRI,Chauffeur,English,0777823271,"No:75/31, galpotta road, nawala, rajagiriya",C-0513,nperumathanthri@gmail.com,Valid till 31st December 2027,image/tourist_guides/U050050000001391474252.jpg,73
M. ANURA PERERA,Chauffeur,English,0777686919,"No:27/7, weeraman road, panadura",C-0568,anuraperera121@gmail.com,Valid till 31st December 2027,image/tourist_guides/U050050000001248473745.jpg,73
KONARA MUDIYANSELAGE MUTHUBANDA,Chauffeur,English,0716013768,"No:7/c/41, jayawadanagama, battaramulla",C-0142,muthu.banda85@gmail.com,Valid till 31st December 2026,image/tourist_guides/U050050000001522475187.jpg,73
M.A. SISIRA KUMARA,National,Russian,0777386782,"No:164/1//g, sarasavi uyana, eksath suhada mv, pahala biyanwila, kadawatha",N-0782,smadurawake@gmail.com,Valid till 31st December 2027,image/tourist_guides/U050050000000539473351.jpeg,73
H.M.W.U. KUMARA HERATH,National,German,0773026627,"No:57/4, d.b. jayathilaka mw, pilapitiya, kelaniya",N-1236,wudayakumara70@gmail.com,Valid till 31st December 2027,http://srilanka.travel//image/cache/no_profile_image-235x145.jpg,73
K. JAYASENA,Area,English,0779921104,"Pannamgoda, middle road, hikkaduwa",A-0457,jayasenakahingala@gmail.com,Valid till 31st December 2027,image/tourist_guides/U050050000001940135763.jpg,73
Search for a Tour Guide,,All Languages Arabic Chinese Dutch English French German Greek Hebrew Hindi Hungarian Italian Japanese Korean Mandarian Russian Spanish Swedish Tamil Thai Urdu Search,,,,,,http://www.srilanka.travel/images/theames-new/covidimg.png,73
Tour Guides,,,,,,,,http://www.srilanka.travel/images/theames-new/covidimg.png,73
H.D. VICTOR,National,German,0777102251,"No:395/a, swiss cottage, hendala road, wattala",N-0254,victorgaddshsb123@gmail.com,Valid till 31st December 2027,http://srilanka.travel//image/cache/no_profile_image-235x145.jpg,74
DAYARATNE LAMAHEWA,National,"French, German",0777852196,"'diyadahara', mahawatta, batapola",N-0732,dlama@sltnet.lk,Valid till 31st December 2027,image/tourist_guides/U050050000000711473646.jpg,74
K. ARACHCHIGE THILAKARATHNA,Chauffeur,"French Tel 0777258871 Address No:113/25, megoda, kalugamuwa, peradeniya Registration No N-0730 Email gentiess@yahoo.com Validity status of licence: Valid till 31st December 2027",0777420476,"No:411/3, chandra mw, habarakada, homagama",C-0430,kodithilak@gmail.com,Valid till 31st December 2027,image/tourist_guides/U050050000001407476279.jpg,74
S. RUHUNU HEWA,National,French,0777258871,"No:113/25, megoda, kalugamuwa, peradeniya",N-0730,gentiess@yahoo.com,Valid till 31st December 2027,http://srilanka.travel//image/cache/no_profile_image-235x145.jpg,74
S.P. KUMARA HETTIARACHCHI,Chauffeur,English,0776001716,"No:10, 2nd lane, station road, udahamulla, nugegoda",C-0478,hettisumith@yahoo.com,Valid till 31st December 2027,image/tourist_guides/U050050000001304474090.jpg,74
H.M. SENAVIRATNE BANDARA,National,English,0767490868,"No:266/5, ambagahalanda, madahapola",N-1021,hmsene@gmail.com,Valid till 31st December 2027,http://srilanka.travel//image/cache/no_profile_image-235x145.jpg,74
K.A. HARISCHANDRA PERERA,Chauffeur,English,"0713381757 Address Ambatalagama, mihintale Registration No A-0707 Email chamikamadhurangani@gmail.com Validity status of licence: Valid till 31st December 2027","No:23/2, liyanage mawatha, nawala road, nawala",C-0611,pasanni@yahoo.com,Valid till 31st December 2027,image/tourist_guides/U050050000001350474167.jpg,74
W.M. VAJIRA MANORAJ,Area,English,0713381757,"Ambatalagama, mihintale",A-0707,chamikamadhurangani@gmail.com,Valid till 31st December 2027,http://srilanka.travel//image/cache/no_profile_image-235x145.jpg,74
Search for a Tour Guide,,All Languages Arabic Chinese Dutch English French German Greek Hebrew Hindi Hungarian Italian Japanese Korean Mandarian Russian Spanish Swedish Tamil Thai Urdu Search,,,,,,http://www.srilanka.travel/images/theames-new/covidimg.png,74
Tour Guides,,,,,,,,http://www.srilanka.travel/images/theames-new/covidimg.png,74
K.G. GAMINI WICKRAMASINGHE,National,"English, Korean",0776606580,"No:17, murungahitikanda rd, maha alagamuwa, kekirawa",N-1201,kggamini1201@gmail.com,Valid till 31st December 2027,image/tourist_guides/U050050000000776127995.jpg,75
R.M.S. KAPILARATHNA,Area,English,0716506048,"2nd lane,trinco road. mihintale",A-0661,Susantha.kapila@yahoo.com,Valid till 31st December 2027,http://srilanka.travel//image/cache/no_profile_image-235x145.jpg,75
E. RANDOLPH GUNAWARDENA,National,German,0777035689,"No:234/d, mullapitiya rd, kaluwamodara, aluthgama",N-1022,sealiontours@yahoo.com,Valid till 31st December 2027,http://srilanka.travel//image/cache/no_profile_image-235x145.jpg,75
D. MAHENDRA KITHSIRI,Site,,0768213020,"""anoma"" , kandavihara road , kaluwamodara, aluthgama",S-0039,mahendrakithsiri2002@gmail.com,Valid till 31st December 2027,image/tourist_guides/U050050000002190129583.jpg,75
D.D.M.G. SHANTHA WEDAGEDARA,Site,,0774439732,"No:131, 4th mile post, maha kimbissa, sigiriya",S-0112,shanthawedagedara226@gmail.com,Valid till 31st December 2027,http://srilanka.travel//image/cache/no_profile_image-235x145.jpg,75
A.G. PATHMASIRI RAJAPAKSA,Site,"English Tel 0776589790 Address No:85/a-1/1, canal bank road, kalubowila Registration No N-0398 Email manoriperera1980@yahoo.com Validity status of licence: Valid till 31st December 2027",0774715846,"No:37/e, pidurangala, sigiriya",S-0122,padmasirirajapaksha123@gmail.com,Valid till 31st December 2027,http://srilanka.travel//image/cache/no_profile_image-235x145.jpg,75
K.U. KORALAGE,National,English,0776589790,"No:85/a-1/1, canal bank road, kalubowila",N-0398,manoriperera1980@yahoo.com,Valid till 31st December 2027,http://srilanka.travel//image/cache/no_profile_image-235x145.jpg,75
A. LAKSHMAN HEWAPATHIRANA,Chauffeur,Italian,0773397463,"No:193-2a, samagi mawatha, pituwalgoda, yakkala",C-0807,ashoka.hewapathirana1@gmail.com,Valid till 31st December 2027,image/tourist_guides/U050050000001398473475.jpg,75
Search for a Tour Guide,,All Languages Arabic Chinese Dutch English French German Greek Hebrew Hindi Hungarian Italian Japanese Korean Mandarian Russian Spanish Swedish Tamil Thai Urdu Search,,,,,,http://www.srilanka.travel/images/theames-new/covidimg.png,75
Tour Guides,,,,,,,,http://www.srilanka.travel/images/theames-new/covidimg.png,75
D.B. CHAMINDA BANDARA,Chauffeur,,0773506962,"No:01, roslin hill estate, hindagala",C-1171,dbcbandara1976@gmail.com,Valid till 31st December 2027,image/tourist_guides/U050050000002327476486.jpeg,76
ALUTH GEDARA SUSANTHA KUMARA RATHNAYAKA,Site,"English Tel 0776100359 Address No:89, dambahena road, maharagama Registration No C-0011 Email gniralgama@gmai.com Validity status of licence: Valid till 31st December 2026",0779933738,"No:68/a/01, kayanwala, sigiriya",S-0132,susanthaaluthgedara456@gmail.com,Valid till 31st December 2027,http://srilanka.travel//image/cache/no_profile_image-235x145.jpg,76
N. GAMAATHIGE GUNAPALA,Chauffeur,English,0776100359,"No:89, dambahena road, maharagama",C-0011,gniralgama@gmai.com,Valid till 31st December 2026,image/tourist_guides/U050050000001497474603.jpg,76
R.P.D.P. THUSHARI RAJAPAKSE,National,English,0773668617,"No:86/10, gonamadiththa rd, kesbewa, piliyandala",N-1015,thushari.r@gmail.com,Valid till 31st December 2027,image/tourist_guides/U050050000000881134109.jpg,76
S.P. LAKMINI DANGALLE,Chauffeur,English,0777567561,"No:62/4/a, dhammadara mawatha, rathmalana",C-0971,lakydangalle@gmail.com,Valid till 31st December 2027,image/tourist_guides/U050050000001615474587.jpg,76
WATHUDURAGE  ARIYARATNA,Area,"English Tel 0778521986 Address C 54, othnapitiya, nelundeniya Registration No C-0483 Email aruna.rathnayake17@gmail.com Validity status of licence: Valid till 31st December 2027",0777644535,"Gammaduwatta, patuwatta, dodanduwa",A-0464,ariyaratnaw@gmail.com,Valid till 31st December 2027,image/tourist_guides/U050050000001934131614.jpg,76
B.R.M. ARUNA RATHNAYAKA,Chauffeur,English,0778521986,"C 54, othnapitiya, nelundeniya",C-0483,aruna.rathnayake17@gmail.com,Valid till 31st December 2027,image/tourist_guides/U050050000001299476002.jpg,76
P. PERERA HIDELLARACHCHI,National,English,0777787897,"No:152/5, anderson road, dehiwala",N-1241,nadimala.152@gmail.com,Valid till 31st December 2027,image/tourist_guides/U050050000000823129934.jpg,76
Search for a Tour Guide,,All Languages Arabic Chinese Dutch English French German Greek Hebrew Hindi Hungarian Italian Japanese Korean Mandarian Russian Spanish Swedish Tamil Thai Urdu Search,,,,,,http://www.srilanka.travel/images/theames-new/covidimg.png,76
Tour Guides,,,,,,,,http://www.srilanka.travel/images/theames-new/covidimg.png,76
M.M. MAHESH KARUNARATHNE,National,German,0771969645,"No. 64, sri sumangala road, (north), kalutara north",N-0620,weleliya@yahoo.com,Valid till 31st December 2027,image/tourist_guides/U050050000000483132314.jpg,77
K. D. LIONEL NANAYAKKARA,National,German,0777855154,"No:141/a, enderamulla, wattala",N-0413,laya855@gmail.com,Valid till 31st December 2027,image/tourist_guides/U050050000000294126398.jpg,77
P.D.J. THEVIN DISSANAYAKE,National,English,0777315384,"No:325/16, hospital junction, nagoda, kalutara",N-1111,janakathevin@yahoo.com,Valid till 31st December 2027,http://srilanka.travel//image/cache/no_profile_image-235x145.jpg,77
P.M. CHAMINDA THISERA,Area,English,0724418046,"No: 165/4, st. sebastian road, katukurunda , kalutara",A-0456,marksrilanka.abc@gmail.com,Valid till 31st December 2027,http://srilanka.travel//image/cache/no_profile_image-235x145.jpg,77
A. BADUGE KUMARASIRI,National,Japanese,0777575246,"No:71b, agaradaguru mw, tudella-east, ja-ela",N-0924,anbaku59@yahoo.com,Valid till 31st December 2027,image/tourist_guides/U050050000000834132355.jpg,77
C. PRIYANTHA LIYANAGE,National,English,0776692958,"No:248, gaspe, banduragoda",N-1106,c.liyanage657@gmail.com,Valid till 31st December 2027,image/tourist_guides/U050050000000637132234.jpg,77
W.M.P.N. JAGATH PERERA,Area,English,0761119037,"No. 31 a, hamangoda , katugastota, kandy",A-0184,pradeepperera220@yahoo.com,Valid till 31st December 2027,http://srilanka.travel//image/cache/no_profile_image-235x145.jpg,77
F. MOHAMMED AUFF,National,Russian,0777687212,"No:26/4, circular rd, china-fort, beruwealla",N-0293,fazliauf863@gmail.com,Valid till 31st December 2027,http://srilanka.travel//image/cache/no_profile_image-235x145.jpg,77
Search for a Tour Guide,,All Languages Arabic Chinese Dutch English French German Greek Hebrew Hindi Hungarian Italian Japanese Korean Mandarian Russian Spanish Swedish Tamil Thai Urdu Search,,,,,,http://www.srilanka.travel/images/theames-new/covidimg.png,77
Tour Guides,,,,,,,,http://www.srilanka.travel/images/theames-new/covidimg.png,77
T.P. NALINDA DE SILVA,Site,"English Tel 0776287326 Address No:173/01, kandevihara road, kaluwamodera, aluthgama Registration No C-0633 Email manuwelsilva@yahoo.com Validity status of licence: Valid till 31st December 2027",0777480676,"No:8/11, jayanthi mw, nalluruwa, panadura",S-0014,priyanthanalinda67@gmail.com,Valid till 31st December 2027,http://srilanka.travel//image/cache/no_profile_image-235x145.jpg,78
M.M.S.S. DE SILVA,Chauffeur,English,0776287326,"No:173/01, kandevihara road, kaluwamodera, aluthgama",C-0633,manuwelsilva@yahoo.com,Valid till 31st December 2027,image/tourist_guides/U050050000001305474624.jpg,78
S.S. MANJULA DE SILVA,Chauffeur,English,0771654157,"No:21/c, hettimulla, beruwala",C-0640,sudarshanaroni@gmail.com,Valid till 31st December 2027,image/tourist_guides/U050050000001283475126.jpg,78
K.S. PALITHA DE SILVA,Area,English,0777788632,"No: 193/1, gammedda road, kaluwamodara, aluthgama",A-0259,samanpalitha95@gmail.com,Valid till 31st December 2027,image/tourist_guides/U050050000001804132493.jpg,78
J.P. KUMARA HEWALIYANAGE,National,"German, Spanish",0777611435,"No:67/8, 8th lane, vidharshana mw, galavila watta, homagama",N-0769,janakakumarahewa@gmail.com,Valid till 31st December 2027,image/tourist_guides/U050050000000602127274.jpg,78
C.A. CHAMINDA  MAHESH,National,Russian,0777456914,"No:25/3, kuduwamulla road, katubadda, moratuwa",N-1027,Chamindamca@gmail.com,Valid till 31st December 2027,http://srilanka.travel//image/cache/no_profile_image-235x145.jpg,78
D. NIROSHAN GUNETILLEKE,National,German,0703309775,"No:21/8, rajagiriya rd, rajagiriya",N-0774,gunetillekedinishi@gmail.com,Valid till 31st December 2027,image/tourist_guides/U050050000000575472536.jpg,78
D.M.K. PRAMODH WELAGEDARA,Chauffeur,English,0776524895,"No:83/1, 1st lane, medawelikada road, rajagiriya",C-0155,pramodhw5126@gmail.com,Valid till 31st December 2027,http://srilanka.travel//image/cache/no_profile_image-235x145.jpg,78
Search for a Tour Guide,,All Languages Arabic Chinese Dutch English French German Greek Hebrew Hindi Hungarian Italian Japanese Korean Mandarian Russian Spanish Swedish Tamil Thai Urdu Search,,,,,,http://www.srilanka.travel/images/theames-new/covidimg.png,78
Tour Guides,,,,,,,,http://www.srilanka.travel/images/theames-new/covidimg.png,78
P.N. MALAVIARACHCHI,National,English,0777599889,"No:128/8, kulathunga road, mampe, piliyandala",N-0809,priyalalmal@gmail.com,Valid till 31st December 2027,http://srilanka.travel//image/cache/no_profile_image-235x145.jpg,79
P.D.P. SISIL APPUHAMY,Chauffeur,English,0777555861,"No:100/9, sirimanwatta, daluwakotowa, kochchikade",C-1031,lankasisiltours@gmail.com,Valid till 31st December 2027,image/tourist_guides/U050050000001031475890.jpg,79
W.V.M. PERERA ARANGALA,Chauffeur,English,0773870335,"No:293/1/b, kaliyammahara, piliyandala",C-1026,vipulamenaka@gmail.com,Valid till 31st December 2027,image/tourist_guides/U050050000001049476288.jpg,79
M. MICHAEL RAJ,Chauffeur,English,0779373504,"No:357/11/a, prison rd, kattuwa, negombo",C-1010,rajmichael2365@gmail.com,Valid till 31st December 2027,image/tourist_guides/U050050000001092476228.jpg,79
I.G. KEITH BROHIER,Chauffeur,English,0776696664,"No:117/17, d.s.s.janapadaya, demanhandiya, negambo",C-1018,kit.allflagtours@gmail.com,Valid till 31st December 2027,image/tourist_guides/U050050000001069476028.jpg,79
L. HEWAGE NELSON,Chauffeur,English,0777304650,"No:21, sri hemananda mawatha, bataganwila, galle",C-1014,nelsonhewage@yahoo.com,Valid till 31st December 2027,image/tourist_guides/U050050000001081474470.jpeg,79
R.W.T.M.S. BANDARA OLUPELIYAWA,Chauffeur,English,0715334320,"No:153, olupeliyawa, malpitiya, boyagane",C-1016,priyadarshaniedirisooriya85@gmail.com,Valid till 31st December 2027,image/tourist_guides/U050050000001076474156.jpg,79
W.D. PRASAD DE ALWIS,National,French,0777436571,"No:548/1/b, daluwakotuwa, kochchikade",N-0278,dealwisprasad@gmail.com,Valid till 31st December 2027,image/tourist_guides/U050050000000328126319.jpg,79
Search for a Tour Guide,,All Languages Arabic Chinese Dutch English French German Greek Hebrew Hindi Hungarian Italian Japanese Korean Mandarian Russian Spanish Swedish Tamil Thai Urdu Search,,,,,,http://www.srilanka.travel/images/theames-new/covidimg.png,79
Tour Guides,,,,,,,,http://www.srilanka.travel/images/theames-new/covidimg.png,79
S.S. MUNASINGHE SENANAYAKE,Chauffeur,English,0777300877,"No:71, the finance watta, yakinaran katuwa, ekala",C-1028,guidesrimal@gmail.com,Valid till 31st December 2027,image/tourist_guides/U050050000001044475112.jpg,80
P.P.K. WELLAPPILI BANDARA,Chauffeur,English,0717922111,"No:24/12, wilabada road, gampaha",C-1023,Srilankatourguide9@gmail.com,Valid till 31st December 2027,image/tourist_guides/U050050000001054476508.jpg,80
KUSHAN HIRANGA SAMARADIWAKARA,Chauffeur,English,0772276465,"No:110/1, old nawala road, nawala",C-1020,kushan_samaradiwakara@yahoo.com,Valid till 31st December 2027,http://srilanka.travel//image/cache/no_profile_image-235x145.jpg,80
SUCHITHRA HETTIARACHCHI,Chauffeur,English,0772613286,"No:97/2, dagonna road, pelawatta, minuwangoda",C-0463,suchithrahettiarachchi@ymail.com,Valid till 31st December 2027,image/tourist_guides/U050050000001359124792.jpg,80
M.A. SUDHARMAN SILVA,Chauffeur,English,0777196894,"No:78/4, sobitha road, wadduwa",C-1017,Sudharman.09@gmail.com,Valid till 31st December 2027,image/tourist_guides/U050050000001073476156.jpg,80
B.D. DILLU RASIKA,Chauffeur,English,0773031358,"No:738/1/1, madawela rd, arawwala, pannipitiya",C-1029,susanbatugahage@gmail.com,Valid till 31st December 2027,image/tourist_guides/U050050000001041473353.jpg,80
M.B. CHANDRASIRI,Chauffeur,English,0779578766,"No:467/1, mampe north, piliyandala",C-1027,mbchandrasiri24@gmail.com,Valid till 31st December 2026,image/tourist_guides/U050050000001046476308.jpg,80
A.C. NIRANJAN MOTHA,Chauffeur,English,0777311748,"No: 113/26, cotta road, borella, colombo 8",C-1022,niranjanmotha65@gmail.com,Valid till 31st December 2027,http://srilanka.travel//image/cache/no_profile_image-235x145.jpg,80
Search for a Tour Guide,,All Languages Arabic Chinese Dutch English French German Greek Hebrew Hindi Hungarian Italian Japanese Korean Mandarian Russian Spanish Swedish Tamil Thai Urdu Search,,,,,,http://www.srilanka.travel/images/theames-new/covidimg.png,80
Tour Guides,,,,,,,,http://www.srilanka.travel/images/theames-new/covidimg.png,80
J. SURESH DE ROSE,National,English,0773043216,"No:28/20, colombo road, negombo",N-0748,j4judes@yahoo.com,Valid till 31st December 2027,http://srilanka.travel//image/cache/no_profile_image-235x145.jpg,81
P.K.B.D.H. BANDARA WEERASUNDARA,Chauffeur,English,0779920222,"No:307/6, jambugahamulla junction, kiriwattuduwa",C-1032,herman.bandara251@gmail.com,Valid till 31st December 2027,image/tourist_guides/U050050000001030476097.jpeg,81
W.M. SUMANARATNE,National,English,0779939186,"No:16, ""ceyloyde"", gonamaditte rd, piliyandala",N-0839,sweerasuriya@yahoo.com,Valid till 31st December 2027,http://srilanka.travel//image/cache/no_profile_image-235x145.jpg,81
S.M. SHANTHA KUMARA,Chauffeur,English,0779537044,"Kudagammana, giriulla",C-1037,Shanthakumara751@gmail.com,Valid till 31st December 2027,image/tourist_guides/U050050000001018476320.jpg,81
W.H. THUSHANTHA FERNANDO,Chauffeur,English,0777566712,"No:16, st.anthony's rd, 1st lane, periyamulla, negombo",C-0751,hermalfernando@gmail.com,Valid till 31st December 2027,image/tourist_guides/U050050000001070476120.jpg,81
J.M.NIRODHA  RUKSHAN,Chauffeur,English,0714740626,"No:326/16, vijayaba place, ihalakaragahamuna, kadawatha",C-1038,nirodharukshan@gmail.com,Valid till 31st December 2026,image/tourist_guides/U050050000001015476553.jpg,81
S.J. WEERASENA DE SILVA,Chauffeur,English,0777951874,"No:290/a, gamunu mawatha, kotuwegoda, rajagiriya",C-1043,jagathw009@gmail.com,Valid till 31st December 2027,image/tourist_guides/U050050000001766474099.jpg,81
P.A. ASHOKA KUMARA,Chauffeur,English,0776366660,"No:212, kadahapola, horombawa",C-1042,ashokakumara8282@gmail.com,Valid till 31st December 2027,image/tourist_guides/U050050000001770476334.jpeg,81
Search for a Tour Guide,,All Languages Arabic Chinese Dutch English French German Greek Hebrew Hindi Hungarian Italian Japanese Korean Mandarian Russian Spanish Swedish Tamil Thai Urdu Search,,,,,,http://www.srilanka.travel/images/theames-new/covidimg.png,81
Tour Guides,,,,,,,,http://www.srilanka.travel/images/theames-new/covidimg.png,81
R. HETTIMUDIYANSELAGE JAYASEKARA,Chauffeur,"English Tel 0777047664 Address No:164/7, liyon silva mw, thalpitiya north, panadura Registration No C-0471 Email dondesmondwanigasuriya@yahoo.com Validity status of licence: Valid till 31st December 2027",0768688895,"No:976, maththegama, ku/bopitiya",C-1044,jayasmud@gmail.com,Valid till 31st December 2027,image/tourist_guides/U050050000001762476172.jpg,82
D. DESMOND WANIGASURIYA,Chauffeur,English,0777047664,"No:164/7, liyon silva mw, thalpitiya north, panadura",C-0471,dondesmondwanigasuriya@yahoo.com,Valid till 31st December 2027,image/tourist_guides/U050050000001326476232.jpeg,82
H.P.C. JITHENDRAJITH PATHIRANA,National,English,0773037835,"Olu pokuna rd, anuradhapura",N-1166,charithajithendra@gmail.com,Valid till 31st December 2027,image/tourist_guides/U050050000000828133082.jpg,82
NIHAL AMARATHUNGA,National,English,0769777511,"No:40/b, sujatha avenue, kalubowila, dehiwala",N-1100,nihallk777@gmail.com,Valid till 31st December 2027,http://srilanka.travel//image/cache/no_profile_image-235x145.jpg,82
A.S. LAL MANIKKUWADURA,National,"Italian Tel 0777133347 Address No:51/5, mapanawathura, kandy Registration No N-0602 Email rukmal.siriwardene25@gmail.com Validity status of licence: Valid till 31st December 2027",0773977136,"No.5/13,premnanda mawatha,bekkegama,panadura.",N-1071,Shyammanikkuwadura@gmail.com,Valid till 31st December 2027,http://srilanka.travel//image/cache/no_profile_image-235x145.jpg,82
R.SIRIWARDANA DEVAGE,National,Italian,0777133347,"No:51/5, mapanawathura, kandy",N-0602,rukmal.siriwardene25@gmail.com,Valid till 31st December 2027,http://srilanka.travel//image/cache/no_profile_image-235x145.jpg,82
W.J.O. RANJAN FERNANDO,National,English,0777465198,"No:136/d, meda dummaladeniya, wennappuwa",N-1203,judeorf@hotmail.com,Valid till 31st December 2027,http://srilanka.travel//image/cache/no_profile_image-235x145.jpg,82
W.M.J.C. DANIEL FERNANDO,Chauffeur,English,0777442777,"No:232/a, subasadaka mawatha, pahala bomiriya, kaduwela",C-0894,charlesfernando100@gmail.com,Valid till 31st December 2027,image/tourist_guides/U050050000000981474101.jpg,82
Search for a Tour Guide,,All Languages Arabic Chinese Dutch English French German Greek Hebrew Hindi Hungarian Italian Japanese Korean Mandarian Russian Spanish Swedish Tamil Thai Urdu Search,,,,,,http://www.srilanka.travel/images/theames-new/covidimg.png,82
Tour Guides,,,,,,,,http://www.srilanka.travel/images/theames-new/covidimg.png,82
W.S. JAYASIRI FERNANDO,Chauffeur,"English Tel 0773055722 Address No:16/b, 3rd lane, gray line park, ekala Registration No C-0592 Email sugathkarunarathne1965@gmail.com Validity status of licence: Valid till 31st December 2027",0776234363,"No:233-b/2, enderamulla, wattala",C-1050,shanfernando196@gmail.com,Valid till 31st December 2027,image/tourist_guides/U050050000001743476161.jpg,83
M.M. SUGATH KARUNARATNE,Chauffeur,English,0773055722,"No:16/b, 3rd lane, gray line park, ekala",C-0592,sugathkarunarathne1965@gmail.com,Valid till 31st December 2027,image/tourist_guides/U050050000001203473696.jpg,83
R.W.R.G.G. ANURA NISHANTHA,National,German,0713494530,"No:55, amunugama, gunnepana",N-0779,anuranr@gmail.com,Valid till 31st December 2027,http://srilanka.travel//image/cache/no_profile_image-235x145.jpg,83
K. RUCHIRA NANDANA,Chauffeur,"English Tel 0777185357 Address No:2/h, rosawatta lane, villegoda, kalutara north Registration No C-0908 Email mahin.karu@gmail.com Validity status of licence: Valid till 31st December 2027",0771441554,"No:03/b, mahamudali mawatha, dadalle, galle",C-1051,lahirunimesha123@gmail.com,Valid till 31st December 2027,image/tourist_guides/U050050000001740474828.jpg,83
D. MAHINDA KARUNARATHNE,Chauffeur,English,0777185357,"No:2/h, rosawatta lane, villegoda, kalutara north",C-0908,mahin.karu@gmail.com,Valid till 31st December 2027,image/tourist_guides/U050050000001739475156.JPG,83
M.G.K. RANJITH AMARASINGHE,National,English,0777307392,"No:31/2, jayamawatha, kumbuka north, gonapola",N-1226,ranjithamakusu@gmail.com,Valid till 31st December 2027,image/tourist_guides/U050050000000724137175.jpg,83
H.A. ANURA KARUNARATNE,Chauffeur,English,0773128463,"No:61, negombo road, katuwellegama",C-0301,karu.anura2@gmail.com,Valid till 31st December 2027,image/tourist_guides/U050050000001536475965.jpg,83
K. DESHAPRIYA BALASURIYA,Chauffeur,English,0774136123,"No:122/3c, i.d.h. road, kotikawatta",C-0643,keerthibalasuriya@yahoo.com,Valid till 31st December 2027,image/tourist_guides/U050050000001270474097.jpg,83
Search for a Tour Guide,,All Languages Arabic Chinese Dutch English French German Greek Hebrew Hindi Hungarian Italian Japanese Korean Mandarian Russian Spanish Swedish Tamil Thai Urdu Search,,,,,,http://www.srilanka.travel/images/theames-new/covidimg.png,83
Tour Guides,,,,,,,,http://www.srilanka.travel/images/theames-new/covidimg.png,83
PARAKRAMA VALENTINE DIAS,National,English,0773954927,"No:58/2, dewala road, mahara-nugegoda, kadawatha",N-0290,parakrama.apl@gmail.com,Valid till 31st December 2027,http://srilanka.travel//image/cache/no_profile_image-235x145.jpg,84
L.A. JAYARATHNA DE SILVA,Area,English,0778304738,"Thotawatta road, ahungalla",A-1031,thisarilankadewa@gmail.com,Valid till 31st December 2027,http://srilanka.travel//image/cache/no_profile_image-235x145.jpg,84
T. NIMAL CHANDRASIRI DE SILVA,Chauffeur,"German Tel 0779455982 Address No:247 /11, sri dharmadarshi mw, ihala karagahamuna, kadawatha Registration No N-0859 Email chamindagalhena@gmail.com Validity status of licence: Valid till 31st December 2027",0714019448,"No:386/2, araliya garden""s, nawala road, rajagiriya",C-1059,Nimal.DeSilva958@gmail.com,Valid till 31st December 2027,image/tourist_guides/U050050000003260473835.jpg,84
G.D. CHAMINDA GALHENA,National,German,0779455982,"No:247 /11, sri dharmadarshi mw, ihala karagahamuna, kadawatha",N-0859,chamindagalhena@gmail.com,Valid till 31st December 2027,http://srilanka.travel//image/cache/no_profile_image-235x145.jpg,84
D. ROHANA THEWARAPPERUMA,National,German,0779662861,"Richmond mawatha, duwa temple road, kalutara south",N-1245,rthewarapperuma@yahoo.com,Valid till 31st December 2027,http://srilanka.travel//image/cache/no_profile_image-235x145.jpg,84
P.G. KUMARA ABEYGUNAWARDENA,Area,English,0771353705,"""sajeewa"", gammedda road, kaluwamodara, aluthgama",A-0937,gayan.abeygunawardana22@gmail.com,Valid till 31st December 2027,http://srilanka.travel//image/cache/no_profile_image-235x145.jpg,84
H.L.MOHAMED BADURDEEN,National,English,0779085255,"No:432, colombo road, pilimatalawa",N-0607,badurdeen318@gmail.com,Valid till 31st December 2027,image/tourist_guides/U050050000000528131704.jpg,84
D.G.D.S. ANOMA WEERASINGHE,Chauffeur,,0773704451,"No:1104/4, thalangama north, malabe",C-1061,shirathtours@gmail.com,Valid till 31st December 2027,image/tourist_guides/U050050000001720474558.jpeg,84
Search for a Tour Guide,,All Languages Arabic Chinese Dutch English French German Greek Hebrew Hindi Hungarian Italian Japanese Korean Mandarian Russian Spanish Swedish Tamil Thai Urdu Search,,,,,,http://www.srilanka.travel/images/theames-new/covidimg.png,84
Tour Guides,,,,,,,,http://www.srilanka.travel/images/theames-new/covidimg.png,84
B.A.M. SARATH KUMAR,National,English,0777670097,"No:422/20, mudalige mw, ganemulla rd, kadawatha",N-1156,sarathkumarabeysinghe@gmail.com,Valid till 31st December 2027,http://srilanka.travel//image/cache/no_profile_image-235x145.jpg,85
A.L. MOHAMED AHSHAN,Chauffeur,"German Tel 0778129882 Address No:29/1, buthgamuwa road, katuwegoda, rajagiriya Registration No N-0246 Email amwath@gmail.com Validity status of licence: Valid till 31st December 2027",0774320109,"No:337/8a/3 (12/2), polgahapitiya, mahabuthgamuwa, angoda",C-1062,mohamedahasan4@gmail.com,Valid till 31st December 2027,image/tourist_guides/U050050000001718476269.jpg,85
W.A. NANAYAKKARA,National,German,0778129882,"No:29/1, buthgamuwa road, katuwegoda, rajagiriya",N-0246,amwath@gmail.com,Valid till 31st December 2027,http://srilanka.travel//image/cache/no_profile_image-235x145.jpg,85
K.A.D. WIMAL RATHNASIRI,National,English,0772330754,"No:226/2, jaya mawatha, kadawatha",N-1049,wimal444@gmail.com,Valid till 31st December 2027,http://srilanka.travel//image/cache/no_profile_image-235x145.jpg,85
M.S. INDIKA WEERASINGHE,National,German,0777271304,"No:88/5b, campus road, raththanapitiya",N-0739,emailindika@gmail.com,Valid till 31st December 2027,http://srilanka.travel//image/cache/no_profile_image-235x145.jpg,85
A.V. MOHAMED IRSHAD,National,French,0775216928,"No:81, kandy road, warakamura, ukuwela",N-1233,irshadvold@gmail.com,Valid till 31st December 2027,image/tourist_guides/U050050000000713134113.jpg,85
H.M. UPALI ANANDA HERATH,National,"English, German",0776707067,"No:54, the legend, nittambuwa",N-0075,herathupali567@gmail.com,Valid till 31st December 2027,image/tourist_guides/U050050000000263132272.jpg,85
PARAMESWARAN PATHMANATHAN,Chauffeur,English,0713176656,"No:425/50, h.p.t. niwasa, welipillawa, ganemulla",C-0514,reh.reli1@gmail.com,Valid till 31st December 2027,image/tourist_guides/U050050000001388474241.jpg,85
Search for a Tour Guide,,All Languages Arabic Chinese Dutch English French German Greek Hebrew Hindi Hungarian Italian Japanese Korean Mandarian Russian Spanish Swedish Tamil Thai Urdu Search,,,,,,http://www.srilanka.travel/images/theames-new/covidimg.png,85
Tour Guides,,,,,,,,http://www.srilanka.travel/images/theames-new/covidimg.png,85
J. ARACHCHIGE SAMSON,Chauffeur,English,0777837250,"No:402/1, kalapaluwawa, rajagiriya",C-0175,Jayasinghesupun@gmail.com,Valid till 31st December 2027,http://srilanka.travel//image/cache/no_profile_image-235x145.jpg,86
W.M. MANAWASINGHE WIJEBANDARA,Chauffeur,English,0777381588,"No:63/8, dambahena, 4th lane, maharagama",C-0859,nlwbandara@gmail.com,Valid till 31st December 2027,image/tourist_guides/U050050000001107476089.jpg,86
J.A. LIONEL JAYASOORIYA,Chauffeur,English,0771960914,"No:318/1, samagi mawtha, belummahara, imbulgoda",C-0173,jayasuriyalionel34@gmail.com,Valid till 31st December 2026,image/tourist_guides/U050050000001594476329..jpg,86
M. DON SIRIPALA,Chauffeur,English,0776337979,"Padukka road, moragahahena, millewa",C-0874,Sridon2010@gmail.com,Valid till 31st December 2027,image/tourist_guides/U050050000001075476551.jpeg,86
N. PEMACHANDRA WANIGASINGHE,Chauffeur,English,0764337013,"No:55/d, sanjana, gangodagama, hakmana",C-0196,nwanigasinghe3@gmail.com,Valid till 31st December 2026,image/tourist_guides/U050050000001564476294.JPG,86
A.G.S. CHATHURA  CHINTHAKA,National,English,0712465367,"No:2b/70, jayawadanagama, battaramulla",N-1014,shanakagamage@icloud.com,Valid till 31st December 2027,http://srilanka.travel//image/cache/no_profile_image-235x145.jpg,86
M.M. ANANDA BANDARA,Chauffeur,English,0777190294,"No:22/f, karaththamada, naththarampotha",C-0086,tdananjaya265@gmail.com,Valid till 31st December 2027,image/tourist_guides/U050050000001597476149.jpg,86
DAYA BANDARA RIDIMAHALIYADDE,Chauffeur,English,0776270317,"No:58/22/01, 2nd lane, galawilaroad, malapalla, homagama",C-0141,dilurx@gmail.com,Valid till 31st December 2026,image/tourist_guides/U050050000001524475915.jpg,86
Search for a Tour Guide,,All Languages Arabic Chinese Dutch English French German Greek Hebrew Hindi Hungarian Italian Japanese Korean Mandarian Russian Spanish Swedish Tamil Thai Urdu Search,,,,,,http://www.srilanka.travel/images/theames-new/covidimg.png,86
Tour Guides,,,,,,,,http://www.srilanka.travel/images/theames-new/covidimg.png,86
G.P. AJITH  JAYALAL,National,Japanese,0776522987,"No:550/1, daragama, delgoda",N-1000,ajithjayalal0716@gmail.com,Valid till 31st December 2027,image/tourist_guides/U050050000000902127530.jpg,87
KIRIARACHCHIGE DON CHANDRASIRI,National,English,0776077306,"No:105/18, koradaminna, divuldeniya",N-0589,donchandrasiri69@gmail.com,Valid till 31st December 2027,image/tourist_guides/U050050000000588132310.jpg,87
H.D. AQUILA PERERA,National,Japanese,0777397693,"No:315, air force road, kurana, katunayake",N-0394,Didimasperera@gmail.com,Valid till 31st December 2027,http://srilanka.travel//image/cache/no_profile_image-235x145.jpg,87
W.D.J. PRIYA WICKRAMASINGHE,Chauffeur,English,0713031901,"No:19, jayagath mw, himbutuwelgoda, kelaniya",C-0982,janakawick77@gmail.com,Valid till 31st December 2027,image/tourist_guides/U050050000001162475594.jpg,87
R. AUGESTES  WARNAKULASOORIYA,Chauffeur,English,0773077452,"No: 106/9, 2nd lane, negambo road, seeduwa.",C-0315,rideetravels@gmail.com,Valid till 31st December 2027,image/tourist_guides/U050050000001523476536.jpg,87
A. ANANDARAJ DE SILVA,Chauffeur,English,0714906148,"No:27, gemunu mawatha, kalutara north",C-0637,anandarajdesilva@rocketmail.com,Valid till 31st December 2027,image/tourist_guides/U050050000001286475631.jpg,87
D.R. ROHAN WIJEWARDENA,National,English,0777680479,"No:110, galle road, angagoda, bentota",N-0751,rohan6874@yahoo.com,Valid till 31st December 2026,http://srilanka.travel//image/cache/no_profile_image-235x145.jpg,87
KALINGA RANJITH ANURA SILVA,Area,English,0777455154,"No. 79b, sramadana road,,kaluwamodara,,aluthgama",A-0268,anura77silva@gmail.com,Valid till 31st December 2027,http://srilanka.travel//image/cache/no_profile_image-235x145.jpg,87
Search for a Tour Guide,,All Languages Arabic Chinese Dutch English French German Greek Hebrew Hindi Hungarian Italian Japanese Korean Mandarian Russian Spanish Swedish Tamil Thai Urdu Search,,,,,,http://www.srilanka.travel/images/theames-new/covidimg.png,87
Tour Guides,,,,,,,,http://www.srilanka.travel/images/theames-new/covidimg.png,87
K. APPUHAMILAGE PRIYANTHA,National,English,0777850285,"No:284, alwis road, warahena, bentota",N-0749,prikolonne1970@gmail.com,Valid till 31st December 2027,http://srilanka.travel//image/cache/no_profile_image-235x145.jpg,88
S. NIMAL JAYATISSA,National,English,0766669458,"No:92-a/4, bulugahagoda, ganemulla",N-1072,snjaythissa@gmail.com,Valid till 31st December 2027,image/tourist_guides/U050050000000729132230.jpg,88
U. PRIYANTHA KARIYAPPERUMA,National,German,0776928555,"Daulana, dope, bentota",N-0822,upul_k@yahoo.com,Valid till 31st December 2027,http://srilanka.travel//image/cache/no_profile_image-235x145.jpg,88
M. SHAHAZAN  SHIRAZ,National,English,0774455447,"No:132, ebert lane, kaldemulla, moratuwa",N-1024,serendibgemtesting@gmail.com,Valid till 31st December 2027,http://srilanka.travel//image/cache/no_profile_image-235x145.jpg,88
W.R. ASOKA MENDIS,National,English,0728454806,"Tawalla estate, madahapola, melsiripura",N-0619,mendisranjith3@gmail.com,Valid till 31st December 2027,http://srilanka.travel//image/cache/no_profile_image-235x145.jpg,88
G.A. WICKRAMASEKARA,National,Japanese,0776976992,"No:b/42/1, udahakotuwa, owatta, hingula",N-1152,galagamawickramasekara@gmail.com,Valid till 31st December 2027,http://srilanka.travel//image/cache/no_profile_image-235x145.jpg,88
A.D. WALLAWA ANANDA,Chauffeur,English,0777073643,"No:7, 1st lane, kanaththa rd, mirihana, nugegoda",C-0033,anayatawara@gmail.com,Valid till 31st December 2026,image/tourist_guides/U050050000001478475538.jpg,88
W. KAMALASENA DE SILVA,Area,English,0777625514,"Maradana watta , kahawa",A-0135,Kamalwijayamuni@yahoo.com,Valid till 31st December 2027,http://srilanka.travel//image/cache/no_profile_image-235x145.jpg,88
Search for a Tour Guide,,All Languages Arabic Chinese Dutch English French German Greek Hebrew Hindi Hungarian Italian Japanese Korean Mandarian Russian Spanish Swedish Tamil Thai Urdu Search,,,,,,http://www.srilanka.travel/images/theames-new/covidimg.png,88
Tour Guides,,,,,,,,http://www.srilanka.travel/images/theames-new/covidimg.png,88
H. GAMAGE NAWANANDANA,National,English,0779669367,"No:81/1, acton estate, welimada rd, bandarawela",N-1210,nandanantgl@gmail.com,Valid till 31st December 2027,http://srilanka.travel//image/cache/no_profile_image-235x145.jpg,89
P.G.N. SAMPATH KUMARA,Area,English,0779927097,"No:77, ihala wataraum para, dangolla, kandy",A-0174,namaltourism@gmail.com,Valid till 31st December 2027,http://srilanka.travel//image/cache/no_profile_image-235x145.jpg,89
L.D. THARUKA NIPUNI,National,German,0773977135,"No:168/20, araliya mawatha, galtude, panadura",N-1097,tnliyanage@yahoo.com,Valid till 31st December 2027,http://srilanka.travel//image/cache/no_profile_image-235x145.jpg,89
L.N.ABEYSIRI GUNAWARDANA,National,English,0773077814,"Mihiriyapokuna, kommala, bentota",N-0750,rocknanda348@gmail.com,Valid till 31st December 2027,image/tourist_guides/U050050000000636127973.jpg,89
W.P. CONICIOUS SILVA,Chauffeur,English,0770077561,"No:255/7, sapumal place, pannipitiya rd, battaramulla",C-0332,roshaindemel@gmail.com,Valid till 31st December 2027,image/tourist_guides/U050050000001504476044.jpg,89
D.E.P. KUMARA DE SILVA,Chauffeur,English,0773181130,"No:357/c, galwehera, ahungalla",C-0969,erishdesilva1980@gmail.com,Valid till 31st December 2027,image/tourist_guides/U050050000001620476498.jpg,89
N.H. JAGATH CHANDANA SILVA,Area,English,0776276884,"Gammedda road, kaluwamodara, aluthgama",A-0258,jagath.chandana1974@gmail.com,Valid till 31st December 2026,http://srilanka.travel//image/cache/no_profile_image-235x145.jpg,89
P.K.D. ATHULA THEJA WIJEGUNAWARDANA,Chauffeur,English,0714712541,"No:47/b, sarabumi garden, ihala bomiriya, kaduwela",C-0867,athulaw@yahoo.com,Valid till 31st December 2026,image/tourist_guides/U050050000001090476018.jpg,89
Search for a Tour Guide,,All Languages Arabic Chinese Dutch English French German Greek Hebrew Hindi Hungarian Italian Japanese Korean Mandarian Russian Spanish Swedish Tamil Thai Urdu Search,,,,,,http://www.srilanka.travel/images/theames-new/covidimg.png,89
Tour Guides,,,,,,,,http://www.srilanka.travel/images/theames-new/covidimg.png,89
P.S. UDAYANTHA DE SILVA,Area,English,0777962231,"No: 243, kaluwamodara-north, kandevihara road, aluthgama",A-0724,susitha.udaya2020@gmail.com,Valid till 31st December 2027,http://srilanka.travel//image/cache/no_profile_image-235x145.jpg,90
H.C. HEMASIRI SILVA,Area,English,0777526542,"No: 160a, kandavihara road, kaluwamodara, aluthgama",A-0256,johnsonsilva1974@gmail.com,Valid till 31st December 2027,http://srilanka.travel//image/cache/no_profile_image-235x145.jpg,90
L.P.G.W. KUMARA JAYASINGHE,Chauffeur,English,0777293686,"No:49/1, pitiyegedara, bemmulla",C-0725,gmnjayasinghe1@gmail.com,Valid till 31st December 2027,image/tourist_guides/U050050000001132475635.jpeg,90
D.A. KAMAL BOPEARACHCHI,National,English,0778546200,"No:520/d, enderamulla, wattala",N-1019,donkamal938102@gmail.com,Valid till 31st December 2027,http://srilanka.travel//image/cache/no_profile_image-235x145.jpg,90
GNANDASA PANDITHA,Area,English,0776741028,"Maradana watta, pannamgoda, hikkaduwa",A-0460,ashanchinthaka01@gmail.com,Valid till 31st December 2027,image/tourist_guides/U050050000001939137155.jpg,90
L. RUPASINGHA  WIJEWARDANA,Area,"English Tel 0726445555 Address No:21/1, school avenue, nawala Registration No N-0741 Email brandym65.mb@gmail.com Validity status of licence: Valid till 31st December 2027",0777654426,"Kuruduwatte, hikkaduwa",A-0494,layanalwijayawardana495@gmail.com,Valid till 31st December 2027,image/tourist_guides/U050050000001903135761.jpg,90
B. MAHINDA PERERA,National,English,0726445555,"No:21/1, school avenue, nawala",N-0741,brandym65.mb@gmail.com,Valid till 31st December 2027,image/tourist_guides/U050050000000669132320.jpg,90
W.N.D. LAKSHMAN PERERA,Chauffeur,English,0772541320,"No:48/d, kandalama watta, wataddara, veyangoda",C-0425,luxmanperera1965@gmail.com,Valid till 31st December 2027,image/tourist_guides/U050050000001414475660.jpg,90
Search for a Tour Guide,,All Languages Arabic Chinese Dutch English French German Greek Hebrew Hindi Hungarian Italian Japanese Korean Mandarian Russian Spanish Swedish Tamil Thai Urdu Search,,,,,,http://www.srilanka.travel/images/theames-new/covidimg.png,90
Tour Guides,,,,,,,,http://www.srilanka.travel/images/theames-new/covidimg.png,90
W. MUDIYANSELAGE WIJAYARATNA,National,"English Tel 0778400253 Address No:06, kalyani lane, wattala Registration No C-0400 Email dvprohan@yahoo.com Validity status of licence: Valid till 31st December 2027",0776148180,"No:106/03, mahabodhi mw, pahala karagahamuna, kadawatha",N-1234,wijeratna57@gmail.com,Valid till 31st December 2027,http://srilanka.travel//image/cache/no_profile_image-235x145.jpg,91
D.V.P. ROHAN WARNAKULA,Chauffeur,English,0778400253,"No:06, kalyani lane, wattala",C-0400,dvprohan@yahoo.com,Valid till 31st December 2027,image/tourist_guides/U050050000001466473829.jpg,91
U.J. ABDUL BARIE,Chauffeur,English,0714874524,"No:399/3, gohagoda, katugasthota",C-0958,bariejaleel@yahoo.com,Valid till 31st December 2027,image/tourist_guides/U050050000001636474110.jpg,91
M.M. CHAMINDA NISHANTHA,Area,English,0777114428,"No: 181/8, st. sebastian road, katukurunda, kalutara",A-0454,chaminda.nishan2020@gmail.com,Valid till 31st December 2027,http://srilanka.travel//image/cache/no_profile_image-235x145.jpg,91
H. NALIN PONNAMPERUMA,National,English,0777499193,"No:143/24, aluthgama rd, mathugama",N-1208,harshanap@slithm.edu.lk,Valid till 31st December 2027,http://srilanka.travel//image/cache/no_profile_image-235x145.jpg,91
M.A.L.S. CHRISTOPHER GUNAWARDENA,Chauffeur,English,0773823895,"No:158/1a, kottawa road, honnanthara, piliyandala",C-0396,lasantha5736@gmail.com,Valid till 31st December 2027,image/tourist_guides/U050050000001183476007.jpg,91
J.A. SRIYANGA RUCHIKA,National,English,0776064005,"Waliwala watta , katukoliha, dodanduwa,hikkaduwa",N-1082,sriyangaruchika00@gmail.com,Valid till 31st December 2027,image/tourist_guides/U050050000000692127962.jpg,91
L.T. THUSARASIRI WANIGASURIYA,Chauffeur,English,0776027885,"No:46/1, sri bimbarama rd, kolamunna, piliyandala",C-0307,tilakwanigasuriya6@gmail.com,Valid till 31st December 2027,image/tourist_guides/U050050000001532475741.jpg,91
Search for a Tour Guide,,All Languages Arabic Chinese Dutch English French German Greek Hebrew Hindi Hungarian Italian Japanese Korean Mandarian Russian Spanish Swedish Tamil Thai Urdu Search,,,,,,http://www.srilanka.travel/images/theames-new/covidimg.png,91
Tour Guides,,,,,,,,http://www.srilanka.travel/images/theames-new/covidimg.png,91
K.M.P.A. IRANGA BANDARA,National,English,0777707841,"No:36/45, weerapuranappu place, wariyapolawatta, matale",N-1179,achirakb@yahoo.com,Valid till 31st December 2027,image/tourist_guides/U050050000000800128005.jpg,92
KOSMA PATABENDIGE SAMAN DALPATADU,National,German,0766796994,"No:49, john keels housing scheme, pinwatta, panadura",N-0298,samandalpathadu@gmail.com,Valid till 31st December 2027,image/tourist_guides/U050050000000287126623.jpg,92
P.M. SUMEDHA CHANDRADASA,National,English,0718123920,"No:17, c.p. de silva mw, kaldemulla, moratuwa",N-0793,sumedha117@gmail.com,Valid till 31st December 2027,image/tourist_guides/U050050000000513132324.jpg,92
T. SRINATH ABEYSINGHE,National,English,0773501938,"No:147, summer cottage, helamuduna, bandarawela",N-1205,thilanthaa@gmail.com,Valid till 31st December 2027,image/tourist_guides/U050050000000773129946.jpg,92
W. MUHANDIRAMALAGE  WIJERATNE,Chauffeur,"English Tel 0722951383 Address No. 22/1, mahawatta, waulagoda, hikkaduwa Registration No A-0398 Email sanjeewahikka@gmail.com Validity status of licence: Valid till 31st December 2027",0773642730,"No:3/b, jayapura weera mawatha, bangalawatta, kottawa",C-1065,sunilwijeratne58@gmail.com,Valid till 31st December 2027,image/tourist_guides/U050050000001710474821.jpg,92
W .WARNA SAMPATH,Area,English,0722951383,"No. 22/1, mahawatta, waulagoda, hikkaduwa",A-0398,sanjeewahikka@gmail.com,Valid till 31st December 2027,image/tourist_guides/U050050000001956129648.jpg,92
B. NISHANTHA FERNANDO,Chauffeur,,0777678598,"No:118/3/1, prajamandala mawatha, hokandara south",C-1074,randevclang@gmail.com,Valid till 31st December 2027,image/tourist_guides/U050050000001684476068.jpg,92
S. RAVEENDRA DIAS,Chauffeur,,0714861035,"No:219/16/a, govikam predesa, divulpitiya, boralasgamuwa",C-1069,sravindradias@gmail.com,Valid till 31st December 2027,image/tourist_guides/U050050000001694474116.jpg,92
Search for a Tour Guide,,All Languages Arabic Chinese Dutch English French German Greek Hebrew Hindi Hungarian Italian Japanese Korean Mandarian Russian Spanish Swedish Tamil Thai Urdu Search,,,,,,http://www.srilanka.travel/images/theames-new/covidimg.png,92
Tour Guides,,,,,,,,http://www.srilanka.travel/images/theames-new/covidimg.png,92
B.D.J. PRADEEP NEELAKAMAL,Chauffeur,,0772928584,"No:52, b.d.l. gunasekara mawatha, horana",C-1076,nilekamal13@gmail.com,Valid till 31st December 2027,image/tourist_guides/U050050000001678476485.jpg,93
S. PRIYANTHA JAYASINGHE,Chauffeur,,0777908305,"No: 98, paradise gate, palatota, kalutara",C-1085,sudarshanpjay1@gmail.com,Valid till 31st December 2027,image/tourist_guides/U050050000001665476283.jpeg,93
M.D. JAGATH CHANDRAKUMARA,Chauffeur,,0773278015,"No: 79, kappetipola mawatha, kolonnawa",C-1096,mdjagath@gmail.com,Valid till 31st December 2027,image/tourist_guides/U050050000001618475608.jpg,93
K.T.M. NAMEENDRA THUSHARA,Chauffeur,,0772316937,"No:76/b, udupila, delgoda",C-1079,nameendrathushara@gmail.com,Valid till 31st December 2027,image/tourist_guides/U050050000001674475892.jpg,93
I.A. PRISHANTHA IMBULGODA,Chauffeur,"Russian Tel 0777586645 Address No:40, kirawewa, ilukhena Registration No N-1086 Email jayasinghe.thushara@gmail.com Validity status of licence: Valid till 31st December 2027",0712590084,"No:241, ethabendiwewa road, boralukanda, talakiriyagama",C-1078,prishanthaimbulgoda39@gmail.com,Valid till 31st December 2027,image/tourist_guides/U050050000001675476163.jpg,93
J.A.T. PADMAL JAYASINGHE,National,Russian,0777586645,"No:40, kirawewa, ilukhena",N-1086,jayasinghe.thushara@gmail.com,Valid till 31st December 2027,image/tourist_guides/U050050000000685127715.jpg,93
H.K. CHAMINDA PRIYADARSHANA,Chauffeur,French,0776317285,"No: 58/3, uyanwatta, attaragama, pattiyawatta",C-1088,hkchaminda@yahoo.com,Valid till 31st December 2027,image/tourist_guides/U050050000001686475159.jpg,93
J.W. KEEDAPONGALAN FERNANDO,Chauffeur,,0774809005,"No:90/21, pallansena, kochchikade",C-1083,welifdo@gmail.com,Valid till 31st December 2027,image/tourist_guides/U050050000001669475974.jpg,93
Search for a Tour Guide,,All Languages Arabic Chinese Dutch English French German Greek Hebrew Hindi Hungarian Italian Japanese Korean Mandarian Russian Spanish Swedish Tamil Thai Urdu Search,,,,,,http://www.srilanka.travel/images/theames-new/covidimg.png,93
Tour Guides,,,,,,,,http://www.srilanka.travel/images/theames-new/covidimg.png,93
R.M.A.B. KUMARA RAJAPAKSHA,Chauffeur,,0773000894,"No:465/6d, nelum place, jalthara, ranala",C-1094,k.rajapaksha1969@gmail.com,Valid till 31st December 2027,image/tourist_guides/U050050000001623476150.JPG,94
A.M.W. BANDARA ATHAPATTU,Chauffeur,,0775507295,"No: 189/6a, dambahena road, maharagama",C-1093,osfamily1110@gmail.com,Valid till 31st December 2027,http://srilanka.travel//image/cache/no_profile_image-235x145.jpg,94
K. ASELA RAMANAYAKE,Chauffeur,"German Tel 0776017545 Address No:04, serapiswatta, panaliya road, polgahawela Registration No C-1082 Email sandaklum@gmail.com Validity status of licence: Valid till 31st December 2027",0777340777,"No:44, 2nd lane, ratmalana",C-1084,k.ramanayake@gmail.com,Valid till 31st December 2027,image/tourist_guides/U050050000001667475774.jpg,94
E.S. SANDAKELUM GAMAGE,Chauffeur,German,0776017545,"No:04, serapiswatta, panaliya road, polgahawela",C-1082,sandaklum@gmail.com,Valid till 31st December 2027,image/tourist_guides/U050050000001670476162.jpg,94
S.A. ANIL PERERA,Chauffeur,,0774552836,"No:93/27/a, meegahawaththa, delgoda",C-1097,anilperera9911@gmail.com,Valid till 31st December 2027,image/tourist_guides/U050050000001616475214.jpg,94
D.A.P.I. JEEWA SILVA GUNARATHNA,Chauffeur,"German Tel 0773950902 Address Samarawickrama mw, pinkanda, dodanduwa Registration No N-1194 Email villalotus86@gmail.com Validity status of licence: Valid till 31st December 2027",0724504129,"Athar gunathilaka mw, kalamulla, kalutara",C-1092,supun_1991@yahoo.com,Valid till 31st December 2027,image/tourist_guides/U050050000001624476076.jpg,94
P.T. SRIYANTHA,National,German,0773950902,"Samarawickrama mw, pinkanda, dodanduwa",N-1194,villalotus86@gmail.com,Valid till 31st December 2027,http://srilanka.travel//image/cache/no_profile_image-235x145.jpg,94
KANNANGARA KORALAGE LASIRU SAMPATH SILVA,Chauffeur,German,0776059442,"No:69/b/01, mullapitiya, beruwala",C-1095,lasirusampath@yahoo.com,Valid till 31st December 2027,image/tourist_guides/U050050000001622476069.jpg,94
Search for a Tour Guide,,All Languages Arabic Chinese Dutch English French German Greek Hebrew Hindi Hungarian Italian Japanese Korean Mandarian Russian Spanish Swedish Tamil Thai Urdu Search,,,,,,http://www.srilanka.travel/images/theames-new/covidimg.png,94
Tour Guides,,,,,,,,http://www.srilanka.travel/images/theames-new/covidimg.png,94
M. OSCAR FERNANDO,Chauffeur,,0779423353,"No:112/1/1, mangala mw, ihala karagahamuna, kadawatha",C-1106,oskasrilanka@yahoo.com,Valid till 31st December 2027,image/tourist_guides/U050050000001783475988.jpg,95
L.H.A. CHARITHA BUDDIKA,Chauffeur,,0779502502,"No:44/17, kuruduwatta road, thihariya, kalagedihena",C-1110,Charitha5151@gmail.com,Valid till 31st December 2027,http://srilanka.travel//image/cache/no_profile_image-235x145.jpg,95
W. ASHOK KUMAR DE SILVA,Chauffeur,,0773177694,"No:42, p.r. de silva mawatha, brahmanawattha, balapitiya",C-1108,weeraddanadesilva@yahoo.com,Valid till 31st December 2027,image/tourist_guides/U050050000001781475172.jpg,95
P.H. AJITH PRIYA DIAS,Chauffeur,,0776606849,"""sithuruwana"", lunuwila",C-1105,ajithprdias@gmail.com,Valid till 31st December 2027,http://srilanka.travel//image/cache/no_profile_image-235x145.jpg,95
L.K.A.D.D. KUMARA GUNAWARDANA,Chauffeur,,0777131549,"No:300, colombo road, gampaha",C-1112,dgunawardhana1975@gmail.com,Valid till 31st December 2027,image/tourist_guides/U050050000001763476264.jpg,95
A. THILAKASIRI SHANAVIRATHNA,Chauffeur,,0713907718,"No:246, doppe, bentota",C-1116,tilak.senevi@gmail.com,Valid till 31st December 2027,image/tourist_guides/U050050000001749475189.jpg,95
A.C.UDDIKA PERERA,Chauffeur,,0711588788,"No:16/33, vijaya pura, pinhena, kottawa",C-1113,uddikachamil@gmail.com,Valid till 31st December 2027,image/tourist_guides/U050050000001759476490.jpg,95
G.U. RUKMAL DABARE,Chauffeur,,0776464969,"No:597/1/e, piliyandala rd, arawwala, pannipitiya",C-1109,dabarerukmal@gmail.com,Valid till 31st December 2027,image/tourist_guides/U050050000001776473350.jpg,95
Search for a Tour Guide,,All Languages Arabic Chinese Dutch English French German Greek Hebrew Hindi Hungarian Italian Japanese Korean Mandarian Russian Spanish Swedish Tamil Thai Urdu Search,,,,,,http://www.srilanka.travel/images/theames-new/covidimg.png,95
Tour Guides,,,,,,,,http://www.srilanka.travel/images/theames-new/covidimg.png,95
SIDNEY BARTHOLOMEUSZ,Chauffeur,German,0779715860,"No:62/a/1, puwakaramba, gammanpila, bandaragama",C-1115,sidney_Villa@yahoo.com,Valid till 31st December 2027,image/tourist_guides/U050050000001751476263.jpg,96
KALINDA MUNASINGHE,National,English,0763615860,"No:317/0, green field garden, malasinghegoda rd, hokandara",N-1133,kalindamunasinghe@gmail.com,Valid till 31st December 2027,http://srilanka.travel//image/cache/no_profile_image-235x145.jpg,96
M.P.G. CHAMINDA SANJEEWA,Chauffeur,German,0779544422,"No:98/12, suba sadaka mw, kalutara-north",C-1129,mapalagamayasiru@gmail.com,Valid till 31st December 2027,image/tourist_guides/U050050000001699476255.jpeg,96
SUSANTHA WEERAPPULI,Chauffeur,"French Tel 0776749426 Address No:20/17, sri gnanawimala rd, athurugiriya Registration No C-1122 Email lakruwan.srilanka@gmail.com Validity status of licence: Valid till 31st December 2027",0777132070,"Buthkanda, kudawa, waddagala",C-1119,susabirdspotter@gmail.com,Valid till 31st December 2027,image/tourist_guides/U050050000001723476287.jpg,96
L. WITHANACHCHI,Chauffeur,French,0776749426,"No:20/17, sri gnanawimala rd, athurugiriya",C-1122,lakruwan.srilanka@gmail.com,Valid till 31st December 2027,image/tourist_guides/U050050000001714475893.jpg,96
M.V.C. PRASANNA JAYAWARDENA,National,English,0718098142,"No:98/4, sri bodhi road, gampaha",N-1080,chamilajayawardana1980@gmail.com,Valid till 31st December 2027,image/tourist_guides/U050050000000696132231.jpg,96
S.A.U.N. ANANDA SAMARATHUNGA,Chauffeur,,0773354051,"Neellawatta, gonulla, gonavila",C-1123,anandasamarathunga@gmail.com,Valid till 31st December 2027,image/tourist_guides/U050050000001712476545.jpg,96
PITIYAGE SHAMITHA VIRAJ SILVA,National,,0776276695,"No:79, kalayathana road, hirana, panadura",N-1258,psvirajsilva@yahoo.com,Valid till 31st December 2027,image/tourist_guides/U050050000003359126344.jpg,96
Search for a Tour Guide,,All Languages Arabic Chinese Dutch English French German Greek Hebrew Hindi Hungarian Italian Japanese Korean Mandarian Russian Spanish Swedish Tamil Thai Urdu Search,,,,,,http://www.srilanka.travel/images/theames-new/covidimg.png,96
Tour Guides,,,,,,,,http://www.srilanka.travel/images/theames-new/covidimg.png,96
R.W.C.R. KUMARA APPUHAMY,Chauffeur,,0773277409,"No:328/3, kotagedara, minuwangoda",C-1213,rangikachathura@gmail.com,Valid till 31st December 2027,image/tourist_guides/U050050000000329476250.jpg,97
M. ROHITHA DE COSTA,Chauffeur,"German Tel 0757193626 Address No:89/04, old road, beruwala Registration No C-1134 Email dishan_lk@yahoo.com Validity status of licence: Valid till 31st December 2027",0715426540,"No:399/14, thalawatugoda road, madiwela, kotte",C-1132,rohitha_decosta@yahoo.com,Valid till 31st December 2027,image/tourist_guides/U050050000001717476243.jpeg,97
DISHAN MAPALAGAMA,Chauffeur,German,0757193626,"No:89/04, old road, beruwala",C-1134,dishan_lk@yahoo.com,Valid till 31st December 2027,image/tourist_guides/U050050000001691475609.jpg,97
M. SHANTHA KUMARA,Chauffeur,"English, French Tel 0777460900 Address No:23-8e, moor road, wellawatta, colombo-06 Registration No N-0064 Email lankajaya@hotmail.com Validity status of licence: Valid till 31st December 2027",0774531917,"No: 73, ""shantha"", walawwatta, biyagama road, kelaniya",C-1137,skumara217@gmail.com,Valid till 31st December 2027,image/tourist_guides/U050050000002298476206.jpeg,97
MAHALINGAM  JAYASOORIYA,National,"English, French",0777460900,"No:23-8e, moor road, wellawatta, colombo-06",N-0064,lankajaya@hotmail.com,Valid till 31st December 2027,http://srilanka.travel//image/cache/no_profile_image-235x145.jpg,97
W.A.T. NIROSHAN WIJESINGHE,Chauffeur,"Russian Tel 0777404996 Address No:460/1, nadungahahena, weliweriya Registration No N-0760 Email mpjpereraj@yahoo.com Validity status of licence: Valid till 31st December 2027",0773761454,"No:39/b, godegandeniya, peradeniya",C-1136,fawmeek@gmail.com,Valid till 31st December 2027,image/tourist_guides/U050050000001680473740.jpg,97
M.P. JANAKA PERERA,National,Russian,0777404996,"No:460/1, nadungahahena, weliweriya",N-0760,mpjpereraj@yahoo.com,Valid till 31st December 2027,image/tourist_guides/U050050000000617133948.jpg,97
D. DHANANJAYA LIYANAGE,National,Italian,0777305842,"No:415/25, high level rd, delkanda, nugegoda",N-1042,Liyanagedananjaya163@gmail.com,Valid till 31st December 2027,image/tourist_guides/U050050000000812473361.jpg,97
Search for a Tour Guide,,All Languages Arabic Chinese Dutch English French German Greek Hebrew Hindi Hungarian Italian Japanese Korean Mandarian Russian Spanish Swedish Tamil Thai Urdu Search,,,,,,http://www.srilanka.travel/images/theames-new/covidimg.png,97
Tour Guides,,,,,,,,http://www.srilanka.travel/images/theames-new/covidimg.png,97
J.V. SUSANTHA JAYASOORIYA,Chauffeur,English,0777324564,"No: 484/1/b, galavila rd, homagama",C-0484,susantha1973@hotmail.com,Valid till 31st December 2027,image/tourist_guides/U050050000001292475108.jpg,98
M. SATHYASEELAN,Area,English,0777111496,"No: 145/227 t, nagaswatte road, kirulapana, colombo 06",A-1044,Sathyaseelancolombo@gmail.com,Valid till 31st December 2027,image/tourist_guides/U050050000002139129637.jpg,98
RALPH DELILE,Chauffeur,"English Tel 775349751 Address No: 111 b/5, laxapathiya road, laxapathiya, moratuwa Registration No N-1023 Email travelwithsf@gmail.com Validity status of licence: Valid till 31st December 2027",0779877724,"No:239/1a, old kottawa road, mirihana, nugegoda",C-1165,ralph.delile@gmail.com,Valid till 31st December 2027,image/tourist_guides/U050050000002272474550.jpg,98
B.S. EMIL FERNANDO,National,English,775349751,"No: 111 b/5, laxapathiya road, laxapathiya, moratuwa",N-1023,travelwithsf@gmail.com,Valid till 31st December 2027,image/tourist_guides/U050050000000864129940.jpg,98
AMILA SALGADO,National,English,0777591155,"No:146/a, pahala bomiriya, kaduwela",N-0861,amilasuwa@gmail.com,Valid till 31st December 2027,http://srilanka.travel//image/cache/no_profile_image-235x145.jpg,98
R.A.U. PRIYANKARA RAMANAYAKE,National,French,0775317644,"No:86/10, gonamaditta road, kesbawa, piliyandala",N-1090,udaya1090@yahoo.com,Valid till 31st December 2027,image/tourist_guides/U050050000000676132232.jpg,98
B. SUDUSINGHE,National,German,0777615974,"No:12/30, bangalawatta, lewella road, kandy",N-0267,bsudusinghe@yahoo.com,Valid till 31st December 2027,http://srilanka.travel//image/cache/no_profile_image-235x145.jpg,98
H. HEMANANDA,National,German,0777345902,"No:9/1/a, sri sunanda mawatha, welegoda, matara",N-0763,hemananda72@gmail.com,Valid till 31st December 2027,http://srilanka.travel//image/cache/no_profile_image-235x145.jpg,98
Search for a Tour Guide,,All Languages Arabic Chinese Dutch English French German Greek Hebrew Hindi Hungarian Italian Japanese Korean Mandarian Russian Spanish Swedish Tamil Thai Urdu Search,,,,,,http://www.srilanka.travel/images/theames-new/covidimg.png,98
Tour Guides,,,,,,,,http://www.srilanka.travel/images/theames-new/covidimg.png,98
N. NISHANTHA KOTIGALA,Chauffeur,French,0777258682,"No:10/3, galpotha rd, walawa watta place, nawala, rajagiriya",C-1151,Kyptravelsdpp@gmail.com,Valid till 31st December 2027,image/tourist_guides/U050050000002292474251.jpg,99
P.A. SARATH KARUNARATHNE,Chauffeur,English,0776041055,"No:496/2, pahala bujjomuwa, bujjomuwa, alawwa",C-0612,sarinsanga.1234@yahoo.com,Valid till 31st December 2027,image/tourist_guides/U050050000001342473833.jpg,99
N. KANCHANA  YALAGALA,National,Russian,0717083083,"No:189, richland's, ketawela, leula",N-1032,nirodhay@yahoo.com,Valid till 31st December 2027,http://srilanka.travel//image/cache/no_profile_image-235x145.jpg,99
K.S.MAHENDRA FERNANDO,National,English,0773560351,"No:405, dalupotha, negombo",N-0757,mahendra.fernando2@gmail.com,Valid till 31st December 2027,image/tourist_guides/U050050000000622128096.jpg,99
L.J.S. DE SILVA,National,"English Tel 0765247894 Address No.:224/3, mandawila, 06th lane, angoda Registration No N-0624 Email weeratour@gmail.com Validity status of licence: Valid till 31st December 2027",0712536301,"No:123, daham mawatha, kaldemulla, moratuwa",N-0772,gemsdiora@gmail.com,Valid till 31st December 2027,http://srilanka.travel//image/cache/no_profile_image-235x145.jpg,99
D.J. WEERAKKODY,National,English,0765247894,"No.:224/3, mandawila, 06th lane, angoda",N-0624,weeratour@gmail.com,Valid till 31st December 2027,image/tourist_guides/U050050000000464126411.jpg,99
W.N. SAMAN SILVA,Chauffeur,English,0773558674,"No:10/a, isurupura mw, kesbewa",C-0743,thiyangi@gmail.com,Valid till 31st December 2027,image/tourist_guides/U050050000001091473343.jpeg,99
S.D. PADMAKUMARA SENADHEERA,National,German,0757020015,"No:100, muddaragama, veyangoda",N-0295,kumaramuddara@hotmail.com,Valid till 31st December 2027,image/tourist_guides/U050050000000289476575.jpg,99
Search for a Tour Guide,,All Languages Arabic Chinese Dutch English French German Greek Hebrew Hindi Hungarian Italian Japanese Korean Mandarian Russian Spanish Swedish Tamil Thai Urdu Search,,,,,,http://www.srilanka.travel/images/theames-new/covidimg.png,99
Tour Guides,,,,,,,,http://www.srilanka.travel/images/theames-new/covidimg.png,99
I.N.U.ARUNA SHANTHA IDDAMALGODA,National,"English Tel 0771995006 Address No:126/2b, kusalagnana mw, dehiwala Registration No N-0238 Email tuanzjamion@gmail.com Validity status of licence: Valid till 31st December 2027",0714465938,"No:686/10, relax homes, pinketha road, homagama",N-1393,neelakaiddamalgoda@gmail.com,Valid till 31st December 2027,image/tourist_guides/U050050000002390132253.jpg,100
TUAN ZAINOOR JAMION,National,English,0771995006,"No:126/2b, kusalagnana mw, dehiwala",N-0238,tuanzjamion@gmail.com,Valid till 31st December 2027,image/tourist_guides/U050050000000175473657.jpg,100
R.A.D. LASANTHA RAJAPAKSE,National,,0773442075,"No:22, upananda mw, attidiya, dehiwala",N-1189,lasraj@yahoo.com,Valid till 31st December 2027,http://srilanka.travel//image/cache/no_profile_image-235x145.jpg,100
E.B.R.M. RAJA EKANAYAKE,Chauffeur,"English Tel 0777076462 Address No:135, sanhidapura, wilegoda, kalutara-north Registration No C-0533 Email lekamge.tours@gmail.com Validity status of licence: Valid till 31st December 2027",0776616758,"No:167/.12/1, athukorala watta, madbiyawa, kegelle",C-1045,rajekanayake657@gmail.com,Valid till 31st December 2027,image/tourist_guides/U050050000001750476139.jpg,100
A.G. PADMASIRI LEKAMGE,Chauffeur,English,0777076462,"No:135, sanhidapura, wilegoda, kalutara-north",C-0533,lekamge.tours@gmail.com,Valid till 31st December 2027,image/tourist_guides/U050050000001344476175.jpg,100
WARNAKULASURIYA RUSHAN SAMANTHA FRENANDO,National,"Russian Tel 0715595928 Address No:05, rohana mw, sri subuthipura, battaramulla Registration No N-1243 Email pandulawickramanayake@gmail.com Validity status of licence: Valid till 31st December 2027",0777737141,"No:2/270, modarawella, marawila",N-1276,samanthatoursmarawila@gmail.com,Valid till 31st December 2027,http://srilanka.travel//image/cache/no_profile_image-235x145.jpg,100
P. PRASAD WICKRAMANAYAKE,National,Russian,0715595928,"No:05, rohana mw, sri subuthipura, battaramulla",N-1243,pandulawickramanayake@gmail.com,Valid till 31st December 2027,image/tourist_guides/U050050000000697133089.jpg,100
C. PRADEEP WICKRAMARATHNA,National,English,0772621215,"No:135/a, nittambuwa road, veyangoda",N-1146,Chamarapw@gmail.com,Valid till 31st December 2027,image/tourist_guides/U050050000000895127489.jpg,100
Search for a Tour Guide,,All Languages Arabic Chinese Dutch English French German Greek Hebrew Hindi Hungarian Italian Japanese Korean Mandarian Russian Spanish Swedish Tamil Thai Urdu Search,,,,,,http://www.srilanka.travel/images/theames-new/covidimg.png,100
Tour Guides,,,,,,,,http://www.srilanka.travel/images/theames-new/covidimg.png,100
N. SEEVALI PANANGALA,National,Arabic,0776962164,"No:60/10, templers road, mount lavinia",N-1191,panangala@liVe.com,Valid till 31st December 2027,http://srilanka.travel//image/cache/no_profile_image-235x145.jpg,101
M.S. ANURUDDHA FERNANDO,National,English,0779920335,"No:g-58, nivasiepura, 11390 kotugoda",N-1190,anurudhaf@gmail.com,Valid till 31st December 2027,image/tourist_guides/U050050000000795133106.jpg,101
S.A. EKANAYAKE,National,English,0777571429,"No:1, de seram rd, mountlavinia",N-0306,suniana135@gmail.com,Valid till 31st December 2027,http://srilanka.travel//image/cache/no_profile_image-235x145.jpg,101
T.R. SIRIKUMARA DHARMARATHNA,Area,English,0778516112,"No. 201, gasdeka watta, dope , bentota",A-1060,ravi0778516112@gmail.com,Valid till 31st December 2027,http://srilanka.travel//image/cache/no_profile_image-235x145.jpg,101
D.C. SAMPATH SAMARATHUNGA,National,English,0714177666,"No:78/3, hospital road, dehiwala",N-1121,Sampathsamarathunga550@gmail.com,Valid till 31st December 2027,http://srilanka.travel//image/cache/no_profile_image-235x145.jpg,101
H.D.A. RANJITH,National,German,0772853355,"No:101, madiwela road, udahamulla, nugegoda",N-0252,rangit@mail.com,Valid till 31st December 2027,image/tourist_guides/U050050000000454127501.jpg,101
H. TDIMAN SILVA,National,German,0714488378,"No:126, siril mw, mahawaskaduwa, waskaduwa",N-0612,tidimansilva@gmail.com,Valid till 31st December 2027,http://srilanka.travel//image/cache/no_profile_image-235x145.jpg,101
M. NIHAL  JAYASINGHE,National,English,0776038318,"No:66a, katuwawala, boralesgamuwa",N-0742,nihal.jayasinghe24@gmail.com,Valid till 31st December 2027,http://srilanka.travel//image/cache/no_profile_image-235x145.jpg,101
Search for a Tour Guide,,All Languages Arabic Chinese Dutch English French German Greek Hebrew Hindi Hungarian Italian Japanese Korean Mandarian Russian Spanish Swedish Tamil Thai Urdu Search,,,,,,http://www.srilanka.travel/images/theames-new/covidimg.png,101
Tour Guides,,,,,,,,http://www.srilanka.travel/images/theames-new/covidimg.png,101
S.A. JAYANTHA  WIJEPALA,National,English,0777417221,"No:109/1, kadawatha rd, nadimala, dehiwala",N-1004,jwijepala@gmail.com,Valid till 31st December 2027,image/tourist_guides/U050050000000890477934.jpg,102
SELLADURAI RAJENDRAN,National,English,0777894439,"No:2/b, central gardens, sadasarana mw, rilaulla, kandana",N-1142,rajendrans@live.com,Valid till 31st December 2027,image/tourist_guides/U050050000000845473672.jpg,102
K. SELVARAJAH,National,English,0777783328,"No:16/18-d, pio mawatha, kandana",N-1135,selcrest@gmail.com,Valid till 31st December 2027,http://srilanka.travel//image/cache/no_profile_image-235x145.jpg,102
S. KUMARA RANGALLA,National,English,0777961989,"No:122/a, weliya south, minuwangoda",N-1085,kofukusrilanka@yahoo.com,Valid till 31st December 2027,http://srilanka.travel//image/cache/no_profile_image-235x145.jpg,102
N. RUKMAN MAYADUNNE,National,French,0718068527,"No:95, old pitipana road, homagama",N-0796,neranjanmaya@gmail.com,Valid till 31st December 2027,http://srilanka.travel//image/cache/no_profile_image-235x145.jpg,102
H.M.GAMINI GUNAWARDENA,National,German,0777804309,"""theresia home"",pellandeniya,maspotha,kurunegala",N-0605,gaminihmg3@gmail.com,Valid till 31st December 2027,http://srilanka.travel//image/cache/no_profile_image-235x145.jpg,102
D.M.P. KUMARA DAMBADENIYA,National,English,0771542553,"Hinguraka, 4th mile post, hingurakgoda",N-1134,priyantha.explorer@gmail.com,Valid till 31st December 2027,image/tourist_guides/U050050000000858127260.jpg,102
C. S. PATHIRANA,National,,0776318011,"No:205/7, balikaniwasa road, rukmale, pannipitiya",N-0634,pathiranacs@gmail.com,Valid till 31st December 2027,http://srilanka.travel//image/cache/no_profile_image-235x145.jpg,102
Search for a Tour Guide,,All Languages Arabic Chinese Dutch English French German Greek Hebrew Hindi Hungarian Italian Japanese Korean Mandarian Russian Spanish Swedish Tamil Thai Urdu Search,,,,,,http://www.srilanka.travel/images/theames-new/covidimg.png,102
Tour Guides,,,,,,,,http://www.srilanka.travel/images/theames-new/covidimg.png,102
K.A.R. PEIRIS,National,English,0777306345,"No:526/2, st. ritas  estate, siyambalape",N-0633,ravi.arjunapeiris@gmail.com,Valid till 31st December 2027,http://srilanka.travel//image/cache/no_profile_image-235x145.jpg,103
A. BANDARA RAJAPAKSE,National,English,0715650044,"""athgira"", no:225/a, samagi mw, kotikawatta, angoda",N-1126,asangarajapakse92@gmail.com,Valid till 31st December 2027,image/tourist_guides/U050050000000885473290.jpg,103
K.A.D. BUDDHIKA PUSHPA KUMARA,National,English,0772090049,"No:79, gurumulla road, godella, dankotuwa",N-1157,donbuddika13@gmail.com,Valid till 31st December 2027,http://srilanka.travel//image/cache/no_profile_image-235x145.jpg,103
S.M.S. RAJAKARUNA DE SILVA,National,English,0773473319,"No:7/14, saman uyana , dambahena road, maharagama",N-1174,maduradesilVa@ymail.com,Valid till 31st December 2027,http://srilanka.travel//image/cache/no_profile_image-235x145.jpg,103
A. PATRICK PERERA,National,English,0777606400,"No:11-8a, graylina park, ella",N-1137,antonperara02@gmail.com,Valid till 31st December 2027,image/tourist_guides/U050050000000856478015.jpeg,103
M.A. SANDASIRI  WIJESINGHE,National,Italian,0728119672,"No:97/3, mangala mw, 2nd lane , kirillawala, kadawatha",N-1041,ayodhyadevmini@gmail.com,Valid till 31st December 2027,image/tourist_guides/U050050000000808132228.jpg,103
D.L.S. WICKRAMASINGHA RAJAPAKSHE,National,English,0776712063,"No:43, de silva mw, panadura",N-0734,sumith.rajapakshe@yahoo.com,Valid till 31st December 2027,http://srilanka.travel//image/cache/no_profile_image-235x145.jpg,103
R. ARACHCHIGE JAYANTHA,National,English,0770746503,"No:226/2, makola road, kiribathgoda",N-1178,jrupasingha9@gmail.com,Valid till 31st December 2027,http://srilanka.travel//image/cache/no_profile_image-235x145.jpg,103
Search for a Tour Guide,,All Languages Arabic Chinese Dutch English French German Greek Hebrew Hindi Hungarian Italian Japanese Korean Mandarian Russian Spanish Swedish Tamil Thai Urdu Search,,,,,,http://www.srilanka.travel/images/theames-new/covidimg.png,103
Tour Guides,,,,,,,,http://www.srilanka.travel/images/theames-new/covidimg.png,103
R.W.P.M.N. DAYARATHNA BANDARA,National,Japanese,0716309529,"No:73, eramuduliyadda, sangarajapura, kandy",N-0929,nalibanda@gmail.com,Valid till 31st December 2027,http://srilanka.travel//image/cache/no_profile_image-235x145.jpg,104
P.H.T. NILHAN AMARANAYAKA,National,English,0775332990,"Kopiwaththa junction, welipenna, mathugama",N-1171,a.nilhan@yahoo.com,Valid till 31st December 2027,http://srilanka.travel//image/cache/no_profile_image-235x145.jpg,104
W.R. WALTER PEIRIS,National,English,0777470027,"No:202/a, ""shantha"", talwila, marawila",N-1209,roshanthawalter@gmail.com,Valid till 31st December 2027,image/tourist_guides/U050050000000758133071.jpg,104
T.A. SEBESTIAN DE SILVA,National,German,0779495300,"No:229/3/2, jayanthi road, honnanthara, piliyandala",N-1218,athuladesilva830@gmail.com,Valid till 31st December 2027,image/tourist_guides/U050050000000745127695.jpg,104
D. PREMASIRI RANATHUNGA,Chauffeur,,0777808502,"No. 417/1, wilegoda , horana rd, kalutara north",C-1154,donrana601@yahoo.com,Valid till 31st December 2027,image/tourist_guides/U050050000001658474134.jpg,104
K.H.P.S. KUMARA DE SILVA,Chauffeur,,0777521046,"No:15/a/20, thiyudar rajapaksha mw, weliwatugoda, balapitiya",C-1155,desilvasandun20@gmail.com,Valid till 31st December 2027,image/tourist_guides/U050050000002285476278.jpg,104
P.S. DILSHAN NONIS,Chauffeur,,0779137885,"No:83/1, colombo road, katunayake",C-1157,shameeranonis@gmail.com,Valid till 31st December 2027,image/tourist_guides/U050050000001657475755.jpg,104
M.A. KUMARA PREMACHANDRA,Chauffeur,,0773779743,"No:34/b, nagoda road, bombuwala",C-1160,Journey9N@gmail.com,Valid till 31st December 2027,image/tourist_guides/U050050000002278475783.jpg,104
Search for a Tour Guide,,All Languages Arabic Chinese Dutch English French German Greek Hebrew Hindi Hungarian Italian Japanese Korean Mandarian Russian Spanish Swedish Tamil Thai Urdu Search,,,,,,http://www.srilanka.travel/images/theames-new/covidimg.png,104
Tour Guides,,,,,,,,http://www.srilanka.travel/images/theames-new/covidimg.png,104
D. CHANDANA KUMARAGE,National,German,0724995879,"No:197/77, sahan sewana, school rd, weniwelkola, polgasowita",N-1250,dcktravellssrilanka@gmail.com,Valid till 31st December 2027,http://srilanka.travel//image/cache/no_profile_image-235x145.jpg,105
C.P.P. CHANDRA DE SILVA,Chauffeur,German,0779964603,"No:228/27, new road, kaluwamodara, aluthgama",C-1159,cppiyal@gmail.com,Valid till 31st December 2027,image/tourist_guides/U050050000001655476031.jpg,105
M.F. RUWAN SUDHARSHANA DE SILVA,National,"English, Russian, German",0771786907,"""srimal"", saimon de silva rd, kaluwamodara,  aluthgama",N-1251,ntgl.ruwan@yahoo.de,Valid till 31st December 2027,http://srilanka.travel//image/cache/no_profile_image-235x145.jpg,105
W.D.P.B. ABEYWARDENA,National,English,0777309795,"No:96/b, siddamulla, piliyandala",N-1256,prashbarnes@yahoo.com,Valid till 31st December 2027,http://srilanka.travel//image/cache/no_profile_image-235x145.jpg,105
J.A.T. DAMMIKE SENEVIRATNE,National,English,0718255491,"No:03, 1st lane, thalapathpitiya, nugegoda",N-1254,tdsenna@yahoo.co.uk,Valid till 31st December 2027,http://srilanka.travel//image/cache/no_profile_image-235x145.jpg,105
A.NISHNTHA FONSEKA,National,English,0775512221,"No:215/m/g/10, anderson flats, park road, narahenpita",N-1253,ajithnf@gmail.com,Valid till 31st December 2027,http://srilanka.travel//image/cache/no_profile_image-235x145.jpg,105
G.R.S.GAMLATH BANDARA,National,French,0770653570,"No:769/4, ambanpitiya, galigamuwa town",N-1257,sureshbandara70@yahoo.com,Valid till 31st December 2027,image/tourist_guides/U050050000000947134123.jpg,105
S. MOHOMED ASHRUF,National,English,0777975151,"No:26/23, sri dharmarama road, ratmalana",N-1260,suffranos@gmail.com,Valid till 31st December 2027,http://srilanka.travel//image/cache/no_profile_image-235x145.jpg,105
Search for a Tour Guide,,All Languages Arabic Chinese Dutch English French German Greek Hebrew Hindi Hungarian Italian Japanese Korean Mandarian Russian Spanish Swedish Tamil Thai Urdu Search,,,,,,http://www.srilanka.travel/images/theames-new/covidimg.png,105
Tour Guides,,,,,,,,http://www.srilanka.travel/images/theames-new/covidimg.png,105
T.G. MAHESH PRIYADHARSHANA,National,English,0777414641,"No. 8/10, thelawala road, mount lavinia",N-1262,srilankanseals@gmail.com,Valid till 31st December 2027,image/tourist_guides/U050050000000680142497.jpg,106
D. ANTHONY LEITCH,National,Russian,0777975500,"No:05, kanaththa road, boralesgamuwa",N-1259,denVerleitch@hotmail.com,Valid till 31st December 2027,http://srilanka.travel//image/cache/no_profile_image-235x145.jpg,106
NARENDRA VITHANAWASAM,National,French,0776657301,"No. 264, howpe, galle",N-1263,narenntgl@gmail.com,Valid till 31st December 2027,image/tourist_guides/U050050000000672127353.jpg,106
H.D.D. MADHURANGA,National,English,0773592449,"No:158/b, massalagoda, dope, bentota",N-1266,sritrikaya@gmail.com,Valid till 31st December 2027,image/tourist_guides/U050050000000915478014.jpg,106
S.A.L. MAXIMUS SILVA,National,Japanese,0711585316,"No:63/2, cardinal thomas cooray mw, avriwatta, wattala",N-1268,maxisilva756@gmail.com,Valid till 31st December 2027,http://srilanka.travel//image/cache/no_profile_image-235x145.jpg,106
B.G.R. THUSHARA BALASOORIYA,National,English,0775846477,"No:356/2, kotuwewatta, pahalagattuwana, kurunegala",N-1273,rtbalasooriya@gmail.com,Valid till 31st December 2027,image/tourist_guides/U050050000000677133096.jpg,106
M.N. DAYARATHNA,National,English,0773641733,"No:239, emilton range, haloluwa, kandy",N-1269,niladaya50@gmail.com,Valid till 31st December 2027,http://srilanka.travel//image/cache/no_profile_image-235x145.jpg,106
PARAKRAMA  BANDARA,National,English,0775776902,"No:97/38/b, ratanarama rd, aberatna mw, boralesgamuwa",N-1264,prakibandara@yahoo.com,Valid till 31st December 2027,image/tourist_guides/U050050000000919133107.jpg,106
Search for a Tour Guide,,All Languages Arabic Chinese Dutch English French German Greek Hebrew Hindi Hungarian Italian Japanese Korean Mandarian Russian Spanish Swedish Tamil Thai Urdu Search,,,,,,http://www.srilanka.travel/images/theames-new/covidimg.png,106
Tour Guides,,,,,,,,http://www.srilanka.travel/images/theames-new/covidimg.png,106
W.K.S. RASANGA PERERA,National,"Japanese, Italian",0777893506,"""sithsara"", mudukatuwa, marawila",N-1279,sajithjapan1@gmail.com,Valid till 31st December 2027,http://srilanka.travel//image/cache/no_profile_image-235x145.jpg,107
W.K. RAMANAYAKE,National,German,0773112618,"No:338/e, kuleepitiya, polgahawela",N-1272,ramanayake.wasantha@gmail.com,Valid till 31st December 2027,image/tourist_guides/U050050000000950131741.jpg,107
P. MALITH KANCHANA,National,Russian,0772616973,"No:b-37, niwasipura, kotugoda, ja-ela",N-1277,mpulwansa@gmail.com,Valid till 31st December 2027,http://srilanka.travel//image/cache/no_profile_image-235x145.jpg,107
W.A.D. UPUL LASANTHA WANASINGHE,National,"Korean Tel 0776693201 Address No:28/2, jayanthi place, werahera, boralesgamuwa Registration No N-1280 Email damith.jason@gmail.com Validity status of licence: Valid till 31st December 2027",0772207357,"No:549/3, daluwakotuwa, kochchikade",N-1274,upullasantha@gmail.com,Valid till 31st December 2027,http://srilanka.travel//image/cache/no_profile_image-235x145.jpg,107
S.DAMITHA JAYARATHNA,National,Korean,0776693201,"No:28/2, jayanthi place, werahera, boralesgamuwa",N-1280,damith.jason@gmail.com,Valid till 31st December 2027,image/tourist_guides/U050050000000955127688.jpg,107
T. JAYASINGHE,National,"French, German",0772279267,"No:56/1, dedduwa, hamburugala",N-1286,tharanga7913@gmail.com,Valid till 31st December 2027,image/tourist_guides/U050050000000929132359.jpg,107
K.N. KUMARA NARANGALA,National,English,0714809516,"No:170, delgahawatta road, angoda",N-1285,nishanthanarangala7@gmail.Com,Valid till 31st December 2027,http://srilanka.travel//image/cache/no_profile_image-235x145.jpg,107
M. JAYALAL WEERAWARDANA,National,Russian,0777543440,"No:672/2, pitigala road, bogoda, elpitiya",N-1319,mgranithu@gmail.com,Valid till 31st December 2027,http://srilanka.travel//image/cache/no_profile_image-235x145.jpg,107
Search for a Tour Guide,,All Languages Arabic Chinese Dutch English French German Greek Hebrew Hindi Hungarian Italian Japanese Korean Mandarian Russian Spanish Swedish Tamil Thai Urdu Search,,,,,,http://www.srilanka.travel/images/theames-new/covidimg.png,107
Tour Guides,,,,,,,,http://www.srilanka.travel/images/theames-new/covidimg.png,107
A.ARIYARATHNA DE SILVA,National,German,0776260402,"No:475, kudawaskaduwa, waskaduwa",N-1326,aribest123@gmail.com,Valid till 31st December 2027,http://srilanka.travel//image/cache/no_profile_image-235x145.jpg,108
H.K. HITIGE,National,English,0776664665,"""dimuth"", matale road, ambetenna",N-1281,amilahitige@hotmail.com,Valid till 31st December 2027,image/tourist_guides/U050050000000922132244.jpg,108
H.M. SAMPATH PUSHPA KUMARA,National,"French Tel 0771438483 Address No:72/7, sri sugathanandarama rd, bekkegama, walana, panadura Registration No N-1289 Email kitmendis1711@gmail.com Validity status of licence: Valid till 31st December 2027",0772347840,"No:89/6, 2nd lane, vishwakala rd, mampe, piliyandala",N-1283,hmsampath10@yahoo.com,Valid till 31st December 2027,http://srilanka.travel//image/cache/no_profile_image-235x145.jpg,108
K.I.T. MENDIS,National,French,0771438483,"No:72/7, sri sugathanandarama rd, bekkegama, walana, panadura",N-1289,kitmendis1711@gmail.com,Valid till 31st December 2027,image/tourist_guides/U050050000000944132246.jpg,108
W.A.C. RUKMAL WANASINGHE,National,English,0766695969,"Maha udawala, wadumunnegedara, kurunegala",N-1293,chandima003@yahoo.com,Valid till 31st December 2027,image/tourist_guides/U050050000000907133952.jpg,108
B.G. WIJAYA BANDARA,National,English,0783618183,"No:184, nilella, keppetipola",N-1299,bgwijayabandara@gmail.com,Valid till 31st December 2027,http://srilanka.travel//image/cache/no_profile_image-235x145.jpg,108
W. RANJITH KURUKULASOORIYA,National,English,0771587076,"No:215/m/g/10, anderson flats, park rd, colombo-05",N-1306,wipulrk@gmail.com,Valid till 31st December 2027,image/tourist_guides/U050050000000644126440.jpg,108
P.D.N. PATRICK ALMEIDA,National,Italian,0768426721,"No:64/1, ragama rd, kadawatha",N-1294,nimalpatrickalmeida@gmail.com,Valid till 31st December 2027,http://srilanka.travel//image/cache/no_profile_image-235x145.jpg,108
Search for a Tour Guide,,All Languages Arabic Chinese Dutch English French German Greek Hebrew Hindi Hungarian Italian Japanese Korean Mandarian Russian Spanish Swedish Tamil Thai Urdu Search,,,,,,http://www.srilanka.travel/images/theames-new/covidimg.png,108
Tour Guides,,,,,,,,http://www.srilanka.travel/images/theames-new/covidimg.png,108
S. DILHAN HETTIARACHCHI,National,Japanese,0714555280,"No:396/8/6, colvin crest, samagi mw, hokandara south",N-1291,smewzone@yahoo.com,Valid till 31st December 2027,image/tourist_guides/U050050000000656133124.jpg,109
H.G. DESHAPPRIYA SILVA,National,English,0777820311,"""ruchira"", sri saranapala mawatha, pinwatta, panadura",N-1300,desha_silva@yahoo.com,Valid till 31st December 2027,http://srilanka.travel//image/cache/no_profile_image-235x145.jpg,109
T. WALGAMA,National,French,0776918597,"No:54, gamawalawwa, meda yatawara, wattegama",N-1296,thilakasiri_68@yahoo.com,Valid till 31st December 2027,http://srilanka.travel//image/cache/no_profile_image-235x145.jpg,109
I.R.T. THIRANJAN PREMARATNE,National,Russian,0719047689,"Piscalwatta,wilegoda, kurunegala",N-1308,thiranjan@hotmail.com,Valid till 31st December 2027,image/tourist_guides/U050050000000641137344.jpg,109
G.D.UPENDRA  PERERA,National,Russian,0770620740,"No:458, niwandama, ja-ela",N-1303,duminduuperera@gmail.com,Valid till 31st December 2027,image/tourist_guides/U050050000000954127486.jpg,109
RAVINDRA PRADEEP WANASINGHE PALAGOLLA,National,"English Tel 0719313909 Address No:230/2, koskandawala, yakkala Registration No N-1307 Email pereraneil54@gmail.com Validity status of licence: Valid till 31st December 2027",0775036647,"No:133/4, pahala biyanwila, kadawatha",N-1301,ravindrapalagolla@gmail.com,Valid till 31st December 2027,image/tourist_guides/U050050000003248127532.jpg,109
R.A. NEIL PERERA,National,English,0719313909,"No:230/2, koskandawala, yakkala",N-1307,pereraneil54@gmail.com,Valid till 31st December 2027,http://srilanka.travel//image/cache/no_profile_image-235x145.jpg,109
R.M.S. BANDARA MUDUNNA,National,Japanese,0773314991,"Madawalathanna, uhumeeya, kurunegala",N-1312,sarath971@yahoo.com,Valid till 31st December 2027,http://srilanka.travel//image/cache/no_profile_image-235x145.jpg,109
Search for a Tour Guide,,All Languages Arabic Chinese Dutch English French German Greek Hebrew Hindi Hungarian Italian Japanese Korean Mandarian Russian Spanish Swedish Tamil Thai Urdu Search,,,,,,http://www.srilanka.travel/images/theames-new/covidimg.png,109
Tour Guides,,,,,,,,http://www.srilanka.travel/images/theames-new/covidimg.png,109
A.GAMAGE NANDANA,National,Russian,0772512564,"No:15, kadurupokuna, south tangalle",N-1316,nandanagamage114@gmail.com,Valid till 31st December 2027,image/tourist_guides/U050050000000905127542.jpg,110
PRATHIRAJA APPUHAMILAGE BUDDHIKA MAHESH PATHIRAJA,National,Italian,0776793053,"No:221, malwathuhiripitiya, buthpitiya",N-1310,maheshpathiraja85@gmail.com,Valid till 31st December 2027,http://srilanka.travel//image/cache/no_profile_image-235x145.jpg,110
U.R.WICKRAMASINGHE,National,,0716237063,"No:141, shalawa rd, embuldeniya, nugegoda",N-1322,upulwicky@yahoo.com,Valid till 31st December 2027,http://srilanka.travel//image/cache/no_profile_image-235x145.jpg,110
DAMMIKA KARUNARATNE,National,,0774347069,"No:188, udarata sandella, haragama, gurudeniya, kandy",N-0365,dammika.fre7@gmail.com,Valid till 31st December 2027,http://srilanka.travel//image/cache/no_profile_image-235x145.jpg,110
L.B.P.T.JAYASOORIYA,National,"Tamil Tel 0774334105 Address No:174/a, dodangolla, akurana Registration No N-1334 Email dream5holidays@yahoo.com Validity status of licence: Valid till 31st December 2027",0712955934,"Piscal watta, wilegoda, kurunagala",N-1323,thusharikalbp@gmail.com,Valid till 31st December 2027,http://srilanka.travel//image/cache/no_profile_image-235x145.jpg,110
K.M.M.J. MOHAMED NIZAR,National,Tamil,0774334105,"No:174/a, dodangolla, akurana",N-1334,dream5holidays@yahoo.com,Valid till 31st December 2027,image/tourist_guides/U050050000000961127354.jpg,110
H.A.S.KUMARA HAPANGAMA,National,Italian,0779744776,"133/01, miriswatta, mudungoda, gampaha",N-1333,savindra1973@gmail.com,Valid till 31st December 2027,http://srilanka.travel//image/cache/no_profile_image-235x145.jpg,110
W.A. HEMASIRI,National,"English, German",0773000355,"No:898/4, rukmale road, pannipitiya",N-0104,wahemasiri@hotmail.com,Valid till 31st December 2027,http://srilanka.travel//image/cache/no_profile_image-235x145.jpg,110
Search for a Tour Guide,,All Languages Arabic Chinese Dutch English French German Greek Hebrew Hindi Hungarian Italian Japanese Korean Mandarian Russian Spanish Swedish Tamil Thai Urdu Search,,,,,,http://www.srilanka.travel/images/theames-new/covidimg.png,110
Tour Guides,,,,,,,,http://www.srilanka.travel/images/theames-new/covidimg.png,110
S.G. RANJU SINGHASANA,Chauffeur,,0779163636,"No:257, main street, kegalle",C-1167,sinharan22@gmail.com,Valid till 31st December 2027,image/tourist_guides/U050050000002275475197.jpg,111
YASANTHA BASIL DEWENDRA WIJENDRA,National,,0777281530,"Mahindha mawatha, walbothalaya, mirigama",N-0941,wyasantha@gmail.com,Valid till 31st December 2027,http://srilanka.travel//image/cache/no_profile_image-235x145.jpg,111
R.A.E.B. RUPASINGHE,Chauffeur,"German Tel 0775835671 Address No:26, sir james pieris mawatha, panadura Registration No N-0378 Email arneananda@gmail.com Validity status of licence: Valid till 31st December 2027",0713322600,"No:83, chilaw rd, anamaduwa",C-1168,esalamail@yahoo.com,Valid till 31st December 2027,image/tourist_guides/U050050000001650476095.jpeg,111
A. UPALI MALALASEKERA,National,German,0775835671,"No:26, sir james pieris mawatha, panadura",N-0378,arneananda@gmail.com,Valid till 31st December 2027,http://srilanka.travel//image/cache/no_profile_image-235x145.jpg,111
L.S. DOOLWELA,National,English,0777569907,"No:142/18, jenson watta, anderson rd, nedimala, dehiwala",N-0303,luckydool46@gmail.com,Valid till 31st December 2027,http://srilanka.travel//image/cache/no_profile_image-235x145.jpg,111
M. A. MOHAMED AFZAL,National,German,0777308608,"No:34d, gregery road, dehiwala",N-0392,afzalabubakr@gmail.com,Valid till 31st December 2027,image/tourist_guides/U050050000000335127499.jpg,111
WILHELM VANDORT,National,"English Tel 0776633187 Address No.581/a,behind  public market, piolonnaruwa Registration No A-0073 Email sunilchandrasiri158@gmail.com Validity status of licence: Valid till 31st December 2027",0777318000,"No:457/19, millagaha watte, nawala road, rajagiriya",N-0299,wilhelmauthenticities@gmail.com,Valid till 31st December 2027,http://srilanka.travel//image/cache/no_profile_image-235x145.jpg,111
M.SUNIL CHANDRASIRI,Area,English,0776633187,"No.581/a,behind  public market, piolonnaruwa",A-0073,sunilchandrasiri158@gmail.com,Valid till 31st December 2027,image/tourist_guides/U050050000001768128246.jpg,111
Search for a Tour Guide,,All Languages Arabic Chinese Dutch English French German Greek Hebrew Hindi Hungarian Italian Japanese Korean Mandarian Russian Spanish Swedish Tamil Thai Urdu Search,,,,,,http://www.srilanka.travel/images/theames-new/covidimg.png,111
Tour Guides,,,,,,,,http://www.srilanka.travel/images/theames-new/covidimg.png,111
S.K. DEVANARAYANA,National,Italian,0777392496,"No:332/1/n, rakkandaluwa, dalugamgoda, kelaniya",N-0395,shanthadeVa63@gmail.com,Valid till 31st December 2027,image/tourist_guides/U050050000000330132291.jpg,112
A. G.SUDATH ARIYARATHNA,Chauffeur,"German Tel 0777143475 Address No:147, wathurugama road, bogahawatta, kirindiwela Registration No N-0194 Email ranjithchris2002@gmail.com Validity status of licence: Valid till 31st December 2027",0775988345,"No:22/1, galabawa, galagedara",C-1172,sudathariyarathna455@gmail.com,Valid till 31st December 2027,image/tourist_guides/U050050000000010476121.jpg,112
CHRISTOPHER RANJITH,National,German,0777143475,"No:147, wathurugama road, bogahawatta, kirindiwela",N-0194,ranjithchris2002@gmail.com,Valid till 31st December 2027,http://srilanka.travel//image/cache/no_profile_image-235x145.jpg,112
N.H. ANURA SENARATHNA,Area,English,0776024126,"""rathnasiri"",robolgoda,bentota",A-0042,anuranh@gmail.com,Valid till 31st December 2027,image/tourist_guides/U050050000001780135758.jpg,112
M. ZAHEEM MOHIDEEN,National,Dutch,0777361522,"No:22, 40th lane, colombo-06",N-0412,mmzaheem@gmail.com,Valid till 31st December 2027,http://srilanka.travel//image/cache/no_profile_image-235x145.jpg,112
T. NANDASIRI DE SILVA,Area,English,0786517344,"Station road, ahungalla",A-0748,siri40595@gmail.com,Valid till 31st December 2027,http://srilanka.travel//image/cache/no_profile_image-235x145.jpg,112
P.A. RATNASIRI,National,"English, French, German",0777152847,"No:315, old galle road, angagoda, bentota",N-0093,ratnapa123@yahoo.com,Valid till 31st December 2027,http://srilanka.travel//image/cache/no_profile_image-235x145.jpg,112
B. LAKSHMAN RAMANAYAKE,Chauffeur,English,0777041021,"No:65, medhananda mawatha, makuludoowa, piliyandala",C-0107,lakshmanramanayake@yahoo.com,Valid till 31st December 2027,image/tourist_guides/U050050000001565474166.jpg,112
Search for a Tour Guide,,All Languages Arabic Chinese Dutch English French German Greek Hebrew Hindi Hungarian Italian Japanese Korean Mandarian Russian Spanish Swedish Tamil Thai Urdu Search,,,,,,http://www.srilanka.travel/images/theames-new/covidimg.png,112
Tour Guides,,,,,,,,http://www.srilanka.travel/images/theames-new/covidimg.png,112
D.ANIL MUNASINGHE,National,Russian,0772915298,"No:250, kurunduwatta, dankotuwa, kochchikade",N-1343,don.intravel@gmail.com,Valid till 31st December 2027,http://srilanka.travel//image/cache/no_profile_image-235x145.jpg,113
S. PRIYANTHA DAHANAYAKE,National,English,0774192111,"No:40/11, waragoda estate, waragoda, kelaniya",N-1342,sujeewadahanayake29@gmail.com,Valid till 31st December 2027,http://srilanka.travel//image/cache/no_profile_image-235x145.jpg,113
R. NIRANJAN PERERA,National,Hindi,0773510966,"No:3/1, bataganwila new lane, deniyawatte, galle",N-1050,sahanabookemporium@gmail.com,Valid till 31st December 2027,image/tourist_guides/U050050000000794473885.jpg,113
G.K.ANURA LAKSIRI,Chauffeur,"Russian Address ""chamara"", thannehena, molagoda, kegalla Registration No N-1246 Email dhammikaalahakoon5@gmail.com Validity status of licence: Valid till 31st December 2027",0718174718,"N0:46/05, wekanda rd, homagama",C-1170,laksiritours@gmail.com,Valid till 31st December 2027,image/tourist_guides/U050050000000011475589.jpg,113
A.M.D.ANURUDDA BANDARA ALAHAKOON,National,Russian,"0777291529 Address No:8, 8th lane, wawlagala estate, munagama Registration No N-1265 Email nishantha_pv@hotmail.com Validity status of licence: Valid till 31st December 2027","""chamara"", thannehena, molagoda, kegalla",N-1246,dhammikaalahakoon5@gmail.com,Valid till 31st December 2027,http://srilanka.travel//image/cache/no_profile_image-235x145.jpg,113
P.V. NISHANTHA RANASINGHE,National,English,0777291529,"No:8, 8th lane, wawlagala estate, munagama",N-1265,nishantha_pv@hotmail.com,Valid till 31st December 2027,http://srilanka.travel//image/cache/no_profile_image-235x145.jpg,113
R.M. WIMAL RATHNAYAKE,National,"French, German",0718774372,"No:577/d, indigollawatta, kumbaloluwa, veyangoda",N-1290,wimaalrath@gmail.com,Valid till 31st December 2027,image/tourist_guides/U050050000000021137008.jpg,113
NISHAN ANURADHA MANAWADU,National,German,0777117838,"No:33/a, 'hondahitha', sri saranajothi mw, dodanduwa",N-1278,nishan_anuradha@yahoo.com,Valid till 31st December 2027,image/tourist_guides/U050050000000019126437.jpg,113
Search for a Tour Guide,,All Languages Arabic Chinese Dutch English French German Greek Hebrew Hindi Hungarian Italian Japanese Korean Mandarian Russian Spanish Swedish Tamil Thai Urdu Search,,,,,,http://www.srilanka.travel/images/theames-new/covidimg.png,113
Tour Guides,,,,,,,,http://www.srilanka.travel/images/theames-new/covidimg.png,113
K.A. SUNIL GUNATHILAKE,National,English,0771734270,"No:1/71, nissankamalla road, new town, polonnaruwa",N-1311,slwithsunny@gmail.com,Valid till 31st December 2027,http://srilanka.travel//image/cache/no_profile_image-235x145.jpg,114
P.M.ARJUNA THUSHANTHA,Area,English,0777438330,"146/28,samagi mw. pannamgoda,hikkaduwa.",A-1109,arru1970@gmail.com,Valid till 31st December 2027,http://srilanka.travel//image/cache/no_profile_image-235x145.jpg,114
R.M. ASHOKARATHNA BANDARA,National,Russian,0775676063,"No:d/174, niwasipura, kotugoda",N-1344,0777660809@mail.ru,Valid till 31st December 2027,image/tourist_guides/U050050000000027127253.jpg,114
T.L. NALIN KARUNANANDA,National,Russian,0778501972,"No:37, sri sidhdhartha place, colombo 05",N-1346,laksiri327@gmail.com,Valid till 31st December 2027,image/tourist_guides/U050050000000029134128.jpg,114
J.M. AJITH BANDARA,National,Japanese,0712835891,"No:516/b/1, vijaya niwasa, wawathanna, gampola",N-1347,jayasundarajma@gmail.com,Valid till 31st December 2027,http://srilanka.travel//image/cache/no_profile_image-235x145.jpg,114
W.M.D. SRIMANTHA FERNANDO,National,English,0772712784,"No:233/a, blue mountain, madukatuwa, marawila",N-1338,sridileepa@gmail.com,Valid till 31st December 2027,http://srilanka.travel//image/cache/no_profile_image-235x145.jpg,114
B.D.T. PRIYASANKALPA BOPEARACHCHI,National,English,0779333188,"No:11, harasgama rd, matale",N-1314,tbopearachchi2026@gmail.com,Valid till 31st December 2027,http://srilanka.travel//image/cache/no_profile_image-235x145.jpg,114
M.P.SISIL PRABATH MUTHUNAYAKE,National,Russian,0777571167,"No:243, dewakkara, wennoruwa west",N-1349,dream2back@yahoo.com,Valid till 31st December 2027,image/tourist_guides/U050050000000033132250.jpg,114
Search for a Tour Guide,,All Languages Arabic Chinese Dutch English French German Greek Hebrew Hindi Hungarian Italian Japanese Korean Mandarian Russian Spanish Swedish Tamil Thai Urdu Search,,,,,,http://www.srilanka.travel/images/theames-new/covidimg.png,114
Tour Guides,,,,,,,,http://www.srilanka.travel/images/theames-new/covidimg.png,114
R.A.C. JAYARUWAN PERERA,Chauffeur,"Russian Tel 0770292956 Address No:69, walahena, kakkapalliya Registration No N-1348 Email surasinghesaman@gmail.com Validity status of licence: Valid till 31st December 2027",0702369481,"No:119, thalawathugoda road, madiwela, kotte",C-1169,chamilaperera625@gmail.com,Valid till 31st December 2027,http://srilanka.travel//image/cache/no_profile_image-235x145.jpg,115
S.A. SAMAN PRIYANTHA,National,Russian,0770292956,"No:69, walahena, kakkapalliya",N-1348,surasinghesaman@gmail.com,Valid till 31st December 2027,http://srilanka.travel//image/cache/no_profile_image-235x145.jpg,115
D.I. RUKSHAN UNAMBUWA,National,French,0767999006,"No:456, anwarema, mawanella",N-1305,rukshannn@gmail.com,Valid till 31st December 2027,image/tourist_guides/U050050000000025133065.jpg,115
W.V.A. ASIRI SAMAN LAL,National,Chinese,0723592972,"No:33, ashoka mw, sirimal uyana, ratmalana",N-1321,samanlalx@yahoo.com,Valid till 31st December 2027,image/tourist_guides/U050050000000039133936.jpg,115
K.M. HEMACHANDRA,National,Russian,0777201432,"No:22/2, uswatta, temple rd, ekala, ja-ela",N-1340,anurarusso@gmail.com,Valid till 31st December 2027,http://srilanka.travel//image/cache/no_profile_image-235x145.jpg,115
H.M. INDIKA BANDARA HERATH,National,Russian,0764830740,"No:63/2, udawalpola road, kurunegala",N-1329,menorahchanneling@gmail.com,Valid till 31st December 2027,http://srilanka.travel//image/cache/no_profile_image-235x145.jpg,115
U.K.D. SENAKA PERERA,National,Russian,0772221656,"No:54, sirikandura rd, badhugama, mathugama",N-1335,senakaperera2001@gmail.com,Valid till 31st December 2027,image/tourist_guides/U050050000000046127254.jpg,115
H.M.P. SISIRA KUMARA,National,English,0777803923,"No:124/b, matammana, minuwangoda",N-1328,hmp_sisira@yahoo.com,Valid till 31st December 2027,http://srilanka.travel//image/cache/no_profile_image-235x145.jpg,115
Search for a Tour Guide,,All Languages Arabic Chinese Dutch English French German Greek Hebrew Hindi Hungarian Italian Japanese Korean Mandarian Russian Spanish Swedish Tamil Thai Urdu Search,,,,,,http://www.srilanka.travel/images/theames-new/covidimg.png,115
Tour Guides,,,,,,,,http://www.srilanka.travel/images/theames-new/covidimg.png,115
R.C. JAYASURIYA,National,English,0776054911,"No:256/122, muhandiram watta, kalalpitiya, pasyala",N-1339,champika.jayasuriya@gmail.com,Valid till 31st December 2027,http://srilanka.travel//image/cache/no_profile_image-235x145.jpg,116
K.G. DAYARATNE,National,German,0771839353,"No:48, elagolla, heeressagala, kandy",N-1313,kumarasinghedayaratne48@gmail.com,Valid till 31st December 2027,image/tourist_guides/U050050000000056474575.jpg,116
A.P.N. PRIYANKARA RAJAPAKSE,National,Japanese,0779158989,"No:322/3, colombo road, gampaha",N-1315,niel.priyankara.rajapakse@gmail.com,Valid till 31st December 2027,http://srilanka.travel//image/cache/no_profile_image-235x145.jpg,116
R.A.D.J.K. KARUNARATHNE,National,English,0776356095,"No:244/c, yalagama, induruwa",N-1330,donjayan@gmail.com,Valid till 31st December 2027,http://srilanka.travel//image/cache/no_profile_image-235x145.jpg,116
D.M.C. DISSANAYAKA,National,Chinese,0773573768,"No:16/1, kalinga mw, polhengoda, colombo-05",N-1350,chamika329@gmail.com,Valid till 31st December 2027,http://srilanka.travel//image/cache/no_profile_image-235x145.jpg,116
M. EMIL RAJ FERNANDO,Chauffeur,,0773468699,"133/c,jaya mw. mahahunupitiya negombo",C-1194,enquiries@ellickholdings.com,Valid till 31st December 2027,image/tourist_guides/U050050000000064476151.jpeg,116
D.M.S. NIWANTHAKA DISSANAYAKE,Chauffeur,,0718370381,"G-362, niwasipura, kotugoda",C-1195,jathakumari@gmail.com,Valid till 31st December 2027,http://srilanka.travel//image/cache/no_profile_image-235x145.jpg,116
JANAKA ANAGIPURA,Chauffeur,,0713414948,"No:30/29-b1, d.m. colombage mw, colombo-05",C-1191,janankaa1@gmail.com,Valid till 31st December 2027,image/tourist_guides/U050050000000067473763.jpg,116
Search for a Tour Guide,,All Languages Arabic Chinese Dutch English French German Greek Hebrew Hindi Hungarian Italian Japanese Korean Mandarian Russian Spanish Swedish Tamil Thai Urdu Search,,,,,,http://www.srilanka.travel/images/theames-new/covidimg.png,116
Tour Guides,,,,,,,,http://www.srilanka.travel/images/theames-new/covidimg.png,116
RAMMA WADUGE CHANDRA KUSUMSIRI,Chauffeur,,0776149674,"No:30/18, eral jayawickrama mw, hettiweediya, weligama",C-1198,kusumsiri1024@gmail.com,Valid till 31st December 2027,image/tourist_guides/U050050000000227476302.jpg,117
S.W.G. BANDU SINGHASANA,Chauffeur,,0778360202,"G-143, thalewela, hettimulla, kegalle",C-1217,banduson@gmail.com,Valid till 31st December 2027,image/tourist_guides/U050050000000365473859.jpg,117
J.A. DUMINDA MALAKA JAYASINGHE,Chauffeur,,0767712332,"No:109/1, uduwalawa, katugastota",C-1214,dumindamalakajayasingha@gmail.com,Valid till 31st December 2027,image/tourist_guides/U050050000000331476543.jpg,117
K.J. PIYADIGAMA,Chauffeur,,0774827813,"No:47/38, 1/1, aruppolawatta rd, watapuluwa, kandy",C-1219,koshijay@yahoo.com,Valid till 31st December 2027,image/tourist_guides/U050050000000377476145.jpg,117
W.D.C. DARSHANA WELIWITA,Chauffeur,,0772318794,"No:36/28, wataranthanna road, kandy",C-1222,darshanaweliwita@gmail.com,Valid till 31st December 2027,image/tourist_guides/U050050000000382473491.jpg,117
K.U. DUMINDUL DE SILVA,Chauffeur,,0773466890,"No:56, mahagammedda, payagala",C-1226,udayangad07@gmail.com,Valid till 31st December 2027,image/tourist_guides/U050050000000068475202.jpeg,117
S. JANAKA SILVA,Chauffeur,,0779808191,"No:273/e/32, thotillagahawatta, katuwellegama",C-1230,tours.sjs@gmail.com,Valid till 31st December 2027,image/tourist_guides/U050050000000399476153.jpg,117
D.H. WIJESEKARA DISSANAYAKE,Chauffeur,,0773024899,"No:46/a, udumulla, passage, pagoda, nugegoda",C-1232,keerthitours@yahoo.com,Valid till 31st December 2026,http://srilanka.travel//image/cache/no_profile_image-235x145.jpg,117
Search for a Tour Guide,,All Languages Arabic Chinese Dutch English French German Greek Hebrew Hindi Hungarian Italian Japanese Korean Mandarian Russian Spanish Swedish Tamil Thai Urdu Search,,,,,,http://www.srilanka.travel/images/theames-new/covidimg.png,117
Tour Guides,,,,,,,,http://www.srilanka.travel/images/theames-new/covidimg.png,117
A.A.H. NILANKA ADIKARI,Chauffeur,,0772016149,"No:20, samagi mw, ilupugedara rd, kurunegala",C-1228,adikari230@gmail.com,Valid till 31st December 2027,image/tourist_guides/U050050000000393476124.jpg,118
K. RANJITH KUMARASINGHE,Chauffeur,,0774763770,"No:19, karagastenna, narampanawa",C-1234,ranjith3366@gmail.com,Valid till 31st December 2027,image/tourist_guides/U050050000000408473764.jpg,118
P. CHULAKA DEWAPRIYA,Chauffeur,,0773595349,"No:189/3, hiumali, chilaw rd, meda pahala, katuneriya",C-1237,chulap3@gmail.com,Valid till 31st December 2027,image/tourist_guides/U050050000000416476323.jpg,118
M.D.S. JAYASIRI FERNANDO,Chauffeur,"English Tel 0776753011 Address No:317/15/a, sirilena watta, batagama south, kandana Registration No C-0915 Email prabathmagampura@yahoo.com Validity status of licence: Valid till 31st December 2027",0772605461,"No:429, wanawasala, kelaniya",C-1240,mdsjfernando@gmail.com,Valid till 31st December 2027,image/tourist_guides/U050050000000425475985.jpeg,118
H.E. PRABATH MAGAMPURA,Chauffeur,English,0776753011,"No:317/15/a, sirilena watta, batagama south, kandana",C-0915,prabathmagampura@yahoo.com,Valid till 31st December 2027,image/tourist_guides/U050050000001734474337.jpg,118
R.D.D.S.NILANTHA PADMASIRI,Chauffeur,,0775996451,"No:55/a, bulugahagoda, ganemulla",C-1250,nilanthanptours@gmail.com,Valid till 31st December 2027,image/tourist_guides/U050050000000084474102.jpg,118
V.G.ANURA,Chauffeur,,0776118298,"No:142/a, maddumage housing scheme, high level rd, nugegoda",C-1246,ggamage@sltnet.lk,Valid till 31st December 2027,image/tourist_guides/U050050000000085473749.jpg,118
A.M. SHIWANTHA DE SILVA,Chauffeur,,0776988132,"No:27, ""silumini"", galle rd, kaluwamodara, aluthgama",C-1173,Manujsdesilva@gmail.com,Valid till 31st December 2027,image/tourist_guides/U050050000000092474532.jpg,118
Search for a Tour Guide,,All Languages Arabic Chinese Dutch English French German Greek Hebrew Hindi Hungarian Italian Japanese Korean Mandarian Russian Spanish Swedish Tamil Thai Urdu Search,,,,,,http://www.srilanka.travel/images/theames-new/covidimg.png,118
Tour Guides,,,,,,,,http://www.srilanka.travel/images/theames-new/covidimg.png,118
S.P.P.S. LALITH KUMARA,Chauffeur,,0776061345,"No:487, new road, weligama",C-1243,weligama.ocean.breeze@gmail.com,Valid till 31st December 2027,image/tourist_guides/U050050000000090476014.jpg,119
C.D. AJITH PRIYANTHA,Chauffeur,,0778898428,"No:47/3, colombo road, piliyandala",C-1244,donajithpriyantha@yahoo.com,Valid till 31st December 2027,image/tourist_guides/U050050000000088475894.png,119
A.A.A. SAMARAJEEWA,Chauffeur,,0718426601,"No:56/b/27, green valley, galwaladeniya, mattegoda",C-1175,antonsamarajeewa@yahoo.com,Valid till 31st December 2027,image/tourist_guides/U050050000000094475876.jpg,119
G.J.ATHULASIRI GUNAWARDENA,Chauffeur,,0773048392,"No:820/5, girimananda road, molligoda, wadduwa",C-1174,janakaathulasiri@gmail.com,Valid till 31st December 2027,image/tourist_guides/U050050000000093134342.jpg,119
K.A. INDIKA MADUSHANTHA,Chauffeur,,0778481226,"No:32/2/a, circular road, wadduwa",C-1180,madushan125@gmail.com,Valid till 31st December 2027,image/tourist_guides/U050050000000099476122.jpg,119
W.W.J.A. TITUS ROWEL,Chauffeur,,0776165997,"No:45/2, sri w.r. road, 4th kurana, negombo",C-1185,titusrowel@gmail.com,Valid till 31st December 2027,image/tourist_guides/U050050000000103473489.jpg,119
G.F.M. VIANNEY CASHMIER,Chauffeur,"Italian Tel 0779255952 Address No.106/5, temple road, negombo Registration No C-1183 Email banu.bandula@gmail.com Validity status of licence: Valid till 31st December 2027",0777305587,"No:423/2, dostarawatta, dandagamuwa, kuliyapitiya",C-1186,mvcashmier@gmail.com,Valid till 31st December 2027,image/tourist_guides/U050050000000104474612.jpg,119
H.BANDULA BALASURIYA,Chauffeur,Italian,0779255952,"No.106/5, temple road, negombo",C-1183,banu.bandula@gmail.com,Valid till 31st December 2027,image/tourist_guides/U050050000000101474393.jpg,119
Search for a Tour Guide,,All Languages Arabic Chinese Dutch English French German Greek Hebrew Hindi Hungarian Italian Japanese Korean Mandarian Russian Spanish Swedish Tamil Thai Urdu Search,,,,,,http://www.srilanka.travel/images/theames-new/covidimg.png,119
Tour Guides,,,,,,,,http://www.srilanka.travel/images/theames-new/covidimg.png,119
K.D. CHAMINDA DHAMMIKA,Chauffeur,"English, Italian Tel 0773175112 Address No:552/1/d, sandoris jayantha mw, hokandara(n),  arangala Registration No C-1189 Email saneshk1234@gmail.com Validity status of licence: Valid till 31st December 2027",0779559430,"No:10, piliyandala rd, maharagama",C-1182,chamindadhammika@gmail.com,Valid till 31st December 2027,http://srilanka.travel//image/cache/no_profile_image-235x145.jpg,120
S.KUMARA DEWANARAYANA,Chauffeur,"English, Italian",0773175112,"No:552/1/d, sandoris jayantha mw, hokandara(n),  arangala",C-1189,saneshk1234@gmail.com,Valid till 31st December 2027,image/tourist_guides/U050050000000108473512.jpg,120
PAMODA SUBASINGHE,Chauffeur,"English Tel 0767355356 Address No. 49/a,heenatigala  rd. unawatuna Registration No A-1115 Email chameeracycling@gmail.com Validity status of licence: Valid till 31st December 2027",0702720016,"""shravasthi"", kitulanpitiya, galle",C-1192,pamodasubasinghe@gmail.com,Valid till 31st December 2027,image/tourist_guides/U050050000000112473821.jpg,120
P.H. CHAMEERA DE SILVA,Area,English,0767355356,"No. 49/a,heenatigala  rd. unawatuna",A-1115,chameeracycling@gmail.com,Valid till 31st December 2027,http://srilanka.travel//image/cache/no_profile_image-235x145.jpg,120
G.H.M.N. DUMINDA PERERA,Chauffeur,"English Tel 0776316645 Address No:d/59, mapitigama, gonagala, ruwanwella Registration No C-0696 Email thushararajapaksha77@gmail.com Validity status of licence: Valid till 31st December 2027",0775376047,"No:46, mission road, kotte",C-1190,duminda.pererakotte@gmail.com,Valid till 31st December 2027,image/tourist_guides/U050050000000109476217.jpg,120
K.T.C. RAJAPAKSHA,Chauffeur,English,0776316645,"No:d/59, mapitigama, gonagala, ruwanwella",C-0696,thushararajapaksha77@gmail.com,Valid till 31st December 2027,image/tourist_guides/U050050000000110475730.jpg,120
K.W.I. ANTHONY  PERERA,Chauffeur,,0776008709,"No:1/8, gemunu mw, borupana road, ratmalana",C-1204,anthonyperera0@gmail.com,Valid till 31st December 2027,image/tourist_guides/U050050000000113476546.jpg,120
D. NAJITH PUSHPASIRI SILVA,Chauffeur,,0776067254,"No:309, ""rathnavila"", godella, moragalla, beruwala",C-1203,najithsilva4@gmail.com,Valid till 31st December 2027,image/tourist_guides/U050050000000114475630.jpg,120
Search for a Tour Guide,,All Languages Arabic Chinese Dutch English French German Greek Hebrew Hindi Hungarian Italian Japanese Korean Mandarian Russian Spanish Swedish Tamil Thai Urdu Search,,,,,,http://www.srilanka.travel/images/theames-new/covidimg.png,120
Tour Guides,,,,,,,,http://www.srilanka.travel/images/theames-new/covidimg.png,120
R.R.N. JANAKA CHANDRARATHNA,Chauffeur,,0718935281,"No:181/a/1, ihalagama, gampaha",C-1202,janakac24@gmail.com,Valid till 31st December 2027,http://srilanka.travel//image/cache/no_profile_image-235x145.jpg,121
T.W.N. CHAMINDA BANDARA,National,,0775942171,"No:49/b, sirisangabo place, 25th mile post, polonnaruwa",N-1354,nalinchaminda326@gmail.com,Valid till 31st December 2027,http://srilanka.travel//image/cache/no_profile_image-235x145.jpg,121
D.S.R. CHANAKA BADDEWITHANA,Chauffeur,,0712312990,"No:101/12, janaraja mw, alawwa",C-1236,Chanakabaddewithane@gmail.com,Valid till 31st December 2027,image/tourist_guides/U050050000000117476332.jpg,121
B.D. MAHESH PERERA,Chauffeur,,0713332800,"No:59/9b, 3rd lane, dabahena road, maharagama",C-1258,dushanp123@gmail.com,Valid till 31st December 2027,image/tourist_guides/U050050000001865475759.jpg,121
W.P.J. PIYASIRI RAJAPAKSHA,Chauffeur,,0711509956,"No:d/42/3, jayasiri niwasa, nawagamuwa, rambukkana",C-1256,jayalathraj@gmail.com,Valid till 31st December 2026,image/tourist_guides/U050050000001840475717.jpg,121
N. LAKSHMAN WITHANAGE,Chauffeur,,0778738608,"No:31/1, rajamawatha, ratmalana",C-1257,neel_withanage@yahoo.com,Valid till 31st December 2026,image/tourist_guides/U050050000001842475873.jpeg,121
K. NISHANTHA WEERASEKARA,Chauffeur,English Tel 0772408371 Address Yathramulla bentota Registration No A-1121 Email bentotasamantha22@gmail.com Validity status of licence: Valid till 31st December 2027,0776400616,"No:99/3/a, ranwala mw, dalupotha, negambo",C-1259,nisn1967@gmail.com,Valid till 31st December 2027,image/tourist_guides/U050050000001846474616.jpg,121
H.D. SAMANTHA PUSHPALAL,Area,English,0772408371,Yathramulla bentota,A-1121,bentotasamantha22@gmail.com,Valid till 31st December 2027,http://srilanka.travel//image/cache/no_profile_image-235x145.jpg,121
Search for a Tour Guide,,All Languages Arabic Chinese Dutch English French German Greek Hebrew Hindi Hungarian Italian Japanese Korean Mandarian Russian Spanish Swedish Tamil Thai Urdu Search,,,,,,http://www.srilanka.travel/images/theames-new/covidimg.png,121
Tour Guides,,,,,,,,http://www.srilanka.travel/images/theames-new/covidimg.png,121
R.A.S. SRI BUDDHIKA,Chauffeur,,0779064932,"No:53/1, peiris mawatha, kalutara north",C-1260,sureshbuddika124@gmail.com,Valid till 31st December 2027,image/tourist_guides/U050050000000518476221.jpg,122
H.M.L. HARSHANA DE SILVA,Chauffeur,,0779822256,"No:62/3, mallabokka rd, hettimulla, beruwala",C-1261,lahiru_harshana88@yahoo.com,Valid till 31st December 2027,image/tourist_guides/U050050000000519476242.jpg,122
W.W.C. BUDDHIKA PERERA,Chauffeur,,0773749641,"No:255/8, udaya mw, kaduwella rd, malabe",C-1176,chami_1979@yahoo.com,Valid till 31st December 2027,image/tourist_guides/U050050000000118473359.jpg,122
P.S. RANDIMAL RODRIGO,Chauffeur,,0777904472,"No:159, ""sahan piyasa"", kongas waththa, malagama, wadduwa",C-1263,supunrandimal1@gmail.com,Valid till 31st December 2027,image/tourist_guides/U050050000000541476306.jpeg,122
S.D. SUDESH PADMASIRI,Chauffeur,,0779979422,"No:74/a/2, kaju/pi/, kadalagoda, dedduwa, haburugala",C-1265,sudeshsltda2@gmail.com,Valid till 31st December 2027,image/tourist_guides/U050050000000546475615.jpg,122
S.S. KUMARA SILVA,Chauffeur,,0776643727,"No:24, ""sithuruwana"", molligoda, wadduwa",C-1266,sumindaks1@gmail.com,Valid till 31st December 2027,image/tourist_guides/U050050000000548475953.jpeg,122
D.M.G. RAJIKA GUNARATHNE,Chauffeur,,0777873894,"No:503/3, ruwan lane, udumulla rd, battaramulla",C-1268,dmgayan@gmail.com,Valid till 31st December 2027,image/tourist_guides/U050050000000555473321.jpg,122
S.M.C. DHANUSHKA BANDARA,Chauffeur,,0771116081,"Bogahamula waththa, kudagammana, giriulla",C-1269,bandarasmcd@gmail.com,Valid till 31st December 2027,image/tourist_guides/U050050000000558473399.jpg,122
Search for a Tour Guide,,All Languages Arabic Chinese Dutch English French German Greek Hebrew Hindi Hungarian Italian Japanese Korean Mandarian Russian Spanish Swedish Tamil Thai Urdu Search,,,,,,http://www.srilanka.travel/images/theames-new/covidimg.png,122
Tour Guides,,,,,,,,http://www.srilanka.travel/images/theames-new/covidimg.png,122
K.A.I. SANDARUWAN JAYATHILAKE,Chauffeur,,0775344495,"""pubudu"", puhuriya, polgahawela",C-1271,iresh.sd@gmail.com,Valid till 31st December 2027,image/tourist_guides/U050050000000568473397.jpg,123
W.D. NALIN MILROY,Chauffeur,,0775469094,"No:605/01/02, arawwala rd, pannipitiya",C-1272,nalinmilroy1971@gmail.com,Valid till 31st December 2027,image/tourist_guides/U050050000000569476128.jpg,123
N. PALINDA WICKRAMASINGHE,Chauffeur,,0777979714,"""asiri"", jaya mawatha, malkaduwawa, kurunegala",C-1274,navin.yame@yahoo.com,Valid till 31st December 2027,image/tourist_guides/U050050000000580474836.jpg,123
W.A. SESATH SHEEKARA KARUNARATNE,Chauffeur,,0773773700,"106, ambagahalanda watta,yakkala",C-1200,sesaths@ gmail.com,Valid till 31st December 2027,image/tourist_guides/U050050000000235476245.jpg,123
D.M.M. CHAMARA DISSANAYAKE,Chauffeur,,0773300272,"No:107, udagunnapana, polgolla",C-1205,madhuwanthad@gmail.com,Valid till 31st December 2027,image/tourist_guides/U050050000000241474242.jpg,123
K.K.S. CHANDANA SISIRA KUMARA,Chauffeur,,0778134699,"No:309, koranel watta, etiyawala, dankotuwa",C-1196,chandana967@yahoo.com,Valid till 31st December 2027,http://srilanka.travel//image/cache/no_profile_image-235x145.jpg,123
R.A. PRASANNA SENARATHNA,Chauffeur,,0770375452,"No:555/5/1/a, 1st lane, elhenawatta, gonahena, kadawatha",C-1209,ranasinghasenarathna@gmail.com,Valid till 31st December 2027,image/tourist_guides/U050050000000278474162.jpg,123
N. UDAYANGA ILLANGANTILAKE,Chauffeur,,0712225499,"No:268/1, ambagahathenna, ankelipitiya, talatuoya",C-1206,udayanga75@gmail.com,Valid till 31st December 2027,image/tourist_guides/U050050000000258475918.jpg,123
Search for a Tour Guide,,All Languages Arabic Chinese Dutch English French German Greek Hebrew Hindi Hungarian Italian Japanese Korean Mandarian Russian Spanish Swedish Tamil Thai Urdu Search,,,,,,http://www.srilanka.travel/images/theames-new/covidimg.png,123
Tour Guides,,,,,,,,http://www.srilanka.travel/images/theames-new/covidimg.png,123
S.A.A. KELUM SUBASINGHE,Chauffeur,,0761085309,"No:14, ""kelum"", irattakulama, madampe",C-1278,kelumsubasinghe427@gmail.com,Valid till 31st December 2027,image/tourist_guides/U050050000000594473809.jpg,124
S.P. JAYASINGHA,Chauffeur,,0767075070,"Wewalagama, kumbukwewa",C-1287,jayasinghesp77@gmail.com,Valid till 31st December 2027,image/tourist_guides/U050050000001026475936.jpg,124
W.A.A. SANJEEWA NIROSHANA,Chauffeur,,0772224287,"Wilgamuwa, wennoruwa",C-1280,niroshana1973@gmail.com,Valid till 31st December 2027,image/tourist_guides/U050050000001037475734.jpg,124
T.H. PRASAD KUMARA,Chauffeur,"Italian Tel 0770675344 Address No:26, halwathura, vilegoda Registration No C-1283 Email iyanudanth@gmail.com Validity status of licence: Valid till 31st December 2027",0770214143,"No:89d, polwatta, dedduwa, haburugala",C-1282,tanuja_prasad@yahoo.com,Valid till 31st December 2027,image/tourist_guides/U050050000001017476188.jpg,124
R. MUHANDIRAM MAHESH,Chauffeur,Italian,0770675344,"No:26, halwathura, vilegoda",C-1283,iyanudanth@gmail.com,Valid till 31st December 2027,image/tourist_guides/U050050000001019476006.jpg,124
K.L.G. DILUM PRASANTHA,Chauffeur,,0771760025,"No:120/a, maddumagewatta, gangodawila, nugegoda",C-1289,dilumlokugama@gmail.com,Valid till 31st December 2027,image/tourist_guides/U050050000001866475211.jpg,124
R.F. MICHAEL PULLE,Chauffeur,"English Tel 0773037825 Address No:90, kammalakkulama, mihintale Registration No N-1165 Email Jdiprasad@gmail.com Validity status of licence: Valid till 31st December 2027",0772272479,"No:76, henmulla, kochchikade",C-1290,michaelairporttaxi@gmail.com,Valid till 31st December 2027,image/tourist_guides/U050050000001864476336.jpg,124
J.D.I. PRASAD KUMARA,National,English,0773037825,"No:90, kammalakkulama, mihintale",N-1165,Jdiprasad@gmail.com,Valid till 31st December 2027,image/tourist_guides/U050050000000814132235.jpg,124
Search for a Tour Guide,,All Languages Arabic Chinese Dutch English French German Greek Hebrew Hindi Hungarian Italian Japanese Korean Mandarian Russian Spanish Swedish Tamil Thai Urdu Search,,,,,,http://www.srilanka.travel/images/theames-new/covidimg.png,124
Tour Guides,,,,,,,,http://www.srilanka.travel/images/theames-new/covidimg.png,124
SANIL MUNASINGHE,Chauffeur,"Italian Tel 0770370412 Address A15b-c-1/43, ranpokunugama, nittabuwa Registration No C-1293 Email sherid.10@gmail.com Validity status of licence: Valid till 31st December 2027",0773449273,"No:152/b, iluppella junction, diyalape, akuressa",C-1292,sanil2munasinghe@gmail.com,Valid till 31st December 2027,image/tourist_guides/U050050000001867474342.jpg,125
P.M.S. SHERIDAN NONIS,Chauffeur,Italian,0770370412,"A15b-c-1/43, ranpokunugama, nittabuwa",C-1293,sherid.10@gmail.com,Valid till 31st December 2027,image/tourist_guides/U050050000001825475586.jpeg,125
B.PREMATHILAKA,Site,,0779065904,"No:206/1, ehalagala, sigiriya",S-0109,brpremathilaka10@gmail.com,Valid till 31st December 2027,http://srilanka.travel//image/cache/no_profile_image-235x145.jpg,125
S.R. VIDESH SILVA,Chauffeur,,0776239187,"No:383/16/a, kadawaraya watta, galle road, aluthgama",C-1295,ranga.videsh@yahoo.com,Valid till 31st December 2027,image/tourist_guides/U050050000001823475201.jpg,125
H.B. WASANTHA PERERA,Chauffeur,,0779646106,"No:39/11, pragathi mawatha, homagama",C-1296,bandulawasantha@gmail.com,Valid till 31st December 2027,image/tourist_guides/U050050000001819473395.jpg,125
H. NALAKA KARIYAKARAWANA,Chauffeur,,0778929291,"No:13/29, housing scheme road, kochchikade",C-1297,hirantha.nalaka@gmail.com,Valid till 31st December 2027,image/tourist_guides/U050050000001769473639.jpg,125
M.H.M.J. HEMANTHA KUMARA,Chauffeur,,0779031899,"No:78/c, yahampath mawatha, maharagama",C-1298,jeewactgl@gmail.com,Valid till 31st December 2027,image/tourist_guides/U050050000001764473753.jpg,125
I. ANNUDHA KOLONNE,Chauffeur,,0713274525,"No:50/a/1, padagoda, beruwala",C-1301,imal_kolonne_2005@yahoo.com,Valid till 31st December 2027,image/tourist_guides/U050050000001756475869.jpeg,125
Search for a Tour Guide,,All Languages Arabic Chinese Dutch English French German Greek Hebrew Hindi Hungarian Italian Japanese Korean Mandarian Russian Spanish Swedish Tamil Thai Urdu Search,,,,,,http://www.srilanka.travel/images/theames-new/covidimg.png,125
Tour Guides,,,,,,,,http://www.srilanka.travel/images/theames-new/covidimg.png,125
A. KUMARASINGHE,Chauffeur,,0716558877,"No:700, ""sarana"" d.p. wijesinghe mw, pelawatta, battaramulla",C-1300,kuma0414@gmail.com,Valid till 31st December 2027,image/tourist_guides/U050050000001757475909.jpg,126
D.M.D. MILINDA SENADHEERA,Chauffeur,,0773146485,"No:265/a, thalawathugoda rd, mirihana, kotte",C-1299,milindasenadheera111@gmail.com,Valid till 31st December 2027,image/tourist_guides/U050050000001760473860.jpg,126
H.A. NISHANTHA PERERA,Chauffeur,,0772262648,"No:176, near the first mile post, malamulla, panadura",C-1066,anuraperera71@gmail.com,Valid till 31st December 2027,image/tourist_guides/U050050000001708475780.jpg,126
G.M. CHANDANA VITHANAGE,Chauffeur,"German Tel 0776034289 Address Mahagedarawatta, dedduwa, haburugala Registration No C-1304 Email sk0776034289@gmail.com Validity status of licence: Valid till 31st December 2027",0773548955,"No:73, bandaranayake mw, katubedda, moratuwa",C-1131,malan7225@gmail.com,Valid till 31st December 2027,image/tourist_guides/U050050000001696476140.jpg,126
M. SAMAN KUMARA RUPASINGHE,Chauffeur,German,0776034289,"Mahagedarawatta, dedduwa, haburugala",C-1304,sk0776034289@gmail.com,Valid till 31st December 2027,image/tourist_guides/U050050000002026475895.jpeg,126
D. KANCHANI RUPASINGHE,National,,0778700211,"No:852/66b, susithapura, thalangama north, malabe",N-1366,danuja2005@yahoo.com,Valid till 31st December 2027,http://srilanka.travel//image/cache/no_profile_image-235x145.jpg,126
W. THUSHARA WEERANATH,National,,0778080019,"No:200/a, kendaliyaddapaluwa, ragama",N-1359,thusharaweeranath@gmail.com,Valid till 31st December 2027,image/tourist_guides/U050050000002368126392.jpg,126
D.A.R. SHANAKA BOPEARATCHY,National,,0772298567,"No:164/6a/1, nayakakanda, hendala, wattala",N-1360,shanaka69@yahoo.com,Valid till 31st December 2027,image/tourist_guides/U050050000002369126360.jpg,126
Search for a Tour Guide,,All Languages Arabic Chinese Dutch English French German Greek Hebrew Hindi Hungarian Italian Japanese Korean Mandarian Russian Spanish Swedish Tamil Thai Urdu Search,,,,,,http://www.srilanka.travel/images/theames-new/covidimg.png,126
Tour Guides,,,,,,,,http://www.srilanka.travel/images/theames-new/covidimg.png,126
A.G. MOHAN CHAMINDA,National,"English Tel 0719138174 Address Dhammakusala mw. egodamulla,ahungalla Registration No A-1112 Email Pradeepsudantha75@gmail.com Validity status of licence: Valid till 31st December 2027",0777185318,"Deniya watta, nalawana, kananke, bazaar",N-1361,mlanka1031@gmail.com,Valid till 31st December 2027,http://srilanka.travel//image/cache/no_profile_image-235x145.jpg,127
D. PRADEEP SUDANTHA,Area,English,0719138174,"Dhammakusala mw. egodamulla,ahungalla",A-1112,Pradeepsudantha75@gmail.com,Valid till 31st December 2027,http://srilanka.travel//image/cache/no_profile_image-235x145.jpg,127
M.N. THUSITHA RODRIGO,National,,0773603583,"No:1210, parakrama mw, hunupitiya, wattala",N-1363,thusithanilan@yahoo.com,Valid till 31st December 2027,image/tourist_guides/U050050000002364477930.jpg,127
D.THUSITHA DILANKA DE SILVA,Chauffeur,,0776065210,"No:352/2, matharage waththa, bopagoda, rathgama",C-1310,Thushiguide1985@outlook.com,Valid till 31st December 2027,image/tourist_guides/U050050000002452476220.jpg,127
A.C.R.D. WANSA WICKRAMARATNE,National,,0778191104,"No:84/2, beddagana road, baddagana, pitakotte",N-1365,clementdewansa@gmail.com,Valid till 31st December 2027,http://srilanka.travel//image/cache/no_profile_image-235x145.jpg,127
R. HAREN WIRATUNGA,National,,0777345950,"No:27/26a, huludagoda road, mount lavinia",N-1370,rosh_wiratunga@hotmail.com,Valid till 31st December 2027,http://srilanka.travel//image/cache/no_profile_image-235x145.jpg,127
M. NISHANTHA PERERA,National,,0777813527,"B2/f3/3, mount clifford residencies, magammana, homagama",N-1364,nishanthamn@gmail.com,Valid till 31st December 2027,image/tourist_guides/U050050000002361126721.jpg,127
GODA GAMAGE SOMAPALA,National,,0772658633,"No:265/4, nakadapola, henegama",N-1362,ariyasirig@gmail.com,Valid till 31st December 2027,image/tourist_guides/U050050000002359132251.jpg,127
Search for a Tour Guide,,All Languages Arabic Chinese Dutch English French German Greek Hebrew Hindi Hungarian Italian Japanese Korean Mandarian Russian Spanish Swedish Tamil Thai Urdu Search,,,,,,http://www.srilanka.travel/images/theames-new/covidimg.png,127
Tour Guides,,,,,,,,http://www.srilanka.travel/images/theames-new/covidimg.png,127
P. NANDANA LAL KUMARA,National,,0771977516,"No:158/02, chandrajothi mw, yakkala",N-1373,nandanalpathirana@gmail.com,Valid till 31st December 2027,image/tourist_guides/U050050000002355126431.jpg,128
M.D.S. SENARATHNE SILVA,National,,0773746520,"Bujjampola estate, bujjampola, dankotuwa",N-1367,mdsssilVa7@gmail.com,Valid till 31st December 2027,http://srilanka.travel//image/cache/no_profile_image-235x145.jpg,128
N.M.U. PRIYA NAWARATHNA,National,,0775374546,"No:141, deegalla, deegalla, kuliyapitiya",N-1371,uranganmup726@gmail.com,Valid till 31st December 2027,image/tourist_guides/U050050000002362133947.jpg,128
N.M.S. MILAN RAVINDRA KUMARA,National,,0774827959,"No:145/a, gonagalapura, bentota",N-1368,raVinms2010@yahoo.com,Valid till 31st December 2027,http://srilanka.travel//image/cache/no_profile_image-235x145.jpg,128
F.M. MARTIN WIJESEKERA,National,,0773915052,"No:1/63, victoria range, kengalle",N-1378,fmwijesekera@gmail.com,Valid till 31st December 2027,http://srilanka.travel//image/cache/no_profile_image-235x145.jpg,128
K.A. SARATH VIJENDRA,National,,0773771521,"No: 325/c, janapadaya road, alubomulla",N-1372,vije1372@gmail.com,Valid till 31st December 2027,http://srilanka.travel//image/cache/no_profile_image-235x145.jpg,128
D. ROHANA KUMARA RANASINGHE,National,,0772436121,"No:75/22/d, gramasanwardana road, polwaththa, pannipitiya",N-1382,rohanar1977@gmail.com,Valid till 31st December 2027,http://srilanka.travel//image/cache/no_profile_image-235x145.jpg,128
W.R. MADHUSHAN SILVA,National,,0779685899,"No:162/a, cemetery road, liyanagemulla, seeduwa",N-1381,ravindums1987@gmail.com,Valid till 31st December 2027,http://srilanka.travel//image/cache/no_profile_image-235x145.jpg,128
Search for a Tour Guide,,All Languages Arabic Chinese Dutch English French German Greek Hebrew Hindi Hungarian Italian Japanese Korean Mandarian Russian Spanish Swedish Tamil Thai Urdu Search,,,,,,http://www.srilanka.travel/images/theames-new/covidimg.png,128
Tour Guides,,,,,,,,http://www.srilanka.travel/images/theames-new/covidimg.png,128
S.W. FRANCY SHIRAN,National,English,0713241521,"No:58/2, r.e. de silva mawatha, heppumulla, ambalangoda",N-1377,sajlanka@gmail.com,Valid till 31st December 2027,http://srilanka.travel//image/cache/no_profile_image-235x145.jpg,129
M.BUDDHIKA MADHURANGA RANASINGHE,National,,0777693993,"No:67, divulgahapitiya estate, wellawa",N-1413,colombo1988@gmail.com,Valid till 31st December 2027,image/tourist_guides/U050050000002397132256.jpg,129
K.D. SAHAN SARANGA,National,,0777805321,"No: 14/4, neelammahara rd, katuwawala, boralesgamuwa",N-1385,shansbestcoll@gmail.com,Valid till 31st December 2027,http://srilanka.travel//image/cache/no_profile_image-235x145.jpg,129
B.D. MALIN PERERA,National,,0777580683,"No:76, digana road, pelanwatta, pannipitiya",N-1386,bdmalinperera@gmail.com,Valid till 31st December 2027,http://srilanka.travel//image/cache/no_profile_image-235x145.jpg,129
M. FRANK TITUS WAAS,National,"English Tel 0711704287 Address No:33/1, cross manthremulla rd, attidiya, dehiwala Registration No N-1387 Email ashoka818@gmail.com Validity status of licence: Valid till 31st December 2027",0710356426,"No:96/1 , minuwangoda road, kanuwana, ja-ela",N-1389,frankwaas6@gmail.com,Valid till 31st December 2027,http://srilanka.travel//image/cache/no_profile_image-235x145.jpg,129
S.A. JAYANTH ASHOKA,National,English,0711704287,"No:33/1, cross manthremulla rd, attidiya, dehiwala",N-1387,ashoka818@gmail.com,Valid till 31st December 2027,image/tourist_guides/U050050000002378127342.jpg,129
T. ANUPAMA ANDRAMANA,National,,0718571258,"No:140/1, richmand hill road, galle",N-1391,ttaa99aa@yahoo.com,Valid till 31st December 2027,http://srilanka.travel//image/cache/no_profile_image-235x145.jpg,129
E.R.CHANDIKA SRIMEGA PRIYADARSHANA,National,,0778724727,"Linton estate, palatota, kalutara south",N-1392,chanduVitebsk@gmail.com,Valid till 31st December 2027,image/tourist_guides/U050050000002413478016.jpg,129
Search for a Tour Guide,,All Languages Arabic Chinese Dutch English French German Greek Hebrew Hindi Hungarian Italian Japanese Korean Mandarian Russian Spanish Swedish Tamil Thai Urdu Search,,,,,,http://www.srilanka.travel/images/theames-new/covidimg.png,129
Tour Guides,,,,,,,,http://www.srilanka.travel/images/theames-new/covidimg.png,129
G.G.ARUNA RANASINGHE,National,"English, Chinese",0771028319,"No. 31/63 , balagala road, ashokarama mawatha , elakanda , wattala",N-1399,arunaranasinghe11@gmail.com,Valid till 31st December 2027,image/tourist_guides/U050050000002391473685.jpg,130
H.B.UDAYA CHINTHAKA,National,,0772761445,"No:228/4/1, punchimahena rd, meegahawatta, delgoda",N-1406,chinthakahbu@gmail.com,Valid till 31st December 2027,http://srilanka.travel//image/cache/no_profile_image-235x145.jpg,130
N.ROHANA SAMARATUNGA,National,,0776010837,"No:77, temple road, rukmale, pannipitiya",N-1402,nirosam77@gmail.com,Valid till 31st December 2027,http://srilanka.travel//image/cache/no_profile_image-235x145.jpg,130
G.N.P.P. NALAKA NANAYAKKARA,National,,0776710224,"No:80, mahanariya road,walliwala, weligama",N-1404,nalakap7@yahoo.com,Valid till 31st December 2027,http://srilanka.travel//image/cache/no_profile_image-235x145.jpg,130
SAMANKANTHA AKURUGODA,Chauffeur,,0722914777,"No:128/11, halpita road, polgasowita",C-1312,saman.akuru@gmail.com,Valid till 31st December 2027,image/tourist_guides/U050050000002450473506.jpg,130
Y.V. AROSH INDIKA,National,,0771698290,"No:40/19, perera mawatha , thalangama south, battaramulla",N-1397,arosh.indikat@gmail.com,Valid till 31st December 2027,image/tourist_guides/U050050000002393473671.jpg,130
H.M.NIMAL VICTOR JAYAWARDANA,National,,0771303492,"No:19/58, rathupaswala, mudungoda",N-1403,nimaljayawardena1957@gmail.com,Valid till 31st December 2027,http://srilanka.travel//image/cache/no_profile_image-235x145.jpg,130
E.GAMINI GUNASENA ZOYSA,National,,0777354647,"No:92/4a, templar's road, mount lavinia",N-1405,gaminizoysa3@gmail.com,Valid till 31st December 2027,http://srilanka.travel//image/cache/no_profile_image-235x145.jpg,130
Search for a Tour Guide,,All Languages Arabic Chinese Dutch English French German Greek Hebrew Hindi Hungarian Italian Japanese Korean Mandarian Russian Spanish Swedish Tamil Thai Urdu Search,,,,,,http://www.srilanka.travel/images/theames-new/covidimg.png,130
Tour Guides,,,,,,,,http://www.srilanka.travel/images/theames-new/covidimg.png,130
N.CHAMIE NISHANTHA,National,,0776572772,No 79 baddegama road gonapinwala,N-1407,chamie.nishantha@gmail.com,Valid till 31st December 2027,http://srilanka.travel//image/cache/no_profile_image-235x145.jpg,131
W.K.PRERA SIRIWARDANA,National,,0714425248,"No.164a,gangabada road, kaluthara south.",N-1408,anurasiriwardana@gmail.com,Valid till 31st December 2027,image/tourist_guides/U050050000002395127488.jpg,131
P.A.UPALI SAMAN PERERA,National,,0777349228,"No:207/22, nugawella rd, mahahunupitiya, negombo",N-1415,pausperera@gmail.com,Valid till 31st December 2027,http://srilanka.travel//image/cache/no_profile_image-235x145.jpg,131
RATHNAYAKE MUDIYANSELAGE THILANI PRIYANWADA RATHNAYAKE,National,,0764344466,"No:99/1, no:05, ellagama, diyathalawa",N-1416,thenaturalistproductions@gmail.com,Valid till 31st December 2027,http://srilanka.travel//image/cache/no_profile_image-235x145.jpg,131
P.ASANKA JEEWAN,National,,0770040503,"No:346/4, rajasinghe mw, ihala karagahamuna, kadawatha",N-1418,jeewana487@gmail.com,Valid till 31st December 2027,image/tourist_guides/U050050000002403130623.jpg,131
M.JAYANTHA KUMARA GUNASEKARA,National,,0763048811,"No:32/1, mahagonaduwa, morontuduwa",N-1420,gunasekaramsk@gmail.com,Valid till 31st December 2027,http://srilanka.travel//image/cache/no_profile_image-235x145.jpg,131
DON PALITHA JAYASINGHE,National,,0718083804,"No:120, nawa wijaya road, palathota, kalutara",N-1422,Donpalitha3@gmail.com,Valid till 31st December 2027,http://srilanka.travel//image/cache/no_profile_image-235x145.jpg,131
B.W.RUWAN KUMARA WIJERATHNE,National,,0777426321,"56/d nugasewana,warapitiya,kundasale,kandy",N-1429,ruwantrips@gmail.com,Valid till 31st December 2027,image/tourist_guides/U050050000002486134133.jpg,131
Search for a Tour Guide,,All Languages Arabic Chinese Dutch English French German Greek Hebrew Hindi Hungarian Italian Japanese Korean Mandarian Russian Spanish Swedish Tamil Thai Urdu Search,,,,,,http://www.srilanka.travel/images/theames-new/covidimg.png,131
Tour Guides,,,,,,,,http://www.srilanka.travel/images/theames-new/covidimg.png,131
R.RUKMAL KATHRIARACHCHI,National,,0718335475,"No:233, 1st lane, werellawatta, yakkala",N-1428,resa528@yahoo.com,Valid till 31st December 2027,image/tourist_guides/U050050000002485126732.jpg,132
VAJIRA LAL DIAS,National,,0713150090,"No:437/8 a, hokandara north, hokandara",N-1426,vajiralaldias@gmail.com,Valid till 31st December 2027,image/tourist_guides/U050050000002480127536.jpg,132
W.P.VAJIRA PRABHA SRI WANASINGHE,National,,0775857223,"No:628/c, infront of the lake, pelwehera, dambulla",N-1432,vprabhasri@gmail.com,Valid till 31st December 2027,http://srilanka.travel//image/cache/no_profile_image-235x145.jpg,132
J.W.MADUSHANKA JAYASINGHE,National,,772883888,"No:128/a, 2nd mile post, mahiyangana rd, wegama, bibila",N-1431,Shanka99@gmail.com,Valid till 31st December 2027,image/tourist_guides/U050050000002489128047.jpg,132
M.A. RATNAWEERA MUDIYANSE,National,,0719048889,"No:340/1, ganewatta road, mampe, piliyandala",N-1440,marmudiyanse@gmail.com,Valid till 31st December 2027,image/tourist_guides/U050050000002439127346.jpg,132
E.S.HARSHA KUMARA ZOYSA,National,,0717543323,"No:17/a, koppiya wattha, delduwa, wadduwa",N-1437,sandeepaharshsa@gmail.com,Valid till 31st December 2027,image/tourist_guides/U050050000002494126338.jpg,132
J.A.D.NIROSH NAVINDRA,National,,0779801239,"No 72/2 pahala karagahamuna,kadawatha,",N-1435,navindraj@gmail.com,Valid till 31st December 2027,http://srilanka.travel//image/cache/no_profile_image-235x145.jpg,132
R. HASHAN DINUSHA FONSEKA,National,,0777934736,"No:464, gane road, ragama",N-1444,hhpfonseka@yahoo.com,Valid till 31st December 2027,http://srilanka.travel//image/cache/no_profile_image-235x145.jpg,132
Search for a Tour Guide,,All Languages Arabic Chinese Dutch English French German Greek Hebrew Hindi Hungarian Italian Japanese Korean Mandarian Russian Spanish Swedish Tamil Thai Urdu Search,,,,,,http://www.srilanka.travel/images/theames-new/covidimg.png,132
Tour Guides,,,,,,,,http://www.srilanka.travel/images/theames-new/covidimg.png,132
DILHAN DEWAPRIYA KOTHALAWALA,National,,0779140290,"No:916, sri jayanthi mawatha, welegoda, wattala",N-1438,dilhandewapeiya@gmail.com,Valid till 31st December 2027,http://srilanka.travel//image/cache/no_profile_image-235x145.jpg,133
D.D.ROSHAN CHINTHAKA HEWAWASAM,National,,0775493826,"""isuru"", sri saranankara lane, angagoda, bentota",N-1439,roshanhothard@gmail.com,Valid till 31st December 2027,http://srilanka.travel//image/cache/no_profile_image-235x145.jpg,133
M.G.R.KUMARA THENNAKOON,National,,0773405270,"No:89/7, dampitiya, madahapola, kurunegala",N-1443,mgrkjaya@gmail.com,Valid till 31st December 2027,http://srilanka.travel//image/cache/no_profile_image-235x145.jpg,133
E.S.KALUM SANJEEWA,National,,0714489591,"No:49/b, 5th cross road, weragampita",N-1441,kalum254@gmail.com,Valid till 31st December 2027,image/tourist_guides/U050050000002440126533.jpg,133
CHANAKA SANJEEWA KATHRIARACHCHI,National,,0718251098,"No:299/2, near the temple, puttalam rd, maspotha, kurunegala",N-1456,chanaka.vslk@gmail.com,Valid till 31st December 2027,image/tourist_guides/U050050000002430127498.jpg,133
JANAKA CHAMINDA DUNUSINGHE,National,,0770713192,"No:10, suramyagama, bandarawela",N-1445,janakacd@mail.ru,Valid till 31st December 2027,http://srilanka.travel//image/cache/no_profile_image-235x145.jpg,133
T.M. ASANKA RUWAN SAGARA,National,,0773586900,"Thotupolawaththa, karapagala, yagirala",N-1449,asankeiyamri@yahoo.com,Valid till 31st December 2027,image/tourist_guides/U050050000002442133932.jpg,133
M.M.JAYANANDA PALITHA MALPORU,National,,0773877269,"No:171/1, malwathuhiripitiya, buthpitiya, gampaha",N-1464,palithamalporu@yahoo.com,Valid till 31st December 2027,image/tourist_guides/U050050000002422134105.jpg,133
Search for a Tour Guide,,All Languages Arabic Chinese Dutch English French German Greek Hebrew Hindi Hungarian Italian Japanese Korean Mandarian Russian Spanish Swedish Tamil Thai Urdu Search,,,,,,http://www.srilanka.travel/images/theames-new/covidimg.png,133
Tour Guides,,,,,,,,http://www.srilanka.travel/images/theames-new/covidimg.png,133
SURENDRA BANDARA ABEYKOON,National,,0773624447,"No:49/a, punchiyawella road, welisara, ragama",N-1460,Sabeykoon@gmail.com,Valid till 31st December 2027,image/tourist_guides/U050050000002426126395.jpg,134
K.L.D.KAMAL NISHANTHA JAYAWARDENA,National,,0727240095,"No:1118/a, jayawardena mawatha, nagoda, dodamgoda",N-1450,kamaljayawardena3@gmail.com,Valid till 31st December 2027,http://srilanka.travel//image/cache/no_profile_image-235x145.jpg,134
A.BUDDHIKA GNANARATHNA,National,,0777105337,"No:17, samagi mawatha, kongahamula, palapathwela, matale",N-1451,gnanarathna377@gmail.com,Valid till 31st December 2027,http://srilanka.travel//image/cache/no_profile_image-235x145.jpg,134
W.G.RANJITH RATHNALAL,National,,0776135412,"No:153, kandy  road, ambathenna",N-1455,rathnalal53@gmail.com,Valid till 31st December 2027,http://srilanka.travel//image/cache/no_profile_image-235x145.jpg,134
H.PRAMOTH DAHANAYAKE,Chauffeur,,0771135572,"No:30, senmichel garden, batakeththara, piliyandala",C-1315,harshadahanayake@yahoo.com,Valid till 31st December 2027,image/tourist_guides/U050050000002445473419.jpg,134
S.H.MOHOMED ASLAM,Chauffeur,,0772266272,"No:50/7, sri kalyani gangarama mw, mattakkuliya,colombo-15",C-1316,mohomedaslam@yahoo.co.uk,Valid till 31st December 2027,image/tourist_guides/U050050000002444473324.jpg,134
SEEVALIE GOONETILLEKE,National,,0771986680,"No:46/8d, siddhartha mw, mabola, wattala",N-1458,seevalie345jude@gmail.com,Valid till 31st December 2027,http://srilanka.travel//image/cache/no_profile_image-235x145.jpg,134
K.A.P.SAMPATH KATUWAWALA,Chauffeur,,0716593537,"No:307/c, gemunu mawatha, dompe",C-1318,sampath197907@gmail.com,Valid till 31st December 2027,image/tourist_guides/U050050000002468473765.jpg,134
Search for a Tour Guide,,All Languages Arabic Chinese Dutch English French German Greek Hebrew Hindi Hungarian Italian Japanese Korean Mandarian Russian Spanish Swedish Tamil Thai Urdu Search,,,,,,http://www.srilanka.travel/images/theames-new/covidimg.png,134
Tour Guides,,,,,,,,http://www.srilanka.travel/images/theames-new/covidimg.png,134
B.D. NALAKA MUDITHA,National,,768801810,"No:121/a, batagama south, kandana",N-1461,mnalaka.sl@gmail.com,Valid till 31st December 2027,http://srilanka.travel//image/cache/no_profile_image-235x145.jpg,135
D.M.SURANGA DE SILVA,Chauffeur,,0712125643,"No:27, pohaddaramulla, wadduwa",C-1319,manjusuranga@yahoo.com,Valid till 31st December 2027,image/tourist_guides/U050050000002472475613.jpg,135
A.A.W.JAYASIRI DE SILVA,Chauffeur,,0777033275,"No:422, managala rd, kudawaskaduwa, waskaduwa",C-1320,Amandawjd@yahoo.com,Valid till 31st December 2027,image/tourist_guides/U050050000002447475618.jpg,135
K.A.SUNIL SENARATHNE,Chauffeur,,0775332270,"No:13/9, daminagaha watte, moranda, piliyandala",C-1321,sunilsenarathne66@gmail.com,Valid till 31st December 2027,image/tourist_guides/U050050000002471474098.jpg,135
H.A. CHULASIRI SAMANTHA,Chauffeur,,0710865382,"No:20/6a, 8th lane, nawala",C-1322,samchula1967@gmail.com,Valid till 31st December 2027,image/tourist_guides/U050050000002476476552.jpeg,135
R.D.R.S.THILINA JAYAWARDANA,National,,0774468133,"No:160/h/10, sri mawatha, tibbatugoda, ganemulla",N-1466,rdrstj@gmail.com,Valid till 31st December 2027,image/tourist_guides/U050050000002490135790.jpg,135
KAPILA VIJAI OPATHA,National,,0777496290,"No:114/12, horaketiya rd, korothota, kaduwela",N-1465,kapilvijai@live.com,Valid till 31st December 2027,http://srilanka.travel//image/cache/no_profile_image-235x145.jpg,135
T.A.ARUNA NISHANTHA AMARASINGHE,Chauffeur,,0775238998,"No:36, erabadda, kotadeniyawa",C-1323,taanamarasinghe@yahoo.com,Valid till 31st December 2027,image/tourist_guides/U050050000002443476213.jpg,135
Search for a Tour Guide,,All Languages Arabic Chinese Dutch English French German Greek Hebrew Hindi Hungarian Italian Japanese Korean Mandarian Russian Spanish Swedish Tamil Thai Urdu Search,,,,,,http://www.srilanka.travel/images/theames-new/covidimg.png,135
Tour Guides,,,,,,,,http://www.srilanka.travel/images/theames-new/covidimg.png,135
R.A.SUNIL RANATHUNGA,Chauffeur,,0724632665,"No:m/3/1/2, lower division, miyanavita, deraniyagala",C-1328,sunilranathunga8@gmail.com,Valid till 31st December 2027,image/tourist_guides/U050050000002459475695.jpg,136
T.D.ROHANA LAL,Chauffeur,,0711936321,"No:62/4, ihala imbulgoda, imbulgoda",C-1326,trohanlal63@gmail.com,Valid till 31st December 2027,image/tourist_guides/U050050000002454476004.jpeg.jpg,136
D.G. NALINDA NUWAN JAYAWEERA,National,,0774494393,"No:571/a, illagolla, megoda, kalugamuwa, peradeniya",N-1473,nuwanj870507@gmail.com,Valid till 31st December 2027,image/tourist_guides/U050050000002502135786.jpg,136
L.K.CHAMINDA NIHAL JAYANANDA,National,,0767762219,"No:115/a, walagambapura, makulpotha",N-1475,Chamindajayananda30@gmail.com,Valid till 31st December 2027,image/tourist_guides/U050050000002506126388.jpg,136
KAMAL LASANTHA OPATHA,Chauffeur,English Tel 0775407274 Address 33 polise bongalowa road moragalla beruwala Registration No A-1149 Email bodige.indika@gmail.com Validity status of licence: Valid till 31st December 2027,0778312420,"No:116, old gall road, walana, panadura",C-1327,Kamalopatha@gmail.com,Valid till 31st December 2027,image/tourist_guides/U050050000002458476164.jpg,136
B. INDIKA PUSHPAKUMARA SILVA,Area,English,0775407274,33 polise bongalowa road moragalla beruwala,A-1149,bodige.indika@gmail.com,Valid till 31st December 2027,image/tourist_guides/U050050000002685132490.jpg,136
H.A.D.C.P. SIRIWARDENA,Chauffeur,,0714465821,"No:476/9/1, kamburagalla watta, ruggahavilla",C-1329,dps0421@gmail.com,Valid till 31st December 2027,image/tourist_guides/U050050000002467473694.jpg,136
H.N.P. SOMARATHNA PERERA,Chauffeur,,0774552273,"No:13, bandiwela road, wadduwa",C-1332,perera_nanditha@yahoo.com,Valid till 31st December 2027,image/tourist_guides/U050050000002469474620.jpg,136
Search for a Tour Guide,,All Languages Arabic Chinese Dutch English French German Greek Hebrew Hindi Hungarian Italian Japanese Korean Mandarian Russian Spanish Swedish Tamil Thai Urdu Search,,,,,,http://www.srilanka.travel/images/theames-new/covidimg.png,136
Tour Guides,,,,,,,,http://www.srilanka.travel/images/theames-new/covidimg.png,136
M.R.M.S.WISHWAGITH GUNATHILAKE,Chauffeur,,0775082688,"No:106, anwarama, mawanella",C-1330,irushagunathilaka@gmail.com,Valid till 31st December 2027,image/tourist_guides/U050050000002473476276.jpg,137
W.SURESH RUPASINGHE,National,,0714476864,"No:28/3/a, kandy road, yakkala",N-1481,ransumanju@mail.ru,Valid till 31st December 2027,http://srilanka.travel//image/cache/no_profile_image-235x145.jpg,137
K.D. SENAKA JAYADEWA,National,English Tel 0777834172 Address 188 moragalla beruwala Registration No A-1138 Email upulsujith1971@gmail.com Validity status of licence: Valid till 31st December 2027,0777374690,"No:14, fernando rd, colombo-06",N-1482,sena1965@gmail.com,Valid till 31st December 2027,image/tourist_guides/U050050000002511133122.jpg,137
B.S. UPUL JAYALATH SILVA,Area,English,0777834172,188 moragalla beruwala,A-1138,upulsujith1971@gmail.com,Valid till 31st December 2027,http://srilanka.travel//image/cache/no_profile_image-235x145.jpg,137
W.B. NALAKA THARANGA FERNANDO,Area,English,0766678091,159 st sebastian road katukurunda kaluthara,A-1147,nalakatharanga2020@gmail.com,Valid till 31st December 2027,image/tourist_guides/U050050000002690128260.jpg,137
R.GANESH KUMAR,National,,0777966277,"No:46/a-1/1, papiliyana rd, nadimala, dehiwala",N-1485,ganeshkuma21@yahoo.com,Valid till 31st December 2027,image/tourist_guides/U050050000002514133095.jpg,137
K.G.THUSITHA JALIYA BANDARA,National,,0771539464,"No:2/41, mahawela, katugastota",N-1427,jaliya1427@gmail.com,Valid till 31st December 2027,http://srilanka.travel//image/cache/no_profile_image-235x145.jpg,137
B.V.A. ASANKA KARUNARATHNA,Chauffeur,,0778002099,"No:743, erawwala, pannipitiya",C-0768,asankakarunarathna71@gmail.com,Valid till 31st December 2027,image/tourist_guides/U050050000002522473632.jpg,137
Search for a Tour Guide,,All Languages Arabic Chinese Dutch English French German Greek Hebrew Hindi Hungarian Italian Japanese Korean Mandarian Russian Spanish Swedish Tamil Thai Urdu Search,,,,,,http://www.srilanka.travel/images/theames-new/covidimg.png,137
Tour Guides,,,,,,,,http://www.srilanka.travel/images/theames-new/covidimg.png,137
K.AJITH JAYASINGHE,National,"English Tel 0765516699 Address 101/3,kelanitissagama,weragoda,wellampitiya Registration No A-0996 Email nchanaka1978@gmail.com Validity status of licence: Valid till 31st December 2027",0777161152,"No:213, alwis road, dope, benthota",N-0461,Ja_ajith@yahoo.com,Valid till 31st December 2027,http://srilanka.travel//image/cache/no_profile_image-235x145.jpg,138
D.C. PRASANNA NANAYAKKARA,Area,English,0765516699,"101/3,kelanitissagama,weragoda,wellampitiya",A-0996,nchanaka1978@gmail.com,Valid till 31st December 2027,http://srilanka.travel//image/cache/no_profile_image-235x145.jpg,138
THARAKA CHATHURANGA  KUMARASINGHE,National,English Tel 0776257261 Address 39 moragalla beruwala Registration No A-1140 Email 1984dilanp@gmail.com Validity status of licence: Valid till 31st December 2027,0774160211,"No:19/2, polwatta, ampitiya, kandy",N-1487,exploremylanka@gmail.com,Valid till 31st December 2027,image/tourist_guides/U050050000002527126334.jpg,138
T. DILAN PUSHPAKUMARA,Area,English,0776257261,39 moragalla beruwala,A-1140,1984dilanp@gmail.com,Valid till 31st December 2027,http://srilanka.travel//image/cache/no_profile_image-235x145.jpg,138
C.MANOJ KARANGODA,Chauffeur,"Japanese Tel 0711812936 Address No:178, moratuwa road, suwarapola, piliyandala Registration No C-1337 Email gnandasena61@gmail.com Validity status of licence: Valid till 31st December 2027",0777303501,"No:266/3a, rahula mawatha, katubedda",C-1339,mkarangoda@gmail.com,Valid till 31st December 2027,image/tourist_guides/U050050000002545474544.jpeg,138
GAMMEDDAGE NANDASENA,Chauffeur,Japanese,0711812936,"No:178, moratuwa road, suwarapola, piliyandala",C-1337,gnandasena61@gmail.com,Valid till 31st December 2027,http://srilanka.travel//image/cache/no_profile_image-235x145.jpg,138
W.JANITHA DE SILVA,National,"English Tel 0773122814 Address No:47/a, gunasekara mw, maththumagala, ragama Registration No C-1342 Email tourwithindika@gmail.com Validity status of licence: Valid till 31st December 2027",0718434094,"No:57, sudharshana mawatha, piyadigama, gintota",N-1492,janitha.desilva@yahoo.com,Valid till 31st December 2027,http://srilanka.travel//image/cache/no_profile_image-235x145.jpg,138
R.INDIKA BATUKANDAGE,Chauffeur,English,0773122814,"No:47/a, gunasekara mw, maththumagala, ragama",C-1342,tourwithindika@gmail.com,Valid till 31st December 2027,image/tourist_guides/U050050000002541474391.jpg,138
Search for a Tour Guide,,All Languages Arabic Chinese Dutch English French German Greek Hebrew Hindi Hungarian Italian Japanese Korean Mandarian Russian Spanish Swedish Tamil Thai Urdu Search,,,,,,http://www.srilanka.travel/images/theames-new/covidimg.png,138
Tour Guides,,,,,,,,http://www.srilanka.travel/images/theames-new/covidimg.png,138
A.D.SURESH SANJEEWA,National,"English, Japanese",0774517617,"No:205, ""sisira"", wedamulla, kelaniya",N-1468,sureshsl7967@gmail.com,Valid till 31st December 2027,image/tourist_guides/U050050000002553127262.jpg,139
D.A. SUMINDA DODANGODA ARACHCHIGE,National,English,0723688688,"No:b9/2, polonnaruva road, minneriya",N-1471,exploredodan@gmail.com,Valid till 31st December 2027,image/tourist_guides/U050050000002550126409.jpg,139
SACHITHRA KUMARA WEHIGALDENIYA,National,"English Tel 0757110022 Address No:30/58, bangalawatta, lewalla rd, kandy Registration No N-1500 Email dushyang@gmail.com Validity status of licence: Valid till 31st December 2027",0775365156,"No:380/7/1,welihinthuduwa rd, koratota, kaduwela",N-1470,sachiw09@yahoo.co.uk,Valid till 31st December 2027,http://srilanka.travel//image/cache/no_profile_image-235x145.jpg,139
D.L. BANDARA GALKOTUWA,National,English,0757110022,"No:30/58, bangalawatta, lewalla rd, kandy",N-1500,dushyang@gmail.com,Valid till 31st December 2027,http://srilanka.travel//image/cache/no_profile_image-235x145.jpg,139
E. ROSHEN KENNETH DE SILVA,Chauffeur,English,0771632342,"No:851/25,sarasawi mw, ragama",C-1348,roshenkenneth74@gmail.com,Valid till 31st December 2027,image/tourist_guides/U050050000002557476129.jpg,139
R.C. NEIL AUWARDT,Chauffeur,"English, French",0712624893,"No:111/c/1, angunawala, peradeniya",C-1347,auwardt@ymail.com,Valid till 31st December 2027,image/tourist_guides/U050050000002560473418.jpeg,139
KALINGA IROSH CHAMARA,Chauffeur,English,0779837876,"No:67/2, guwan hamuda mawatha, nagoda, kaluthara south",C-1345,irosh.chamara@yahoo.com,Valid till 31st December 2027,image/tourist_guides/U050050000002561474613.jpg,139
A. MUDIYANSELAGE ARUNA SUSANTHA,Chauffeur,English,0776551487,"No:172, weerambuva, kuliyapitiya",C-1344,arunaabeysinghe77@gmail.com,Valid till 31st December 2027,image/tourist_guides/U050050000002562475955.jpg,139
Search for a Tour Guide,,All Languages Arabic Chinese Dutch English French German Greek Hebrew Hindi Hungarian Italian Japanese Korean Mandarian Russian Spanish Swedish Tamil Thai Urdu Search,,,,,,http://www.srilanka.travel/images/theames-new/covidimg.png,139
Tour Guides,,,,,,,,http://www.srilanka.travel/images/theames-new/covidimg.png,139
A. THUSHARA SIRINIMAL,National,English,0772777620,"No:337/4h, katugampala mawatha,p elenwaththa, pannipitiya",N-1498,t.alahakoon@yahoo.com,Valid till 31st December 2027,http://srilanka.travel//image/cache/no_profile_image-235x145.jpg,140
M. THARANGA WICKRAMARATHNA,National,English,0718698805,"No:388/5, pathingiya, pallethalawinna",N-1497,travelwiththaranga@gmail.com,Valid till 31st December 2027,http://srilanka.travel//image/cache/no_profile_image-235x145.jpg,140
B.D.M. CHAMARA JAYANATH WIJETHUNGA,National,"English, French",0774797770,"No: 76a illukwatta, pilimathalawa",N-1496,bdmcjwijetunga@gmail.com,Valid till 31st December 2027,image/tourist_guides/U050050000002568126397.jpg,140
MATHOTA RALALAGE BANDARATILAKA,National,"English, French",0710599671,"No:21/4, galkotuwa lane, bowala, kandy",N-1494,bandarathilake@icloud.com,Valid till 31st December 2027,http://srilanka.travel//image/cache/no_profile_image-235x145.jpg,140
H.H.D.M. PRIYASHANTHA APPUHAMY,National,"English Tel 0777926720 Address No:150, pathagiwaththa, moronthuduwa Registration No N-1493 Email udlok@yahoo.com Validity status of licence: Valid till 31st December 2027",0777153611,"No:80, bambukuliya, kochchikade",N-1474,hhdmpherath@gmail.com,Valid till 31st December 2027,image/tourist_guides/U050050000002306127295.jpg,140
UDITHA LOKUVITHANA,National,English,0777926720,"No:150, pathagiwaththa, moronthuduwa",N-1493,udlok@yahoo.com,Valid till 31st December 2027,http://srilanka.travel//image/cache/no_profile_image-235x145.jpg,140
N.K. CHANDIMAL NIRIELLA,Chauffeur,English,0776855443,"No:523/7a, pallanchenawatta, dalupotha, negombombo",C-1350,kalumniriella@gmail.com,Valid till 31st December 2027,image/tourist_guides/U050050000002580475723.jpg,140
P.P. RUPASINGHA KARANARATHNE,Chauffeur,English,0773205164,"No:482/12, pahala imbulgoda, imbulgoda",C-1357,karunarathnaprasad5@gmail.com,Valid till 31st December 2027,image/tourist_guides/U050050000002572476227.jpg,140
Search for a Tour Guide,,All Languages Arabic Chinese Dutch English French German Greek Hebrew Hindi Hungarian Italian Japanese Korean Mandarian Russian Spanish Swedish Tamil Thai Urdu Search,,,,,,http://www.srilanka.travel/images/theames-new/covidimg.png,140
Tour Guides,,,,,,,,http://www.srilanka.travel/images/theames-new/covidimg.png,140
M.K. NISHANTHA DE ZOYSA,Chauffeur,English,0775480203,"No:5/b/54/r, national housing scheme, raddolugama",C-1356,Kumudu_nishantha@yahoo.com,Valid till 31st December 2027,image/tourist_guides/U050050000002573475651.jpg,141
P.G. SANJAYA WIMALAWARDANA,Chauffeur,"English, French, Japanese",0772555054,"No:26/12, wimalawatta road, 2nd lane, nugegoda",C-1355,gswimalawardena@yahoo.com,Valid till 31st December 2027,image/tourist_guides/U050050000002574473622.jpg,141
M. WITHANACHCHI PATHMALAL,Chauffeur,English,0777629470,"Milla, hikkaduwa",C-1353,punchatourcom@yahoo.com,Valid till 31st December 2027,image/tourist_guides/U050050000002577476316.jpg,141
L.K. PRASANNA SUJEEWA,Chauffeur,English,0771874218,"No:227/a, galvihara road, dehiwala",C-1351,sujeewaprasa@gmail.com,Valid till 31st December 2027,image/tourist_guides/U050050000002579476209.jpg,141
E.K. UDITHA PRABATH KUMARA,National,English,0779056060,"No:504/2/1, ruwanpura, aggona, angoda",N-1508,ml.shammika@gmail.com,Valid till 31st December 2027,image/tourist_guides/U050050000002581137342.jpg,141
B.M. DE SILVA JAYASINGHE,National,English,0770445149,"No:672/34, paradise gate, kithulawa, kalutara-south",N-1505,buddhikasilVa90@gmail.com,Valid till 31st December 2027,image/tourist_guides/U050050000002584131746.jpg,141
C.A.H.M. CHAMARA JEEWANTHA HERATH,Area,English,0767873643,"No: herath niwasa, embogama, maho",A-1183,Info@relaxholidayssrilanka.com,Valid till 31st December 2027,http://srilanka.travel//image/cache/no_profile_image-235x145.jpg,141
M.G.D.NIMESH CHINTHAKA KUMARA,National,English,0766253246,"No:263/g, meda pitipana, negombo",N-1077,nimeshdubai84@gmail.com,Valid till 31st December 2027,http://srilanka.travel//image/cache/no_profile_image-235x145.jpg,141
Search for a Tour Guide,,All Languages Arabic Chinese Dutch English French German Greek Hebrew Hindi Hungarian Italian Japanese Korean Mandarian Russian Spanish Swedish Tamil Thai Urdu Search,,,,,,http://www.srilanka.travel/images/theames-new/covidimg.png,141
Tour Guides,,,,,,,,http://www.srilanka.travel/images/theames-new/covidimg.png,141
KASUN GAMITHRI MADIVILA,National,English,0766343430,"No: 939, peradeniya road, kandy",N-1510,Kasun342@gmail.com,Valid till 31st December 2027,http://srilanka.travel//image/cache/no_profile_image-235x145.jpg,142
T.A.R. MIRANGA JAYASINGHE,National,English,0773132032,"No:566/5a, godalla mw, new town, mulleriyawa",N-1511,rushanmj@gmail.com,Valid till 31st December 2027,image/tourist_guides/U050050000002630126534.jpg,142
W.D. DHAMMIKA,National,English,0714495859,"""mithila"", yalagama, induruwa",N-1093,srilankawata1st@gmail.com,Valid till 31st December 2027,http://srilanka.travel//image/cache/no_profile_image-235x145.jpg,142
K.H.W.S SILVA,Chauffeur,English,0716054054,"No:273/13, podujana mawatha, kimbulapitiya",C-1360,Wasanthasilva31@yahoo.com,Valid till 31st December 2027,image/tourist_guides/U050050000002637476267.jpg,142
G.P.H.DAYAN ROSHANTHA,National,,0777989148,"No:22/2, wekanda road, homagama",N-1514,gphdayanroshantha@gmail.com,Valid till 31st December 2027,image/tourist_guides/U050050000002642126404.jpg,142
JERRY HUTTON,Chauffeur,"English, French Tel 0715522971 Address No:174/d/19, nagasmandiya road, kehelbaddara, udugampola Registration No N-1384 Email mahenkasturisinghe@gmail.com Validity status of licence: Valid till 31st December 2027",0772334545,"No:153/7a, shalawa road, udahamulla, nugegoda",C-1362,Jerryhutton1@gmail.com,Valid till 31st December 2027,image/tourist_guides/U050050000002644474833.jpg,142
K.M.M.J. BANDARA KASTURISINGHE,National,"English, French",0715522971,"No:174/d/19, nagasmandiya road, kehelbaddara, udugampola",N-1384,mahenkasturisinghe@gmail.com,Valid till 31st December 2027,image/tourist_guides/U050050000002384128189.jpg,142
GASAPE MUDIYANSELAGE UPALI AMARASINGHE,National,,0778802176,"Koswatta, panadaragama",N-0886,amarasingheu2@gmail.com,Valid till 31st December 2027,http://srilanka.travel//image/cache/no_profile_image-235x145.jpg,142
Search for a Tour Guide,,All Languages Arabic Chinese Dutch English French German Greek Hebrew Hindi Hungarian Italian Japanese Korean Mandarian Russian Spanish Swedish Tamil Thai Urdu Search,,,,,,http://www.srilanka.travel/images/theames-new/covidimg.png,142
Tour Guides,,,,,,,,http://www.srilanka.travel/images/theames-new/covidimg.png,142
S.W.R.M.M.C.J. BANDARA,Chauffeur,,0772780661,"No:292/16/c, jayakodiwatta rd, ganemulla",C-0766,jayasiribandara831@gmail.com,Valid till 31st December 2027,image/tourist_guides/U050050000003709475910.jpg,143
K.K.D.SANJAYA PRASANNA KANDEGEDARA,National,,0718564495,"No:113, ja-ela road, abanwita, gampaha",N-0938,Sanjayapra4@gmail.com,Valid till 31st December 2027,http://srilanka.travel//image/cache/no_profile_image-235x145.jpg,143
P.A.LAKSHMAN ANURA PERERA,Chauffeur,"French, Russian, German, Spanish Tel 0773051207 Address No:11, hudson road, colombo-03 Registration No N-0959 Email shazran68@gmail.com Validity status of licence: Valid till 31st December 2027",0771120120,"No:235/a, church road, bopitiya, pamunugama",C-1363,sach669@gmail.com,Valid till 31st December 2027,image/tourist_guides/U050050000003278473499.jpg,143
MOHAMED MUSUSEEN IBRAHIM SAHIB,National,"French, Russian, German, Spanish",0773051207,"No:11, hudson road, colombo-03",N-0959,shazran68@gmail.com,Valid till 31st December 2027,image/tourist_guides/U050050000002656129938.jpg,143
G.B. PERERA,National,German,0776123888,"No:5, sri maha vihara road, panadura",N-0130,bandulaperera@yahoo.com,Valid till 31st December 2027,image/tourist_guides/U050050000002658473651.jpg,143
V.G.KRISHANI DISSANAYAKE,National,,0714005561,"No:54, aluthgama, doragamuwa",N-1522,krishidanu777@gmail.com,Valid till 31st December 2026,http://srilanka.travel//image/cache/no_profile_image-235x145.jpg,143
A.G.KEERTHI,National,"English Tel 0770090345 Address 164/13, st sebastian road, katukurunda, kalutara Registration No A-1137 Email 1978janakaperera@gmail.com Validity status of licence: Valid till 31st December 2027",0777365011,"Labeema,kadurapokuna road,thangalla.",N-0825,keeagamage@gmail.com,Valid till 31st December 2027,image/tourist_guides/U050050000003699127340.jpg,143
S. JANAKA PERERA,Area,English,0770090345,"164/13, st sebastian road, katukurunda, kalutara",A-1137,1978janakaperera@gmail.com,Valid till 31st December 2027,image/tourist_guides/U050050000003012128262.jpg,143
Search for a Tour Guide,,All Languages Arabic Chinese Dutch English French German Greek Hebrew Hindi Hungarian Italian Japanese Korean Mandarian Russian Spanish Swedish Tamil Thai Urdu Search,,,,,,http://www.srilanka.travel/images/theames-new/covidimg.png,143
Tour Guides,,,,,,,,http://www.srilanka.travel/images/theames-new/covidimg.png,143
W. CHARLES KITHSIRI GUNAWARDANA,National,,0773555015,"No:61/20a, sri sumangala rd, rathmalana",N-1524,Ckithsiri7@gmail.com,Valid till 31st December 2027,image/tourist_guides/U050050000002695137346.jpg,144
K.A.D.MARIAN SHANTHI PRASAD KIRIHENA,National,,0778388036,"No:91/c/, wilaudadeniya, welikanna, waga",N-1525,kadmspkirihena@gmail.com,Valid till 31st December 2027,image/tourist_guides/U050050000002688132258.jpg,144
D. MAHENDRA PREMAKUMARA,National,"English Tel 0723280828 Address Trincomalee road,mihintale Registration No A-1200 Email Jude.Prasanna70@gmail.com Validity status of licence: Valid till 31st December 2027",0777706310,"No:23/4b, pirivena road, rathmalana",N-1526,kumaVoyage@gmail.com,Valid till 31st December 2027,image/tourist_guides/U050050000002696126760.jpg,144
PORUTHOTAGE JUDE PRASANNA FERNANDO,Area,English,0723280828,"Trincomalee road,mihintale",A-1200,Jude.Prasanna70@gmail.com,Valid till 31st December 2027,http://srilanka.travel//image/cache/no_profile_image-235x145.jpg,144
M.D.RAJINDRA HIMAL RANJITHSINGH,National,English Tel 0718907081 Address 52 1/2 mile post kannattiya mihintale Registration No A-1202 Email Ashokapradeep11@gmail.com Validity status of licence: Valid till 31st December 2027,0776509497,"No:57/1, ulukadewatta, horagasmulla, divulapitiya",N-1527,r_singh70@live.com,Valid till 31st December 2027,image/tourist_guides/U050050000002687132259.jpg,144
R. ASHOKA PRADEEP,Area,English,0718907081,52 1/2 mile post kannattiya mihintale,A-1202,Ashokapradeep11@gmail.com,Valid till 31st December 2027,http://srilanka.travel//image/cache/no_profile_image-235x145.jpg,144
O.V. ATHULAWANSA,Area,English,0777651400,Ii stage ambatalagama mihinthale,A-1201,athulaov@gmail.com,Valid till 31st December 2027,image/tourist_guides/U050050000002709129639.jpg,144
DONALD PADMASIRI WIJENAYAKA,Area,English,0778589774,Middle road hettige wattha waulagoda hikkaduwa,A-1198,paliwijenayaka24@gmail.com,Valid till 31st December 2027,image/tourist_guides/U050050000002715135760.jpg,144
Search for a Tour Guide,,All Languages Arabic Chinese Dutch English French German Greek Hebrew Hindi Hungarian Italian Japanese Korean Mandarian Russian Spanish Swedish Tamil Thai Urdu Search,,,,,,http://www.srilanka.travel/images/theames-new/covidimg.png,144
Tour Guides,,,,,,,,http://www.srilanka.travel/images/theames-new/covidimg.png,144
KUNJIWEERANGE LAHIRU CHINTHAKA,National,,0777173862,"Coco village, isabeel estate, weeralanda, kumarakattuwa",N-1529,srilankadaniel@gmail.com,Valid till 31st December 2027,image/tourist_guides/U050050000002701134071.jpg,145
M.A.M. AHSAN,National,,0779209261,"No:61/10, thakkiya road, poruthota, kochchikade",N-1530,ahsanntgl@gmail.com,Valid till 31st December 2027,http://srilanka.travel//image/cache/no_profile_image-235x145.jpg,145
ISANTHA KUMARA RUPASINGHE,National,,0778656210,"No:48/18, temple rd, walagedara, balapitiya",N-1531,iknisha14nick@gmail.com,Valid till 31st December 2027,image/tourist_guides/U050050000002714134091.jpg,145
WALAGEDAR GUNARATHNA BANDA,National,"English Tel 0717422300 Address No:775/a, staga 2 tank road,anuradhapura Registration No A-1222 Email goldenfence.rl@gmail.com Validity status of licence: Valid till 31st December 2027",0771617650,"No:173, thuruviyana, colombo rd, parabevila, pothuhera",N-1532,walagedaragunarathna@gmail.com,Valid till 31st December 2027,image/tourist_guides/U050050000002716132261.jpg,145
RANGA LASITH KODIKARA,Area,English,0717422300,"No:775/a, staga 2 tank road,anuradhapura",A-1222,goldenfence.rl@gmail.com,Valid till 31st December 2027,http://srilanka.travel//image/cache/no_profile_image-235x145.jpg,145
SINGHARA KIRTHI NISSANKA DE SILVA,National,,0776183557,"No:290/a, gamunu mw, kotuwegoda, rajagiriya",N-1533,skirthindesilva@gmail.com,Valid till 31st December 2027,image/tourist_guides/U050050000002721132262.jpg,145
K. PRIYANTHI KLAUS,National,,0773993966,"No:4/d, block lake crest, mandavila",N-1518,kuwi.klaus@hotmail.com,Valid till 31st December 2027,http://srilanka.travel//image/cache/no_profile_image-235x145.jpg,145
BALASURIYAGE NILANTHA BALASOORIYA,National,,0774305970,"No:34/21, daham mw, nagoda kalutara",N-1536,milansl2005@yahoo.com,Valid till 31st December 2027,image/tourist_guides/U050050000002726127700.jpg,145
Search for a Tour Guide,,All Languages Arabic Chinese Dutch English French German Greek Hebrew Hindi Hungarian Italian Japanese Korean Mandarian Russian Spanish Swedish Tamil Thai Urdu Search,,,,,,http://www.srilanka.travel/images/theames-new/covidimg.png,145
Tour Guides,,,,,,,,http://www.srilanka.travel/images/theames-new/covidimg.png,145
SUNIL ROHAN ABEYWICKREMA,National,"English Tel 0771714240 Address 78/2, sinharupagama, maddewela, bentota Registration No A-1230 Email nuwanprasad8741@gmail.com Validity status of licence: Valid till 31st December 2027",0777661111,"No:07, 1st lane, pepiliyana road, dehiwala",N-1535,rohan6611@gmail.com,Valid till 31st December 2027,image/tourist_guides/U050050000002725129945.jpg,146
IHALAGE NUWAN PRASAD,Area,English,0771714240,"78/2, sinharupagama, maddewela, bentota",A-1230,nuwanprasad8741@gmail.com,Valid till 31st December 2027,http://srilanka.travel//image/cache/no_profile_image-235x145.jpg,146
G.A.DAMIL DISHANTHA,Area,English,0772630008,"No.17, pitaramba, bentota",A-1253,channadishantha@hotmail.com,Valid till 31st December 2027,http://srilanka.travel//image/cache/no_profile_image-235x145.jpg,146
S.D.DARSHANA PRIYANKARA DAYANANDA,Area,English,0711787403,"Pusiyankulama, elayapaththwa, anuradhapura",A-1218,darshanapriya1983@gmail.com,Valid till 31st December 2027,http://srilanka.travel//image/cache/no_profile_image-235x145.jpg,146
AJITH MANIMELWADU,National,"English Tel 0777896673 Address No:98, hill street, dehiwala Registration No N-0876 Email premil.hotel100@gmail.com Validity status of licence: Valid till 31st December 2027",0772353227,"No:363/a, pinthaliya rd, pahala biyanwila, kadawatha",N-1538,mwajith@gmail.com,Valid till 31st December 2027,image/tourist_guides/U050050000002730127706.jpg,146
SUDESH PREMIL MEEGAMUWARACHCHI,National,English,0777896673,"No:98, hill street, dehiwala",N-0876,premil.hotel100@gmail.com,Valid till 31st December 2027,image/tourist_guides/U050050000002731127505.jpg,146
GEEKIYANAGE DON DHANUKA KELUM,Chauffeur,,0714919299,"186/2,polhena, akurukalawita,anguruwathota.",C-1367,kel725@hotmail.com,Valid till 31st December 2027,image/tourist_guides/U050050000002748476001.jpg,146
KACHCHAKADUGE CHANNA INDIKA FERNANDO,Chauffeur,,0718132558,"71,lahuwala,raddoluwa,seeduwa.",C-1368,channa_fernando@hotmail.com,Valid till 31st December 2028,image/tourist_guides/U050050000002750476318.jpg,146
Search for a Tour Guide,,All Languages Arabic Chinese Dutch English French German Greek Hebrew Hindi Hungarian Italian Japanese Korean Mandarian Russian Spanish Swedish Tamil Thai Urdu Search,,,,,,http://www.srilanka.travel/images/theames-new/covidimg.png,146
Tour Guides,,,,,,,,http://www.srilanka.travel/images/theames-new/covidimg.png,146
G.H.D.INDRASIRI,Chauffeur,,0714868628,"No.136/4, parakum mawatha, nagoda, kalutara south.",C-1380,ashirosh@gmail.com,Valid till 31st December 2027,image/tourist_guides/U050050000002770475158.jpg,147
A.K.D.RATHNAYAKE,Chauffeur,,0777064056,"No.01,temple road,kurundu watte,darga town.",C-1381,akdrathnayake2018@gmail.com,Valid till 31st December 2027,image/tourist_guides/U050050000002767476207.jpg,147
L.R.P.ILLEPERUMA,Chauffeur,,0773318400,"No.112/1, ambalangoda, polgasowita.",C-1371,sadadara@gmail.com,Valid till 31st December 2027,image/tourist_guides/U050050000002772476111.jpg,147
U.A.A.SAMPATH,Chauffeur,,0710482249,"No 121/b, weligodella watta, padagoda, beruwala.",C-1382,amilasampathua@gmail.com,Valid till 31st December 2027,image/tourist_guides/U050050000002768475128.jpg,147
R.M.D.CHANDRARATNE,Chauffeur,,0776452565,"Ihala naragala,govinna,horana.",C-1384,deshachandra@gmail.com,Valid till 31st December 2027,image/tourist_guides/U050050000002764476091.jpg,147
KARUNA PATHIRANA MADARA PRIYANWADA.,National,"English Tel 0724777363 Address No:17, lourdes avenue, ja-ela Registration No N-1540 Email msun96@gmail.com Validity status of licence: Valid till 31st December 2027",0779420248,"Gampathi niwasa, udabage, dorawaka",N-1539,madara2022pathirana@gmail.com,Valid till 31st December 2027,image/tourist_guides/U050050000002743126337.jpg,147
W. MAHENDRA SANJEEWA FERNANDO,National,English,0724777363,"No:17, lourdes avenue, ja-ela",N-1540,msun96@gmail.com,Valid till 31st December 2027,image/tourist_guides/U050050000002779128176.jpg,147
SIVALINGAM LOGANATHAN,Area,English,0779975051,"No.3.v.c complex railway station road,haputale.",A-1286,Websitelinkloga@gmail.com,Valid till 31st December 2027,http://srilanka.travel//image/cache/no_profile_image-235x145.jpg,147
Search for a Tour Guide,,All Languages Arabic Chinese Dutch English French German Greek Hebrew Hindi Hungarian Italian Japanese Korean Mandarian Russian Spanish Swedish Tamil Thai Urdu Search,,,,,,http://www.srilanka.travel/images/theames-new/covidimg.png,147
Tour Guides,,,,,,,,http://www.srilanka.travel/images/theames-new/covidimg.png,147
RANJITH KUMAR KHARMEGAM,Area,English,0755005951,"Srilak view holiday inn,a.w.a.arthur sirisena mawatha,haputale",A-1289,ranjei24@yahoo.com,Valid till 31st December 2027,http://srilanka.travel//image/cache/no_profile_image-235x145.jpg,148
P.W.MANJULA,Chauffeur,"English, Japanese",0714919266,"7/235,dammada wattha road,thorayaya,kurunegala.",C-1385,amashawick2004@gmail.com,Valid till 31st December 2027,image/tourist_guides/U050050000002793473695.jpg,148
P.G.A.JAYANATH,Chauffeur,"English, Japanese",0772775698,"274, 3rd lane,sisilsewana, siyabalagoda, polgasowita.",C-1377,arunapga45@gmail.com,Valid till 31st December 2027,image/tourist_guides/U050050000002780476293.jpg,148
I.V.A.I.D.PRIYANKARA.,Chauffeur,"English, French, Hindi",0777133216,"No.40,kahatawila estate,lihiriyagama.",C-1386,isurudinesh@yahoo.com,Valid till 31st December 2027,image/tourist_guides/U050050000002787475944.jpeg,148
M.V.U.S.MATHARAACHCHI,Chauffeur,"English Tel 0714785709 Address No.21,fonseka place,kalutara north,kalutara. Registration No C-1390 Email mtharindu90@yahoo.com Validity status of licence: Valid till 31st December 2027",0719075947,"21,wekanda road,homagama.",C-1370,samangausm@gmail.com,Valid till 31st December 2027,image/tourist_guides/U050050000002775476030.jpg,148
A.T.M.ATHUKORALA,Chauffeur,English,0714785709,"No.21,fonseka place,kalutara north,kalutara.",C-1390,mtharindu90@yahoo.com,Valid till 31st December 2027,image/tourist_guides/U050050000002794476271.jpg,148
S.M.D.K.A.SAMARAWEERA,Chauffeur,English,0770717394,"Panvila, koholana,kalutara south.",C-1392,keshan83@yahoo.com,Valid till 31st December 2027,image/tourist_guides/U050050000002795476216.jpeg,148
W.M.K.P.WIJEKOON,Chauffeur,English,0719122149,"No.360/8-a, rukmal place, uyandana, kurunegala.",C-1376,kelumwm@gmail.com,Valid till 31st December 2027,image/tourist_guides/U050050000002781476146.jpg,148
Search for a Tour Guide,,All Languages Arabic Chinese Dutch English French German Greek Hebrew Hindi Hungarian Italian Japanese Korean Mandarian Russian Spanish Swedish Tamil Thai Urdu Search,,,,,,http://www.srilanka.travel/images/theames-new/covidimg.png,148
Tour Guides,,,,,,,,http://www.srilanka.travel/images/theames-new/covidimg.png,148
J.D.S.KARUNANAYAKE,Chauffeur,English,0717501787,"302,olimfirst resident,millaniyam city athurugiriya",C-1388,jktravels.janaka@gmail.com,Valid till 31st December 2027,image/tourist_guides/U050050000002798476067.JPG,149
D.J.K.SANTHA,Chauffeur,"English, Arabic",0715271222,"Giruwage watta,kapugama,devinuwara.",C-1389,kalumjayatunga@gmail.com,Valid till 31st December 2027,image/tourist_guides/U050050000002797475786.jpg,149
K.A.D.S.PRASANNA,Chauffeur,"English, Italian",0776032134,"No:150/6, sri mahavihara road, panadura",C-1396,kadsuraj@yahoo.it,Valid till 31st December 2027,image/tourist_guides/U050050000002785473814.JPG,149
I.P.D.PERERA,Chauffeur,English,0773796775,"No.244/1, 'sesasuma', batepola, dunagaha.",C-1397,priyagithdhammika@gmail.com,Valid till 31st December 2027,image/tourist_guides/U050050000002786473509.jpg,149
R.A.D.PATHMASIRI,Chauffeur,English,0777561123,"No.32,gammana road,maharagama.",C-1398,mailpathmasiri@gmail.com,Valid till 31st December 2027,image/tourist_guides/U050050000002783476244.jpeg,149
S.J.R.S.GUNASEKARA,Chauffeur,English,0778431027,"Old airport road,eathagama,payagala.",C-1403,jeevangunasekara9@gmail.com,Valid till 31st December 2027,image/tourist_guides/U050050000002792475750.jpg,149
P.B.WICKRAMASEKARA,Chauffeur,"English, Italian",0772244684,"1575/98,""new city"",horahena road,kottawa,pannipitiya.",C-1402,buddhika_i@yahoo.com,Valid till 31st December 2027,image/tourist_guides/U050050000002791475989.jpg,149
P.D.NISHAN WIJEGUNAWARDANA.,Chauffeur,"English, Japanese",0765591235,"No.254/3, halpita, polgasowita.",C-1413,2543nishan2543@gmail.com,Valid till 31st December 2027,image/tourist_guides/U050050000002808473826.jpg,149
Search for a Tour Guide,,All Languages Arabic Chinese Dutch English French German Greek Hebrew Hindi Hungarian Italian Japanese Korean Mandarian Russian Spanish Swedish Tamil Thai Urdu Search,,,,,,http://www.srilanka.travel/images/theames-new/covidimg.png,149
Tour Guides,,,,,,,,http://www.srilanka.travel/images/theames-new/covidimg.png,149
H.D.G.A.LASANTHA KURUKULAADITHYA,Chauffeur,English,0773027088,"No:4/1, mudliya mendis road, negombo",C-1405,ajithlasantha1021@gmail.com,Valid till 31st December 2027,image/tourist_guides/U050050000002802473498.jpg,150
G.VINEETHA PREMATILAKE,Chauffeur,"English, Italian",0772223056,"No.408/06/h, yatiwawala, katugastota, kandy.",C-1406,vineethapremathilake@gmail.com,Valid till 31st December 2027,image/tourist_guides/U050050000002806475190.jpg,150
F.W.N.MERWIN SHANTHI,Chauffeur,"English, Italian",0777375640,"582/b/1,ekamuthumawatha,thalawathugoda.",C-1407,neVilshantha@gmail.com,Valid till 31st December 2027,image/tourist_guides/U050050000002807473494.JPG,150
A.D.S.KITHSIRI CHANDRASEKARA.,Chauffeur,English,0775749567,"123,walpola,mullariyawa,new town.",C-1408,donarangala@gmail.com,Valid till 31st December 2027,image/tourist_guides/U050050000002810473704.jpg,150
O.P.DESHAPRIYA DE SILVA,Chauffeur,"English, German, Italian",0715920974,"Old air port road, ethagama, payagala.",C-1410,prasanna.desilva.de@gmail.com,Valid till 31st December 2027,image/tourist_guides/U050050000002812475896.jpg,150
O.NANDANA PRABHASHITHA,Chauffeur,"English, German",0776945562,"New road,kaluwamodara,aluthgama.",C-1411,nprabashitha@gmail.com,Valid till 31st December 2027,image/tourist_guides/U050050000002803476049.jpg,150
J.NALIN HARISCHANDRA SILVA,Chauffeur,"English, Japanese",0774619266,"'padmagara', kuda waskaduwa, waskaduwa.",C-1412,nalin4535@yahoo.com,Valid till 31st December 2027,image/tourist_guides/U050050000002804476157.jpeg,150
W.K.M.MADHAWA RANGAPRIYA,Chauffeur,"English, Japanese",0714726709,"No.331/1, yongammulla, yakkala.",C-1415,madhawar424@gmail.com,Valid till 31st December 2027,image/tourist_guides/U050050000002819475745.jpg,150
Search for a Tour Guide,,All Languages Arabic Chinese Dutch English French German Greek Hebrew Hindi Hungarian Italian Japanese Korean Mandarian Russian Spanish Swedish Tamil Thai Urdu Search,,,,,,http://www.srilanka.travel/images/theames-new/covidimg.png,150
Tour Guides,,,,,,,,http://www.srilanka.travel/images/theames-new/covidimg.png,150
A.U.S.IMOSH ATHUKORALA,Chauffeur,"English, Korean",0770813219,"No.89/f, panawala road, kongasdeniya, nittambuwa.",C-1416,sasikaimosh@gmail.com,Valid till 31st December 2027,image/tourist_guides/U050050000002817132391.jpg,151
PARANALIYANAGE KASUN,Chauffeur,"English, Russian, German",0777213798,"No:572/d, obadawattha, bentota",C-1417,plkasun0@gmail.com,Valid till 31st December 2027,image/tourist_guides/U050050000002815476311.jpg,151
M.G.P.KUMARA TENNAKOON.,Chauffeur,"English, Arabic",0776021700,"No.90/11, dampitiya, madahapola.",C-1421,priyantha28@yahoo.com,Valid till 31st December 2026,image/tourist_guides/U050050000002813474609.jpeg,151
R.G.S.DINESH KUMARA KARUNARATHNE.,Chauffeur,"English, Chinese, Thai",0778882087,"No.26, madugasthenna, manikhinna, kandy.",C-1424,dinesh_sdk13@ymail.com,Valid till 31st December 2027,image/tourist_guides/U050050000002828475756.jpeg,151
E.K.G.T. KAMAL,Chauffeur,English,0715605424,"Wickrama watta, karagoda, uyangoda",C-1426,epitakaduwa2@gmail.com,Valid till 31st December 2027,image/tourist_guides/U050050000002820475607.jpg,151
I.A.D.G.ASIRI ILAPPERUMA.,Chauffeur,English,0774299448,"No.321/10,kegalle road,polgahawela.",C-1432,gayanila@yahoo.com,Valid till 31st December 2027,image/tourist_guides/U050050000002829129017.jpg,151
A.I.SACHINTHANA FERNANDO.,Chauffeur,English,0778632938,"No.1/1,asanka,koongas junction,katana.",C-1433,imashsachinthana@yahoo.com,Valid till 31st December 2027,image/tourist_guides/U050050000002831473823.jpg,151
N.D.VIJITHAKANTHA NANAYAKKARA,Chauffeur,"English, Japanese",0772084450,"Camp area, bo-pura, hingurakgoda.",C-1428,nanayakkaraduminda250@gmail.com,Valid till 31st December 2027,image/tourist_guides/U050050000002833474376.jpg,151
Search for a Tour Guide,,All Languages Arabic Chinese Dutch English French German Greek Hebrew Hindi Hungarian Italian Japanese Korean Mandarian Russian Spanish Swedish Tamil Thai Urdu Search,,,,,,http://www.srilanka.travel/images/theames-new/covidimg.png,151
Tour Guides,,,,,,,,http://www.srilanka.travel/images/theames-new/covidimg.png,151
RANIL B.P. GOONESINGHE,Chauffeur,"English, Japanese",0770886837,"No.19b, buddhadattha mawatha, ambalangoda.",C-1440,ranilgoonesinghe@gmail.com,Valid till 31st December 2027,image/tourist_guides/U050050000002835475216.jpg,152
H.N.PRASAD PEIRIS,Chauffeur,English,0776653483,"No.145,chilaw road,kattuwa,negombo.",C-1441,niroshanprasad47@gmail.com,Valid till 31st December 2027,image/tourist_guides/U050050000002841476238.jpg,152
P.T.CHARITH SRI CHATHURANGA,Chauffeur,English,0776674510,"No.195/1, kajugahamula, gonawala, kelaniya.",C-1434,ptcharith@gmail.com,Valid till 31st December 2027,image/tourist_guides/U050050000002832476459.jpeg,152
R.A.JOSEPH LIONEL,Chauffeur,"English, Korean",0716617573,"No:321/a, dippitigoda road, hunupitiya, wattala",C-1438,josephlionel30@yahoo.com,Valid till 31st December 2027,image/tourist_guides/U050050000002823474150.jpeg,152
K.A.D.J.NIROSHAN APPUHAMY,Chauffeur,English,0777414780,"No.20, quintin fernando mawatha, telwatte junction, negombo.",C-1439,niroshan.appu@gmail.com,Valid till 31st December 2027,image/tourist_guides/U050050000002834474525.jpg,152
JIMUTHA ABEYGUNAWARDNA,National,"English Tel 0778389749 Address No.11/1,mahawatthe lane,colombo 14 Registration No C-1445 Email chandra.rathne@yahoo.com Validity status of licence: Valid till 31st December 2027",0777403008,"No:32, mahawela rd, dickwella",N-1543,jimu.abe@gmail.com,Valid till 31st December 2027,image/tourist_guides/U050050000002846473390.jpeg,152
B.IRANGA HETTIKANKANAMAGE,Chauffeur,English,0778389749,"No.11/1,mahawatthe lane,colombo 14",C-1445,chandra.rathne@yahoo.com,Valid till 31st December 2027,image/tourist_guides/U050050000002854476560.jpg,152
S.GAJENDRA DAS,National,Russian,0713119343,"No:62, seeduwa village, seeduwa",N-1545,gajanmd@gmail.com,Valid till 31st December 2027,image/tourist_guides/U050050000002853126726.jpg,152
Search for a Tour Guide,,All Languages Arabic Chinese Dutch English French German Greek Hebrew Hindi Hungarian Italian Japanese Korean Mandarian Russian Spanish Swedish Tamil Thai Urdu Search,,,,,,http://www.srilanka.travel/images/theames-new/covidimg.png,152
Tour Guides,,,,,,,,http://www.srilanka.travel/images/theames-new/covidimg.png,152
K.Y.M.K.KARUNAPATHIRANA.,National,"English, Chinese",0778089217,"No:22, sanasa housing complex, sribodhi rd, gampaha",N-1542,manoj.karunapathirana@gmail.com,Valid till 31st December 2027,image/tourist_guides/U050050000002849133942.jpg,153
S.N.DE SILVA WIJENAYAKE,Chauffeur,"English, Russian",0718361952,"A/a/1/52,ranpokunagama,nittambuwa.",C-1448,sndeswijenayake@gmail.com,Valid till 31st December 2027,image/tourist_guides/U050050000002857476011.jpg,153
D.J.VISHVANATH DE SILVA,Chauffeur,"English, Italian",0777676200,"No.671,halgahadeniya,mulleriyawa new town.",C-1449,jayathdesilva@gmail.com,Valid till 31st December 2027,image/tourist_guides/U050050000002855475726.jpg,153
CHELLIAH RAVINDRANATH,Chauffeur,English,0776011086,"11a,senevirathna road, hendala,wattala.",C-1452,ravi.chelliah@yahoo.com,Valid till 31st December 2027,image/tourist_guides/U050050000002859475924.jpg,153
P.ASHOKAKUMARA RANASINGHE,Chauffeur,English,0713511241,"No.13,jail road,kaluwella,galle.pc 80000",C-1453,kumalisanhitha1226@gmail.com,Valid till 31st December 2027,image/tourist_guides/U050050000002861476326.jpg,153
M.P.C.RUWAN PREMARATHNE,National,Chinese,0714358363,"No:26/1, gammana rd, maharagama",N-1546,chandanaruwan454@gmail.com,Valid till 31st December 2027,image/tourist_guides/U050050000002862127967.jpg,153
G.K.H.KUMARA KOTALAWALA,National,Chinese,0777183208,"No:35, malwana watta, giriulla",N-1549,gkhekum@gmail.com,Valid till 31st December 2027,image/tourist_guides/U050050000002864477862.jpg,153
K.E.NAYANI PERERA,National,Chinese,0773404934,"Maha agara,udubaddawa",N-1550,ashancperera@gmail.com,Valid till 31st December 2027,image/tourist_guides/U050050000002866135779.jpg,153
Search for a Tour Guide,,All Languages Arabic Chinese Dutch English French German Greek Hebrew Hindi Hungarian Italian Japanese Korean Mandarian Russian Spanish Swedish Tamil Thai Urdu Search,,,,,,http://www.srilanka.travel/images/theames-new/covidimg.png,153
Tour Guides,,,,,,,,http://www.srilanka.travel/images/theames-new/covidimg.png,153
T.G.D.ANURA JAYASIRI,Chauffeur,"English, Japanese",0773618532,"No.28/a/104,ransiri uyana,horagasmulla,divulapitiya.",C-1456,jayasirigunwardana@gmail.com,Valid till 31st December 2027,image/tourist_guides/U050050000002869475536.jpg,154
D.M. BUDDHIKA UPUL,Chauffeur,"English, Japanese",0777555023,"N.o 171/6, delgahawaththa road, angoda",C-1454,buddhi.upul@gmail.com,Valid till 31st December 2027,image/tourist_guides/U050050000002868475950.jpg,154
S.H.D. WASANTHA KUMARA,National,"English, Chinese",0718625030,"No:05, ginigalgoda, nandanagama, kolonna",N-1551,nwajira@gmail.com,Valid till 31st December 2027,image/tourist_guides/U050050000002874126335.jpg,154
H.W.RAJITH LANKANATHA,National,"English, Chinese",0766072178,"No:68, niyadagala, pannipitiya",N-1552,hwrajithlan@gmail.com,Valid till 31st December 2027,image/tourist_guides/U050050000002870132362.jpg,154
D.H.A.S.C. PERERA,Chauffeur,"English, Japanese",0772634314,"No.151/2,st.jude mawatha,katuwapitiya,negombo.",C-1457,chrishantours2021@gmail.com,Valid till 31st December 2027,image/tourist_guides/U050050000002873476330.jpeg,154
L.T.LIONEL JAYEWARDENE,Chauffeur,English,0773032729,"No.19,aluthwatte,rukattana junction,kadirana,negombo",C-1458,laksiri.jayewardene@gmail.com,Valid till 31st December 2027,image/tourist_guides/U050050000002872475753.jpg,154
S.N.SANATH FERNANDO,Chauffeur,"English, German",0775556364,"No.38,horagasmulla,divulapitiya.",C-1460,eleeshafernando264@gmail.com,Valid till 31st December 2027,image/tourist_guides/U050050000002875475939.jpeg,154
J.A.P. JAYASINGHE,National,Chinese,0724843491,"No:333-g, sisila garden, mudunpitakanda, radawana",N-1554,pjayasingha1970@gmail.com,Valid till 31st December 2027,http://srilanka.travel//image/cache/no_profile_image-235x145.jpg,154
Search for a Tour Guide,,All Languages Arabic Chinese Dutch English French German Greek Hebrew Hindi Hungarian Italian Japanese Korean Mandarian Russian Spanish Swedish Tamil Thai Urdu Search,,,,,,http://www.srilanka.travel/images/theames-new/covidimg.png,154
Tour Guides,,,,,,,,http://www.srilanka.travel/images/theames-new/covidimg.png,154
P.S.A.LANKA GAJASINGHA,Chauffeur,English,0775152003,"No:546/3,bandaranayaka road,veyangoda",C-1466,asanka_lanka@hotmail.com,Valid till 31st December 2027,image/tourist_guides/U050050000002893475656.jpg,155
H.M.P.MADUSANKA JAYAWARDANA,National,Chinese,0772019865,"No:416/273, finco watta, weliweriya",N-1556,jayawardanapavithra9@gmail.com,Valid till 31st December 2027,image/tourist_guides/U050050000002871129921.jpg,155
RAJASINGHE MUDIYANSELAGE AJITH,National,Chinese,0719522286,"1h/f3/u2, green valley home land skyline, jalthara, hanwella",N-1574,rajasinghema@gmail.com,Valid till 31st December 2027,image/tourist_guides/U050050000002904128187.jpg,155
NIHATTAMANI WEKADEGEDARA,National,German,0764290253,"No:33, doragamuwa rd, udathalawinna",N-1568,nwekadegedara@gmail.com,Valid till 31st December 2027,http://srilanka.travel//image/cache/no_profile_image-235x145.jpg,155
W.NAYOMI WALALGODA.,National,Spanish,0710786176,"No:16/1, delwagura, mirigama",N-1557,nayomiwalalgoda@gmail.com,Valid till 31st December 2027,image/tourist_guides/U050050000002898127508.jpg,155
M. LAKSEN WANIGASINGHE,National,French,0766115118,"""priyankara"", walawela, nihiluwa, beliatta",N-1561,mlaksen@gmail.com,Valid till 31st December 2027,image/tourist_guides/U050050000002895130618.jpg,155
H.S.PRADEEP KUMARA RODRIGO,National,Korean,0776559539,"No:94/b, bandaranayaka mw, pamunugama, alubomulla",N-1562,hspkrudrigo@gmail.com,Valid till 31st December 2027,image/tourist_guides/U050050000002894473644.jpg,155
S.A.KAVIDU KASUN KARUNARATHNE.,National,French,0719373350,"No:705, modder estate, kurunegala",N-1563,Kaviduk123@gmail.com,Valid till 31st December 2027,image/tourist_guides/U050050000002896476576.jpeg,155
Search for a Tour Guide,,All Languages Arabic Chinese Dutch English French German Greek Hebrew Hindi Hungarian Italian Japanese Korean Mandarian Russian Spanish Swedish Tamil Thai Urdu Search,,,,,,http://www.srilanka.travel/images/theames-new/covidimg.png,155
Tour Guides,,,,,,,,http://www.srilanka.travel/images/theames-new/covidimg.png,155
D.K.N. FERNANDO,National,Russian,0779165330,"No:38, seenawattha, aluthgama",N-1560,nironotahero@yahoo.com,Valid till 31st December 2027,image/tourist_guides/U050050000002907126531.jpg,156
H.C.D.NILANTHA DE SILVA,National,Russian,0773866670,"No:136/1d, pahala biyanwila, kadawatha",N-1565,hapange74@yahoo.com,Valid till 31st December 2027,http://srilanka.travel//image/cache/no_profile_image-235x145.jpg,156
H.M. SUBODHA DHAMMIKA DAYANANDA,National,German,0777806660,"No:15, sanasuma, ambepura, kalukale, nuwara eliya",N-1567,subodhadammika@gmail.com,Valid till 31st December 2027,image/tourist_guides/U050050000002912127711.jpg,156
KASUN SAMEERA MADUWAGE,National,German,0713491144,"No:40/1/1/2, 1st joseph road, nugegoda",N-1570,kmaduwage@gmail.com,Valid till 31st December 2027,http://srilanka.travel//image/cache/no_profile_image-235x145.jpg,156
W.D. WAJIRA NUWAN KEERTHIRATHNA,National,German,0717532451,"Madithiyagolle scl, madithiyagolla, pansiyagama, kurunegala",N-1572,wdwajee@yahoo.com,Valid till 31st December 2027,image/tourist_guides/U050050000002906126445.jpg,156
A.D. CHAMEERA DEEPAL AMARATHUNGA,National,German,0774569737,"No:147/a, kopiyawatha, delduwa, wadduwa",N-1569,amarathunga147@gmail.com,Valid till 31st December 2027,image/tourist_guides/U050050000002910127507.jpg,156
T.D. DILEEPA SUMINDA,National,English,0776281035,"No:50, araliya uyana, kalutara south",N-1571,d_suminda@yahoo.com,Valid till 31st December 2027,http://srilanka.travel//image/cache/no_profile_image-235x145.jpg,156
SAMPATH YASANTHA DHARMAWANSA,National,French,0779230335,"No:69/1, pirivena rd, boralesgamuwa",N-1578,sampathd999@gmail.com,Valid till 31st December 2027,http://srilanka.travel//image/cache/no_profile_image-235x145.jpg,156
Search for a Tour Guide,,All Languages Arabic Chinese Dutch English French German Greek Hebrew Hindi Hungarian Italian Japanese Korean Mandarian Russian Spanish Swedish Tamil Thai Urdu Search,,,,,,http://www.srilanka.travel/images/theames-new/covidimg.png,156
Tour Guides,,,,,,,,http://www.srilanka.travel/images/theames-new/covidimg.png,156
PRASANNA  AJITH LIYANAGE,National,Greek,0717231501,"No:79, distillery road, seeduwa",N-1583,prasa638@gmail.com,Valid till 31st December 2027,http://srilanka.travel//image/cache/no_profile_image-235x145.jpg,157
J. SISIRA KUMARA JAYALATH,National,French,0777283166,"No:407/6, kandy road, kirillawala, kadawatha",N-1580,sisira.jayalath.sj@gmail.com,Valid till 31st December 2027,image/tourist_guides/U050050000002918137172.jpg,157
R.W. CHANDRA KUSUMSIRI,National,German,0776149674,"No:30/18, eral jayawickrama mw, hettiweediya, weligama",N-1582,rwkusumsiri1974@gmail.com,Valid till 31st December 2027,http://srilanka.travel//image/cache/no_profile_image-235x145.jpg,157
NANDANA PUSHPAKUMARA HEWAGE,National,Chinese,0712794180,"Wijaya- no:02, kalutara rd, yala-anguruwatota",N-1604,nphewage@hotmail.com,Valid till 31st December 2027,image/tourist_guides/U050050000002935126752.jpg,157
H.M. SUMINDA HERATH,National,Italian,0772951919,"No:577/b, ""sandamali sevana"", perera mawatha, wennappuwa",N-1606,Suminda.herath@gmail.com,Valid till 31st December 2027,image/tourist_guides/U050050000002936133116.jpg,157
K. SANTHA RUWAN PERERA,National,Japanese,0768760205,"No:303/b, pugoda road, delgoda",N-1588,ruwan.Upa@gmail.com,Valid till 31st December 2027,http://srilanka.travel//image/cache/no_profile_image-235x145.jpg,157
D.M. ROHAN DISSANAYAKE,National,Italian,0775673542,"No:195/b/4/2, mihindu mawatha, batuwatta, ragama",N-1607,rohanadissanayake58@gmail.com,Valid till 31st December 2027,image/tourist_guides/U050050000002937129977.jpg,157
S. DISSANAYAKE,National,Italian,0766860720,"Maligawatta a division, mahawewa",N-1610,ceylontrailslk@gmail.com,Valid till 31st December 2027,image/tourist_guides/U050050000002939127278.jpg,157
Search for a Tour Guide,,All Languages Arabic Chinese Dutch English French German Greek Hebrew Hindi Hungarian Italian Japanese Korean Mandarian Russian Spanish Swedish Tamil Thai Urdu Search,,,,,,http://www.srilanka.travel/images/theames-new/covidimg.png,157
Tour Guides,,,,,,,,http://www.srilanka.travel/images/theames-new/covidimg.png,157
K.M. CHAMINDA DINESH KARUNARATHNA,National,Japanese,0714885903,"No:e/21/1, meegahawatta, kondagala, nelumdeniya",N-1586,dineshkarunarathna76@gmail.com,Valid till 31st December 2027,http://srilanka.travel//image/cache/no_profile_image-235x145.jpg,158
M.D. HARSHA DUSHANTHA SOYSA,National,English,0779748042,"No:10/1, reservoir road, kandy",N-1595,iresharajitha@gmail.com,Valid till 31st December 2026,http://srilanka.travel//image/cache/no_profile_image-235x145.jpg,158
R.M. CHARITH RATHNAYAKA,National,Japanese,0770841447,"No:595/10, romiyel mawatha, homagama",N-1587,charithrathnayaka@yahoo.com,Valid till 31st December 2027,http://srilanka.travel//image/cache/no_profile_image-235x145.jpg,158
SALINDA UPEKA DE SILVA,National,Japanese,0778801224,"No:32,chapel rd, nugegoda",N-1589,salindasilva72@gmail.com,Valid till 31st December 2027,image/tourist_guides/U050050000002929131739.jpg,158
SINHARA PUNYARATHNE SILVA,National,Japanese,0723255733,"No:125,""girithala sevana"", kajugaha watta, gothatuwa, angoda",N-1590,sinharasilva6044@gmail.com,Valid till 31st December 2027,image/tourist_guides/U050050000002930476565.jpg,158
D. WASANTHA SAMARASINGHE,National,Japanese,0770131213,"No:426/e, rajawaththa, udugampola",N-1591,wasantha630@gmail.com,Valid till 31st December 2027,image/tourist_guides/U050050000002931133832.jpg,158
GAMITHA PRASAD RANDENIYA,National,German,0713270623,"""parahera gedara"",kadawedduwa,yatiyana,matara",N-1593,randeniyagamitha@gmail.com,Valid till 31st December 2027,image/tourist_guides/U050050000002933126418.jpg,158
U. KANKANAMAGE UPUL GAMINI,National,German,0713175270,"No:27, pitaramba, bentota",N-1592,upul61@yahoo.com,Valid till 31st December 2027,image/tourist_guides/U050050000002932134117.jpg,158
Search for a Tour Guide,,All Languages Arabic Chinese Dutch English French German Greek Hebrew Hindi Hungarian Italian Japanese Korean Mandarian Russian Spanish Swedish Tamil Thai Urdu Search,,,,,,http://www.srilanka.travel/images/theames-new/covidimg.png,158
Tour Guides,,,,,,,,http://www.srilanka.travel/images/theames-new/covidimg.png,158
S.M.D. NIROSHIKA CHAMALI,National,German,0774434292,"No:99,beach road,lansigama,katuneriya",N-1594,chamaliniro1977@gmail.com,Valid till 31st December 2027,image/tourist_guides/U050050000002943126386.jpg,159
W. NAMAL PREETHIRAJ SILVA,National,Italian,0771075656,"No:820/b, ganemulla rd, weligampitiya",N-1596,namal.silVa.ns@gmail.com,Valid till 31st December 2027,image/tourist_guides/U050050000002944473666.jpg,159
SHEIK ILHAM LATHIF,National,Hindi,0769242299,"No:83/2/b, gamini karunaratna mw, wattala",N-1609,Ilhamlat@yahoo.com,Valid till 31st December 2027,http://srilanka.travel//image/cache/no_profile_image-235x145.jpg,159
SRIYAN ELPITIYA,National,Chinese,0770173666,"No:206/2/b,hebbewa road,madapatha,piliyandala.",N-1600,sriyanelpitiya75@gmail.com,Valid till 31st December 2027,image/tourist_guides/U050050000002948133110.jpg,159
W.G. SENADHEERA,National,Chinese,0711052033,"No:455/c, wewa road, wennappuwa",N-1602,Senadheera9000@gmail.com,Valid till 31st December 2027,image/tourist_guides/U050050000002950131734.jpg,159
GANENTHIRAN GAJATHURKAN,National,French,0772731269,"No 11, thimbrigassyaya cross rd,handala,wattala",N-1612,gajan2014@gmail.com,Valid till 31st December 2027,image/tourist_guides/U050050000002941127691.jpg,159
H.D. HASANKA NUWAN SITARA,National,Italian,0777447428,"No:291/3, mahalwarawa rd, kottawa, pannipitiya",N-1611,hasanka81@gmail.com,Valid till 31st December 2027,image/tourist_guides/U050050000002942127718.jpg,159
P.G. RAJITHA DILSHAN NISSANKA,National,Chinese,0716126071,"No:97/4, samagi mawatha, maraluwawa, kurunegala",N-1599,sithuwam11@yahoo.com,Valid till 31st December 2027,image/tourist_guides/U050050000002947127965.jpg,159
Search for a Tour Guide,,All Languages Arabic Chinese Dutch English French German Greek Hebrew Hindi Hungarian Italian Japanese Korean Mandarian Russian Spanish Swedish Tamil Thai Urdu Search,,,,,,http://www.srilanka.travel/images/theames-new/covidimg.png,159
Tour Guides,,,,,,,,http://www.srilanka.travel/images/theames-new/covidimg.png,159
N. DEERANGA UDAHAGE,Chauffeur,English,0771939049,"No:218/2, samajwadi mw, pamunugama, alubomulla",C-1467,nadun.udahage@yahoo.com,Valid till 31st December 2027,image/tourist_guides/U050050000002952476300.jpg,160
W.M. PRADEEP,National,French,0777036152,"Mother's house, gunasiri mahimi mawatha, mirissa",N - 1614,wmpradeep@gmail.com,Valid till 31st December 2027,image/tourist_guides/U050050000002956128128.jpg,160
M. DUMINDA SANJEEWA PERERA,National,"English, Chinese",0777208164,"No:108-g, jasmine garden, hokandara south, hokandara",N - 1616,dsanjeewa@hotmail.com,Valid till 31st December 2027,http://srilanka.travel//image/cache/no_profile_image-235x145.jpg,160
D.L.C.MADUSANKA GUNASEKARA,Chauffeur,English,0772569676,"No:372, gamamada road, thudella, ja-ela",C - 1473,chaaaamara@gmail.com,Valid till 31st December 2027,image/tourist_guides/U050050000002961476470.jpg,160
V.A.D.JAYAKODI,National,"English Tel 0779915311 Address 14,canel road,wattakkaliya,chilaw Registration No A-1313 Email manjulakumara1979@gmail.com Validity status of licence: Valid till 31st December 2027",0776541199,"J/01.sanasa housing complex,naiwela,veyangoda",N-1619,djayakody23@gmail.com,Valid till 31st December 2027,image/tourist_guides/U050050000002980126443.jpg,160
DOOLWALA WADUGE RASIKA MANJULA KUMARA,Area,English,0779915311,"14,canel road,wattakkaliya,chilaw",A-1313,manjulakumara1979@gmail.com,Valid till 31st December 2027,http://srilanka.travel//image/cache/no_profile_image-235x145.jpg,160
V.G. JANAKASIRI,Area,English,0777309938,"No:53/a, buluela, vajirapura, nuwara eliya",A-1317,Janakavidanagamage79@gmail.com,Valid till 31st December 2027,http://srilanka.travel//image/cache/no_profile_image-235x145.jpg,160
V.D. CHANDIKA,Area,English,0772467391,"No:161, lady maccullum road, hawaeliya, nuwara eliya",A-1320,dilipchandika99@gmail.com,Valid till 31st December 2027,http://srilanka.travel//image/cache/no_profile_image-235x145.jpg,160
Search for a Tour Guide,,All Languages Arabic Chinese Dutch English French German Greek Hebrew Hindi Hungarian Italian Japanese Korean Mandarian Russian Spanish Swedish Tamil Thai Urdu Search,,,,,,http://www.srilanka.travel/images/theames-new/covidimg.png,160
Tour Guides,,,,,,,,http://www.srilanka.travel/images/theames-new/covidimg.png,160
D. GAYAN WELHEWAGE,Area,English,0767247416,"Toppass, nuwaraeliya",A-1327,dhanushkagayan27@gmail.com,Valid till 31st December 2027,image/tourist_guides/U050050000003008133821.jpg,161
W.M.A. PRABATH PERERA,National,"English Tel 0701911811 Address No:314, owakanda, rathgama Registration No N-1631 Email samanthajayathilaka@gmail.com Validity status of licence: Valid till 31st December 2027",0718375731,"No:54, amuna rd, seeduwa south, seeduwa",N-1623,aarunaprabath@gmail.com,Valid till 31st December 2027,image/tourist_guides/U050050000003013126532.jpg,161
P.G. SAMANTHA JAYATHILAKA,National,English,0701911811,"No:314, owakanda, rathgama",N-1631,samanthajayathilaka@gmail.com,Valid till 31st December 2027,http://srilanka.travel//image/cache/no_profile_image-235x145.jpg,161
NIPUNA NIRMAL KARIYAWASAM,National,English,0777779389,"No:161/c/5, ""grace land"", medhananda mw, pahala bomiriya, kaduwela",N-1625,nipunakariyawasam@gmail.com,Valid till 31st December 2027,image/tourist_guides/U050050000003067129915.jpg,161
T.M. DILSHAN CHATHURANGA,National,English,0777434138,"No:205/09, kandagama, ampitiya, kandy",N-1626,d_777@ymail.com,Valid till 31st December 2027,image/tourist_guides/U050050000003064133943.jpg,161
J.W. THUSHAN IRANKA,National,English,0773141978,"No:335/63, 5th lane, sarasavi asapuwa, hapugala, wakwella",N-1629,thushaniranka@gmail.com,Valid till 31st December 2027,image/tourist_guides/U050050000003070133070.jpg,161
RAJITH HARSHANA SOMARATHNE,National,English,0778198435,"No:729, green garden, alwiss wattha, kalutara south",N-1630,somarathnerajith@gmail.com,Valid till 31st December 2027,http://srilanka.travel//image/cache/no_profile_image-235x145.jpg,161
NALAKA WISWAMITH SUBASINGHE,National,English,0769920555,"No:238, perera rd, batuvita, gonapala junction",N-1634,nwstele@yahoo.com,Valid till 31st December 2027,image/tourist_guides/U050050000003017129981.jpg,161
Search for a Tour Guide,,All Languages Arabic Chinese Dutch English French German Greek Hebrew Hindi Hungarian Italian Japanese Korean Mandarian Russian Spanish Swedish Tamil Thai Urdu Search,,,,,,http://www.srilanka.travel/images/theames-new/covidimg.png,161
Tour Guides,,,,,,,,http://www.srilanka.travel/images/theames-new/covidimg.png,161
Y.P.S. PRIYANTHA YAMASINGHE,National,English,0712066600,"No:633, yaya 03, solepura",N-1638,ypspyamasinghe@gmail.com,Valid till 31st December 2027,image/tourist_guides/U050050000003061128177.jpg,162
L.A.W. UDAYA SRI SARVAJANAKA,National,English,0728189022,"No:369/b/1, pahala kosgama, kosgama",N-1640,udayasarvajanaka@gmail.com,Valid till 31st December 2027,image/tourist_guides/U050050000003047129968.jpg,162
L. SUNETH CHAMARA KAMARAL,National,English,0772476592,"No:207/2, athgala, katana",N-1641,Sunethchamara@yahoo.com,Valid till 31st December 2027,image/tourist_guides/U050050000003050131699.jpg,162
RANINDU LAKMAL KALUBOWILA,National,English,0773067502,"No:255/b/4, asiri mawatha, siyambalagoda, polgasowita",N-1644,ranindulakmal@yahoo.com,Valid till 31st December 2027,image/tourist_guides/U050050000003055135749.jpg,162
DISHANTHA NALINDA JOHN,National,English,0777032371,"No:4/b/29/ r-n.h.scheme, raddolugama",N-1642,nalindajohn@yahoo.com,Valid till 31st December 2027,http://srilanka.travel//image/cache/no_profile_image-235x145.jpg,162
UDEESHWARA SUBASINGHE,National,English,0776020400,"No:195/20, regal homes, mattegoda",N-1647,udeeshwara@yahoo.com,Valid till 31st December 2027,image/tourist_guides/U050050000003058133097.jpg,162
P.R. CHATURA JAYASANKA,National,English,0713030325,"No:177/1, samupakara mawatha, honnantara, piliyandala",N-1645,chatura.ufc@gmail.com,Valid till 31st December 2027,http://srilanka.travel//image/cache/no_profile_image-235x145.jpg,162
K.A. WARUNA ARIYASENA KUMBALATHARA,National,English,0777551592,"No:298/18, 2nd lane, mandawila road, kesbewa",N-1646,waruna.kumbala@gmail.com,Valid till 31st December 2027,http://srilanka.travel//image/cache/no_profile_image-235x145.jpg,162
Search for a Tour Guide,,All Languages Arabic Chinese Dutch English French German Greek Hebrew Hindi Hungarian Italian Japanese Korean Mandarian Russian Spanish Swedish Tamil Thai Urdu Search,,,,,,http://www.srilanka.travel/images/theames-new/covidimg.png,162
Tour Guides,,,,,,,,http://www.srilanka.travel/images/theames-new/covidimg.png,162
D.T.DOOLWELA,National,English,0775214828,No-15 1/1 - 3rd lane-rathmalana,N-1652,dimuthdoolwela@yahoo.com,Valid till 31st December 2027,http://srilanka.travel//image/cache/no_profile_image-235x145.jpg,163
D.S.NADARAJAN,National,English,0776448120,"No:80/a, hospital rd, nawagamuwa, ranala",N-1650,sndanielss@gmail.com,Valid till 31st December 2027,image/tourist_guides/U050050000003038128074.jpg,163
K.P. ISHARA UDAYANGA,National,English,0778569306,"No:h/9/1, yakella, bulathkohupitiya",N-1658,Udi.ishee@gmail.com,Valid till 31st December 2027,image/tourist_guides/U050050000003052133063.jpg,163
A.V. CHITHRANANDA ABEYGUNASEKARA,National,English,0773561895,"No:175/b, kommala, bentota",N-1659,aVcabey@yahoo.com,Valid till 31st December 2027,http://srilanka.travel//image/cache/no_profile_image-235x145.jpg,163
M.B.D. HARSHA THARANGA KARUNARATHNE,National,English,0777615136,"No:141/b, thekkawatta, palatota, kalutara south",N-1655,cjkaru1977@gmail.com,Valid till 31st December 2027,image/tourist_guides/U050050000003043133060.jpg,163
M.A.D. BUDDHIKA CHATURANGA KULARATHNE,National,English,0716651414,"No:61, vidyala mawatha, avissawella",N-1656,buddhikack@gmail.com,Valid till 31st December 2027,image/tourist_guides/U050050000003051128111.jpg,163
H.A. DHANUSHKA WICKRAMATHILAKE,National,English,0771998554,"No:268/22b, rajasingharama mw, yatiwawala, katugastota",N-1666,heshan_pola@hotmail.com,Valid till 31st December 2027,image/tourist_guides/U050050000003034133064.jpg,163
P.W. UDAYA CHRISTI FERNANDO,National,English,0777748663,"No:576/a, colombo road, kurana, negombo",N-1667,pwuchristi@gmail.com,Valid till 31st December 2027,image/tourist_guides/U050050000003032128077.jpg,163
Search for a Tour Guide,,All Languages Arabic Chinese Dutch English French German Greek Hebrew Hindi Hungarian Italian Japanese Korean Mandarian Russian Spanish Swedish Tamil Thai Urdu Search,,,,,,http://www.srilanka.travel/images/theames-new/covidimg.png,163
Tour Guides,,,,,,,,http://www.srilanka.travel/images/theames-new/covidimg.png,163
H.M.AMILA RUWAN GOTABHAYA HERATH,National,English,0767723632,"No:403/2, galatabediwewa, pansiyagama",N-1660,hmaruwan@gmail.com,Valid till 31st December 2027,image/tourist_guides/U050050000003033128174.jpg,164
B.D. CHAMINDA JANAKA BANDARAGODA,National,English,0777521857,"No:a/a/2/41, ranpokunagama, nittambuwa",N-1661,guidesrilankan@gmail.com,Valid till 31st December 2027,http://srilanka.travel//image/cache/no_profile_image-235x145.jpg,164
ANIL WEERASURIYA,National,English,0777421751,"No:308/16, mihindu mw, suriyapaluwa, kadawatha",N-1662,anil.weerasooriya@gmail.com,Valid till 31st December 2027,image/tourist_guides/U050050000003035127705.jpg,164
D. CHAMINDA MAHESH PERERA,National,English,0770082820,"No:180/416, pinkowatta, weliveriya, gampaha",N-1664,maheshperera668@gmail.com,Valid till 31st December 2027,image/tourist_guides/U050050000003029128184.jpg,164
M.D.A. SANDANUWAN,National,Chinese,0775959153,"No:113/34/22, mahawilawatta, alubomulla",N-1677,asandanuwan@yahoo.com,Valid till 31st December 2027,image/tourist_guides/U050050000003083129951.jpg,164
M.R. MOHAMMED ALI,National,Chinese,0771773252,"No:75/85, madurapura, denipitiya, weligama",N-1679,rasickali@gmail.com,Valid till 31st December 2027,image/tourist_guides/U050050000003082128191.jpg,164
URAWANA GAMARALALAGE ARIYAPALA,National,Chinese,0775795855,"No:6/12, weera mawatha, wattegedara, maharagama",N-1680,arislrk136.@gmail.com,Valid till 31st December 2027,image/tourist_guides/U050050000003088127724.jpg,164
P. SANDARUWAN KANCHANA PATHIRAGE,National,English,0718479374,"No:180/b, koratota, kaduwela",N-1681,kanchpathirage@gmail.com,Valid till 31st December 2027,image/tourist_guides/U050050000003030135785.jpg,164
Search for a Tour Guide,,All Languages Arabic Chinese Dutch English French German Greek Hebrew Hindi Hungarian Italian Japanese Korean Mandarian Russian Spanish Swedish Tamil Thai Urdu Search,,,,,,http://www.srilanka.travel/images/theames-new/covidimg.png,164
Tour Guides,,,,,,,,http://www.srilanka.travel/images/theames-new/covidimg.png,164
L.G. ACHALA PRADEEP,National,Chinese,0771257023,"No:38, wallivila, godamuna, pitigala",N-1682,achalapradeep@gmail.com,Valid till 31st December 2027,http://srilanka.travel//image/cache/no_profile_image-235x145.jpg,165
U. TIRAN INDIKA ABEYAWARDANA,National,English,0770324949,"No:18/2, piyarathanarama place, dehiwala",N-1668,tiranaya@gmail.com,Valid till 31st December 2027,http://srilanka.travel//image/cache/no_profile_image-235x145.jpg,165
D.H.M. WASANTHA KUMARA,National,English,0771767317,"No:256, rawa ela, thalakolawewa, polpithigama",N-1669,methsihila@gmail.com,Valid till 31st December 2027,http://srilanka.travel//image/cache/no_profile_image-235x145.jpg,165
SAMEERA LAKMAL ALAHAKOON,National,Chinese,0770755186,"No:61/1, perakum mw, bandarawatta, gampaha",N-1670,sameera033@gmail.com,Valid till 31st December 2027,http://srilanka.travel//image/cache/no_profile_image-235x145.jpg,165
RICHARD MACCLUM JAMES,National,English,0722474745,"No:18/b, n.h.s. gnanawimala rd, colombo-09",N-1671,richebxl@yahoo.com,Valid till 31st December 2027,image/tourist_guides/U050050000003026128178.jpg,165
BRUCE LYARD SHEE,National,Chinese,0774685447,"No:282/55/2, polgahahena rd, hapugoda, kandana",N-1673,brucelyardshee@ymail.com,Valid till 31st December 2027,image/tourist_guides/U050050000003091134078.jpg,165
P.M. NIMAL SHANTHA,National,Chinese,0718644571,"No:80, convent lane, handala, wattala",N-1674,nimal.shantha@gmail.com,Valid till 31st December 2027,http://srilanka.travel//image/cache/no_profile_image-235x145.jpg,165
HIRAN PRADEEPA SAMARASEKARA,National,Chinese,0774735724,"No:172, ihalamulla, ankumbura",N-1675,hiransamarasekara.sl@gmail.com,Valid till 31st December 2027,image/tourist_guides/U050050000003090131710.jpg,165
Search for a Tour Guide,,All Languages Arabic Chinese Dutch English French German Greek Hebrew Hindi Hungarian Italian Japanese Korean Mandarian Russian Spanish Swedish Tamil Thai Urdu Search,,,,,,http://www.srilanka.travel/images/theames-new/covidimg.png,165
Tour Guides,,,,,,,,http://www.srilanka.travel/images/theames-new/covidimg.png,165
ASANGA MAHEN RAJAPAKSE,National,Chinese,0718644666,"No:28/7, 4th lane, araliya garden, ja ela",N-1689,asangamahen77@gmail.com,Valid till 31st December 2027,http://srilanka.travel//image/cache/no_profile_image-235x145.jpg,166
H.M. TISTY SRIYARATNE DE SILVA,National,English,0776293425,"No:286/b, wena road, raddoluwa, seeduwa",N-1684,moditha.de@gmail.com,Valid till 31st December 2027,image/tourist_guides/U050050000003092129917.jpg,166
A.D. ANANDA CHANDRASENA,National,English,0777889711,"No:26/b, boodirajarama mw, mottappuliya, rambukkana",N-1685,Capstrading@gmail.com,Valid till 31st December 2027,image/tourist_guides/U050050000003076127710.jpg,166
A.W. EDIRIWEERA WIJESURIYA,National,English,0773865327,"No:17-a, 1st lane, rubberwatta rd, gangodawila, nugegoda",N-1686,awijes@yahoo.com,Valid till 31st December 2027,image/tourist_guides/U050050000003025126357.jpg,166
H.D. LASANTHA NEIL ROHANA,National,English,0766800130,"No:403, hendala, wattala",N-1687,lasantharohana@gmail.com,Valid till 31st December 2027,image/tourist_guides/U050050000003024133126.jpg,166
M.M.P.G. DILIP KUMARA SOMADASA,National,Chinese,0715961461,"No:425/1, athurugiriya road, malabe",N-1694,sl_sili@hotmail.com,Valid till 31st December 2027,image/tourist_guides/U050050000003072133078.jpg,166
N.H. NILUKA DAMAYANTHI DE SILVA,National,Chinese,0710124271,"No:167/2/1, dambuwa watta, nattandiya",N-1691,nilusilVa531@gmail.com,Valid till 31st December 2026,http://srilanka.travel//image/cache/no_profile_image-235x145.jpg,166
AYESHA NISHANTHI KODAGODA,National,Chinese,0775976911,"Cfiu6, c block, siyapath sewana, dematagoda, colombo 09",N-1706,ayesha.nishanthi88@gmail.com,Valid till 31st December 2027,http://srilanka.travel//image/cache/no_profile_image-235x145.jpg,166
Search for a Tour Guide,,All Languages Arabic Chinese Dutch English French German Greek Hebrew Hindi Hungarian Italian Japanese Korean Mandarian Russian Spanish Swedish Tamil Thai Urdu Search,,,,,,http://www.srilanka.travel/images/theames-new/covidimg.png,166
Tour Guides,,,,,,,,http://www.srilanka.travel/images/theames-new/covidimg.png,166
M.R.L.P. DE SOYZA,National,"Chinese Tel 0718186983 Address No:196, nagolla road, matale Registration No N-1695 Email stcema@gmail.com Validity status of licence: Valid till 31st December 2027",0777744961,"No:10, pansala asala, kolamadiriya, bandaragama",N-1713,amigojith64@gmail.com,Valid till 31st December 2027,http://srilanka.travel//image/cache/no_profile_image-235x145.jpg,167
W.D.M.T.D. BANDARA RAJAKARUNA,National,Chinese,0718186983,"No:196, nagolla road, matale",N-1695,stcema@gmail.com,Valid till 31st December 2027,http://srilanka.travel//image/cache/no_profile_image-235x145.jpg,167
K.M.G. PRABODA PIUMI KARIYAWASAM,National,Chinese,0713298200,"No:30, kandawala mawatha, rathmalana",N-1714,kariyawasam.piumi@yahoo.com,Valid till 31st December 2027,http://srilanka.travel//image/cache/no_profile_image-235x145.jpg,167
H.P.A. WIJEKUMARA,National,Chinese,0772204239,"No:55/96, ekamuthu mw, sirimal uyana, mattegoda",N-1715,anilwk@gmail.com,Valid till 31st December 2027,image/tourist_guides/U050050000003107133945.jpg,167
M.V ANURA,Chauffeur,"Chinese Tel 0768344366 Address No:232, mulana, narawala, galle Registration No N-1707 Email janigamage88@gmail.com Validity status of licence: Valid till 31st December 2027",0772749624,"No:73, ""subashi"", 4th lane, thotupola road, maha wadduwa, wadduwa.",C-1475,amvithanage122@gmail.com,Valid till 31st December 2027,http://srilanka.travel//image/cache/no_profile_image-235x145.jpg,167
K.G. JANITH BHAGYE,National,Chinese,0768344366,"No:232, mulana, narawala, galle",N-1707,janigamage88@gmail.com,Valid till 31st December 2027,image/tourist_guides/U050050000003102127988.jpg,167
D.K.G. LESLY KUMARA SENARATHNA,National,Chinese,0771187031,"Kokunnawe, ranorawe, nochchiyagama.",N-1708,leslysenarathna39@gmail.com,Valid till 31st December 2027,image/tourist_guides/U050050000003104128098.jpg,167
UDAYA KUMARA KALUARACHCHI,National,English,0774246834,"No:7, lane one, aruppola, kandy",N-1704,udaya13@gmail.com,Valid till 31st December 2027,image/tourist_guides/U050050000003093129914.jpg,167
Search for a Tour Guide,,All Languages Arabic Chinese Dutch English French German Greek Hebrew Hindi Hungarian Italian Japanese Korean Mandarian Russian Spanish Swedish Tamil Thai Urdu Search,,,,,,http://www.srilanka.travel/images/theames-new/covidimg.png,167
Tour Guides,,,,,,,,http://www.srilanka.travel/images/theames-new/covidimg.png,167
M.R.B. KARUNARATNE,National,English,0779022505,"No:49/81, wickramasinghepura, battaramulla",N-1703,minakakarunaratne52@gmail.com,Valid till 31st December 2027,http://srilanka.travel//image/cache/no_profile_image-235x145.jpg,168
M.S.C PERERA,National,Chinese,0777727273,"No:43/50, poorwarama mawatha, colombo-05",N-1702,chamika@chamz.com,Valid till 31st December 2027,http://srilanka.travel//image/cache/no_profile_image-235x145.jpg,168
H.G.C. PRIYADHARSHANA,National,English,0711595077,"Godage state, dakunuwasala rd, anuradhapura",N-1716,gamekumaru@gmail.com,Valid till 31st December 2027,http://srilanka.travel//image/cache/no_profile_image-235x145.jpg,168
C.PRASADH ABEYAWARDHANE,National,English,0760742348,"No:138/29,swarnanandha housing scheme, thalahena, malabe",N-1700,c_prasadh@yahoo.com,Valid till 31st December 2027,image/tourist_guides/U050050000003022129932.jpg,168
MAHINDA PETER SIRIWARDENA,National,English,0774536342,"No:95/27, 17th lane, ambillawatta rd, boralesgamuwa",N-1697,mahinda.peter@gmail.com,Valid till 31st December 2027,image/tourist_guides/U050050000003019478017.jpg,168
J. KOSALA SILVA WICKREMASINGHE,National,Chinese,0777686923,"no:202/8: cherry hill, tewattha road, ragama",N-1696,john.k.tours@gmail.com,Valid till 31st December 2027,image/tourist_guides/U050050000003075134131.jpg,168
ACHINTHA SAMPATH MARAGODAGE,Chauffeur,,0777200465,"No:444/3/a, mankada road, kadawatha",C-1478,lakmalisamaraweera77@gmail.com,Valid till 31st December 2027,image/tourist_guides/U050050000003110476313.jpg,168
W.S. MANI VANNAN,National,,0776631447,"No:17/a, temples bihind road, kaudupelella",N-1718,vmani1653@gmail.com,Valid till 31st December 2027,http://srilanka.travel//image/cache/no_profile_image-235x145.jpg,168
Search for a Tour Guide,,All Languages Arabic Chinese Dutch English French German Greek Hebrew Hindi Hungarian Italian Japanese Korean Mandarian Russian Spanish Swedish Tamil Thai Urdu Search,,,,,,http://www.srilanka.travel/images/theames-new/covidimg.png,168
Tour Guides,,,,,,,,http://www.srilanka.travel/images/theames-new/covidimg.png,168
AJITH INDIKA PALIHAKKARA AMARASEKARA,Chauffeur,,0718669503,"No:1, pahala mapitigama, malwana",C-1479,indika1968@gmail.com,Valid till 31st December 2026,image/tourist_guides/U050050000003118473366.jpg,169
W.K. ANJANA SRI CHANDIKA FERNANDO,Chauffeur,,0710163971,"No:35, lansiyawatta, chilaw",C-1483,achandika90@yahoo.com,Valid till 31st December 2027,image/tourist_guides/U050050000003124476051.jpg,169
D.R. WISHMITHA GAYAN WIJESIRI,Chauffeur,,0713448195,"42/29, thappawatta road, godigamuwa, maharagama",C-1487,wishmitha@gmail.com,Valid till 31st December 2027,image/tourist_guides/U050050000003125476112.jpg,169
PATTIYAGE SUSIL PRIYANKA,Chauffeur,,0776010161,"No.378,mahawaththa,bokandara,piliyandala",C-1488,Susilpriyanka777@gmail.com,Valid till 31st December 2027,image/tourist_guides/U050050000003126475637.JPG,169
UDAWATHTHA RATHNAYAKALAGE SANTHA PADMALAL,Chauffeur,English Tel 0715235419 Address 831/c 2 lane  unagaswawa anuradhapura Registration No A-1329 Email kularatnesunil89@gmail.com Validity status of licence: Valid till 31st December 2027,0714811498,"No.22/82,opposite the police station,ketetenna,rathnapura,kahawatta",C-1489,santhalal1966@gmail.com,Valid till 31st December 2027,image/tourist_guides/U050050000003127476055.jpg,169
K.U.SUNIL KULARATNE,Area,English,0715235419,831/c 2 lane  unagaswawa anuradhapura,A-1329,kularatnesunil89@gmail.com,Valid till 31st December 2027,http://srilanka.travel//image/cache/no_profile_image-235x145.jpg,169
G.G.D. WIJERATHNA,Chauffeur,English,0773267869,"""sinhagiri"" harannagala meetiyagoda",C-1490,ggwdougles@gmail.com,Valid till 31st December 2027,image/tourist_guides/U050050000003129474585.jpg,169
DITHIHA INDUJA KALINDA WIJERATNE,National,English,0710655502,"No:177, alakeshwara rd, ethul kotte, kotte",N-1719,karlmarks210212000@gmail.com,Valid till 31st December 2027,http://srilanka.travel//image/cache/no_profile_image-235x145.jpg,169
Search for a Tour Guide,,All Languages Arabic Chinese Dutch English French German Greek Hebrew Hindi Hungarian Italian Japanese Korean Mandarian Russian Spanish Swedish Tamil Thai Urdu Search,,,,,,http://www.srilanka.travel/images/theames-new/covidimg.png,169
Tour Guides,,,,,,,,http://www.srilanka.travel/images/theames-new/covidimg.png,169
RANASINGHA MUDIYANSELAGE SHEHAN PRIYA RANASINGHE,National,"Italian Tel 0776077927 Address 07,4/a  keenakele estate,mudukatuwa,marawila Registration No C-1493 Email sriyanthakurera@gmail.com Validity status of licence: Valid till 31st December 2027",0718280633,"No:274/27, chandana uyana, parakandeniya, imbulgoda",N-1721,damayanthi135@gmail.com,Valid till 31st December 2027,image/tourist_guides/U050050000003137129974.jpg,170
WARNAKULASURIYA LAL ROHANA SRIYANTHA KURERA,Chauffeur,Italian,0776077927,"07,4/a  keenakele estate,mudukatuwa,marawila",C-1493,sriyanthakurera@gmail.com,Valid till 31st December 2027,http://srilanka.travel//image/cache/no_profile_image-235x145.jpg,170
KINGSLEY ABEYWICKRAMA,Chauffeur,English,0773339996,"No. 63, ranaviru mawatha,,liyanagemulla,,seeduwa",C-1494,abeykins@gmail.com,Valid till 31st December 2027,http://srilanka.travel//image/cache/no_profile_image-235x145.jpg,170
K.P.M. SENEVIRATHNA,Chauffeur,English,0773401240,"No.17/37 , c , bomalluwatta  road polwattha pannipitiya,,",C-1495,shatravels@sltnet.lk,Valid till 31st December 2027,image/tourist_guides/U050050000003197473762.jpg,170
CHARITH BUDDIKA WILEGODA,Chauffeur,Japanese,0779252574,"No.55,ihalagama,madampe",C-1499,Chari.wilegoda@gmail.com,Valid till 31st December 2027,image/tourist_guides/U050050000003207476469.jpg,170
GEEKIYANAGE SHALIKA MADUSANKA SILVA,Chauffeur,English,0710823687,"No. 174, kanda temple road,maha waskaduwa,waskaduwa",C-1500,shalikasahel@gmail.com,Valid till 31st December 2027,image/tourist_guides/U050050000003178473360.jpg,170
HERATH MUDIYANSELAGE SUDATH HERATH,Chauffeur,English,0779980998,"No: 30/1, janatha road,waththegedara,maharagama",C-1497,sudherath@yahoo.com,Valid till 31st December 2027,http://srilanka.travel//image/cache/no_profile_image-235x145.jpg,170
NEEL ABEYWARDANA,Chauffeur,Italian,0772468394,"No:219/b, richmond hill,galle",C-1498,neelabgalle@gmail.com,Valid till 31st December 2027,image/tourist_guides/U050050000003203473620.jpg,170
Search for a Tour Guide,,All Languages Arabic Chinese Dutch English French German Greek Hebrew Hindi Hungarian Italian Japanese Korean Mandarian Russian Spanish Swedish Tamil Thai Urdu Search,,,,,,http://www.srilanka.travel/images/theames-new/covidimg.png,170
Tour Guides,,,,,,,,http://www.srilanka.travel/images/theames-new/covidimg.png,170
KURUWITA ARACHCHIGE SAMPATH RUKSHAN IMBULANA,Chauffeur,English,0715111111,"No 302,temple road,dompe",C-1502,sampathimbulana@yahoo.com,Valid till 31st December 2027,image/tourist_guides/U050050000003175476495.jpg,171
JAYALATHGE AMILA PRABODHA JAYALATH,Chauffeur,English,0767619133,"No:30, webada road, negombo",C-1505,amilap_jayalath@yahoo.com,Valid till 31st December 2027,image/tourist_guides/U050050000003186473487.jpg,171
MALIMBADAGE SUMITH KUMARA,Chauffeur,English,0778034780,"No 157, moratuwa road, piliyandala,,",C-1507,mrsumith149@gmail.com,Valid till 31st December 2026,image/tourist_guides/U050050000003176474831.jpg,171
MALAMBAGE SUMUDU SUPUN SIRIMANNA,Chauffeur,Japanese,0773401122,"491/a,,pannila,,ruggahawila.",C-1509,supunsi@yahoo.com,Valid till 31st December 2027,image/tourist_guides/U050050000003205476501.jpg,171
VIDANA GAMAGE SAMEERA KASUN NUWANPRIYA,Chauffeur,English,0774086418,"No. 1/6,,hapitigama,kal-eliya",C-1514,nuwanpriyagamage@gmail.com,Valid till 31st December 2027,image/tourist_guides/U050050000003184475990.jpg,171
MEDDAKANDAGE SUMITHTHA CHANDIMA PERERA,Chauffeur,English,0777432967,"No 45/33,manamendra mawatha, rathnapura road,avissawella",C-1515,sumiththa86@yahoo.com,Valid till 31st December 2027,image/tourist_guides/U050050000003201475690.jpg,171
THALANGAMAGE ANANDA PREMATHILAKE PERERA,Chauffeur,English,0773570444,"No 15/15,dharmapala mawatha, madiwela,kotte",C-1516,ananda02dil@gmail.com,Valid till 31st December 2027,image/tourist_guides/U050050000003180474311.jpg,171
T.L.A.SHANTHA,Chauffeur,Italian,0773430491,"7/4,jayasooriya mawatha,kapuwatta ja ela",C-1517,donashane14@gmail.com,Valid till 31st December 2027,image/tourist_guides/U050050000003204475687.jpg,171
Search for a Tour Guide,,All Languages Arabic Chinese Dutch English French German Greek Hebrew Hindi Hungarian Italian Japanese Korean Mandarian Russian Spanish Swedish Tamil Thai Urdu Search,,,,,,http://www.srilanka.travel/images/theames-new/covidimg.png,171
Tour Guides,,,,,,,,http://www.srilanka.travel/images/theames-new/covidimg.png,171
H A ROHANA TISSERA,Chauffeur,English,0777780579,"349,batagama north,jaela",C-1520,rohantissera70@gmail.com,Valid till 31st December 2027,image/tourist_guides/U050050000003206134309.jpg,172
JAYAWARNA ARCHCHIGE SUPUN DINUSHA,Chauffeur,German,0710464657,"245/3,jansagama,,mamadala,ambalantota",C-1522,jasdinusha@gmail.com,Valid till 31st December 2027,image/tourist_guides/U050050000003229475872.jpg,172
PATHIRANNAHELAGE AMILA INDIKA PATHIRANA,Chauffeur,English,0779148648,"Elibichchiya,elibichchiya,",C-1523,amilaindika8@gmail.com,Valid till 31st December 2027,image/tourist_guides/U050050000003224475881.jpeg,172
M.M.MALITH CHATHURANGA,Chauffeur,English,0713111081,"260/2 , market,kottegoda,matara",C-1524,chathurangamanage7@gmail.com,Valid till 31st December 2027,image/tourist_guides/U050050000003214128749.jpg,172
D M R U KUMARA,Chauffeur,Japanese,0772297639,"Puttlam road,monnekulama,",C-1525,ranjana19761023@gmail.com,Valid till 31st December 2027,image/tourist_guides/U050050000003223475926.jpeg,172
NAIDUWA HANDI ROSHAN PRADEEP,Chauffeur,English,0713543429,"No.380/44,,1st step,,walauwatte, dadella, galle",C-1526,roshanstarlit@gmail.com,Valid till 31st December 2027,image/tourist_guides/U050050000003210475789.jpg,172
MALCOLM JOHN DANIEL,Chauffeur,Italian,0713070231,"134/3, samanwella watta, demanhandiya, negombo,post box - 11270,",C-1530,malcolmjohndaniel26@gmail.com,Valid till 31st December 2027,image/tourist_guides/U050050000003222476234.jpg,172
UPUL ANANDA SAMARADEERA,Chauffeur,German,0770773496,"Champika stores, boralupola, deiyandara, matara,,",C-1531,aanandaupul@gmail.com,Valid till 31st December 2027,image/tourist_guides/U050050000003219474096.jpg,172
Search for a Tour Guide,,All Languages Arabic Chinese Dutch English French German Greek Hebrew Hindi Hungarian Italian Japanese Korean Mandarian Russian Spanish Swedish Tamil Thai Urdu Search,,,,,,http://www.srilanka.travel/images/theames-new/covidimg.png,172
Tour Guides,,,,,,,,http://www.srilanka.travel/images/theames-new/covidimg.png,172
SITHAMBARAM RAJAKUMAR,Chauffeur,English,0778620623,"96/28 vihara road,,matale,",C-1532,srajkumar18@gmail.com,Valid till 31st December 2027,image/tourist_guides/U050050000003216475970.jpg,173
ATHUKORALALAGE DON SAMPATH NALAKA,Chauffeur,English,0767297755,"No:205 sisira,wedamulla road,kelaniya",C-1534,sampath205@gmail.com,Valid till 31st December 2027,image/tourist_guides/U050050000003198475933.jpeg,173
WADU THANTHRIGE KANCHANA GAVINDA DE SILVA,Chauffeur,English,0766367536,"Jayamaga,hennathota,dodanduwa",C-1535,kgavinda@yahoo.com,Valid till 31st December 2027,image/tourist_guides/U050050000003225476446.jpg,173
JAYAMAHA MUDALIGE ASANKA MADURANGA,Chauffeur,English,0777074634,"No. 305/b/3,canel road,uswetakeiyawa",C-1533,madurangajayamaha100@gmail.com,Valid till 31st December 2027,image/tourist_guides/U050050000003194476010.jpg,173
HENADEERAGE RAVINDRA,Chauffeur,English,0718069897,"No 125/5/e,monarathenna wattha, aluthgama, bogamuwa,yakkala",C-1537,ravindratour24@gmail.com,Valid till 31st December 2027,image/tourist_guides/U050050000003174475921.jpg,173
W.A ISHARA CHATHURANGA,Chauffeur,Spanish,0712666362,"753,puwakgahalanda road,heiyantuduwa",C-1539,isharatraVels@gmail.com,Valid till 31st December 2027,http://srilanka.travel//image/cache/no_profile_image-235x145.jpg,173
WARNAKULASOORIYA ARACHCHIGE JANAKA SUSANTHA PERERA,Chauffeur,Japanese,0741890350,"Siwallawagedara, pahala gedara, etanawatta",C-1540,susanthaperera43@gmail.com,Valid till 31st December 2027,image/tourist_guides/U050050000003227475185.jpeg,173
DANDENIYAGE DON INDIKA CHIRANJAYA ALWIS,Chauffeur,English,0776920197,"Saman,,nagahaduwa,,payagala",C-1541,indikaalwis457@gmail.com,Valid till 31st December 2027,image/tourist_guides/U050050000003183475178.jpg,173
Search for a Tour Guide,,All Languages Arabic Chinese Dutch English French German Greek Hebrew Hindi Hungarian Italian Japanese Korean Mandarian Russian Spanish Swedish Tamil Thai Urdu Search,,,,,,http://www.srilanka.travel/images/theames-new/covidimg.png,173
Tour Guides,,,,,,,,http://www.srilanka.travel/images/theames-new/covidimg.png,173
VIRAJ SANGEETH WIJESEKARA,Chauffeur,English,0766592618,"145/2,,d.j. arambawella road,galle.",C-1542,sangeeth.wije@gmail.com,Valid till 31st December 2027,http://srilanka.travel//image/cache/no_profile_image-235x145.jpg,174
SUNDIRIKKU MUDALIGE DANUSHKA SANKAKUMAR,Chauffeur,English,0711794208,"Danushka sankakumara , lokuralahamige , watta , peladara , weligam .",C-1543,sanka8633@gmail.com,Valid till 31st December 2027,image/tourist_guides/U050050000003264474165.jpg,174
POLKOTUWAGE DINESH JAYARANGA FERNANDO,Chauffeur,Greek,0777661884,"No:231/1, bolgoda, bandaragama",C-1544,dinesh.j.fernando@gmail.com,Valid till 31st December 2027,image/tourist_guides/U050050000003226475765.jpg,174
ABEYKOON MAYADUNNALAGE PRASAD SAMPATH MAYADUNNA,Chauffeur,English,0777939348,"No:145/4,belummahara,mudungoda",C-1546,amp.sampath@gmail.com,Valid till 31st December 2027,image/tourist_guides/U050050000003217476029.jpg,174
VITHANA PATHIRANNEHELAGE ARUNATHILAKA UPATHISSA KUSUMSIRI,Chauffeur,English,0711558839,"No.40,,diyawala,,kirindiwela.",C-1547,kusumsiriv@gmail.com,Valid till 31st December 2027,image/tourist_guides/U050050000003240476027.jpg,174
VAJIRA JAYARATNE,National,Italian,0772433861,"No:87/18c, kohilakotuwa rd, godigamuwa, maharagama",N-1723,Vajira09@hotmail.com,Valid till 31st December 2027,http://srilanka.travel//image/cache/no_profile_image-235x145.jpg,174
SHANDEEPA DE SILVA WICKRAMARATHNE,National,French,0712090830,"No:138/c/21, kandawala, katana",N-1725,shandeepa_desilVa@hotmail.com,Valid till 31st December 2027,image/tourist_guides/U050050000003290126536.jpg,174
W.D. SARATHCHANDRA SUMANAPALA,National,Italian,0777494447,"No:63/60, sampath uyana, eldeniya, kadawatha",N-1726,walimunisarath@gmail.com,Valid till 31st December 2027,http://srilanka.travel//image/cache/no_profile_image-235x145.jpg,174
Search for a Tour Guide,,All Languages Arabic Chinese Dutch English French German Greek Hebrew Hindi Hungarian Italian Japanese Korean Mandarian Russian Spanish Swedish Tamil Thai Urdu Search,,,,,,http://www.srilanka.travel/images/theames-new/covidimg.png,174
Tour Guides,,,,,,,,http://www.srilanka.travel/images/theames-new/covidimg.png,174
DISSANAYAKE PATHIRANNAHELAGE SUNINDU DISSANAYAKE,National,Spanish,0774286785,"No:133/1, wataddara, weyangoda",N-1728,sunindu.physio@gmail.com,Valid till 31st December 2027,image/tourist_guides/U050050000003300131742.jpg,175
MADDUMA PATABENDIGE PUBUDU CHANDIMAL DE SILVA,National,Japanese,0777617611,"No:1, court's road, new-town, ambagasdowa",N-1729,pubudu.de.silva@gmail.com,Valid till 31st December 2027,image/tourist_guides/U050050000003281126384.jpg,175
T. K. PERERA,National,Italian,0779344360,"No:37, solomon mw, wekada, panadura",N-1730,tkapilaperera@gmail.com,Valid till 31st December 2027,image/tourist_guides/U050050000003305126743.jpg,175
KAHANDAWALA ARACHCHILAGE SUMITH ROHAN,National,German,0773399261,"No:50/14, kirulagama, palapathwala, matale",N-1731,kasrohan@gmail.com,Valid till 31st December 2027,image/tourist_guides/U050050000003295133084.jpg,175
W.A.SUPUN MADURANGA WICKRAMASINGHE,National,Chinese,0763654210,"No:269/7, parana gampaha rd, welipillewa, ganemulla",N-1733,swmadu55@gmail.com,Valid till 31st December 2027,image/tourist_guides/U050050000003307131709.jpg,175
K.D.A. PRAGEETH PRIYANTHA KUMARA,National,German,0776203242,"No 507/2, finco estate, work camp rd, dalupotha, negombo.",N-1734,prageethha@gmail.com,Valid till 31st December 2027,http://srilanka.travel//image/cache/no_profile_image-235x145.jpg,175
JAYAWEERAGE SANJEEWA UDERATHNE,National,Chinese,0767978276,"No:196/1, anuradhapura rd, galpitiya, habarana",N-1736,sanjeewabiz1988@gmail.com,Valid till 31st December 2027,image/tourist_guides/U050050000003298129971.jpg,175
U.A.U.HEMANTHA,National,German,0773528624,"G-5, niwasipura, kotugoda",N-1735,upulhem@gmail.com,Valid till 31st December 2027,http://srilanka.travel//image/cache/no_profile_image-235x145.jpg,175
Search for a Tour Guide,,All Languages Arabic Chinese Dutch English French German Greek Hebrew Hindi Hungarian Italian Japanese Korean Mandarian Russian Spanish Swedish Tamil Thai Urdu Search,,,,,,http://www.srilanka.travel/images/theames-new/covidimg.png,175
Tour Guides,,,,,,,,http://www.srilanka.travel/images/theames-new/covidimg.png,175
KUMARA RANJAN WIJESEKARA,National,English,0776312822,"No:812/1, wewegedara, kirimetiyawa",N-1737,ranjanwk@gmail.com,Valid till 31st December 2027,image/tourist_guides/U050050000003309134095.jpg,176
HENADEERA ASANKA PRIYADARSHANA GUNASEKARA,National,Japanese,"0777179236 Address No:115/12a, mangala mawatha, ihala karagahamuna, kadawatha Registration No N-1739 Email uplnanayakkara@yahoo.com Validity status of licence: Valid till 31st December 2027","No:182/b/1, kirillawala, kadawatha",N-1738,asanka.first@gmail.com,Valid till 31st December 2027,http://srilanka.travel//image/cache/no_profile_image-235x145.jpg,176
UPUL RANJITH NERTHASINGHEGE NANAYAKKARA,National,English,0777179236,"No:115/12a, mangala mawatha, ihala karagahamuna, kadawatha",N-1739,uplnanayakkara@yahoo.com,Valid till 31st December 2027,http://srilanka.travel//image/cache/no_profile_image-235x145.jpg,176
CHAMITH HETTIARACHCHI,National,Korean,0770349283,"No:178/7, jaya mawatha, athurugiriya",N-1740,chamithhetti@gmail.com,Valid till 31st December 2027,image/tourist_guides/U050050000003303133101.jpg,176
SANATH HEMANTHA ALWIS WEERASINGHE,National,Japanese,0772659594,"No. 8/ b , palagama. polgasowita,palagama, polgasowita.,",N-1741,sanath.weera75@gmail.com,Valid till 31st December 2027,http://srilanka.travel//image/cache/no_profile_image-235x145.jpg,176
MERENGHA SANJIKA HENGST MENDIS,National,Dutch,0773753530,"No:127, mowbray road, mahakanda, hindagala, peradeniya",N-1742,Sanjika@hengst.org,Valid till 31st December 2027,http://srilanka.travel//image/cache/no_profile_image-235x145.jpg,176
G.D.B.A.S. GURUSINGHE,National,Russian,0776123633,"No:10/5, haritha uyana, hiripitiya, pannipitiya",N-1743,akilaguru10@gmail.com,Valid till 31st December 2027,image/tourist_guides/U050050000003291126729.jpg,176
HETTIYA KANDAGE CHAMINDA RANGANA FERNANDO,National,French,0756710646,"No:15, kawudupalalla, matale",N-1744,ranganaflor@gmail.com,Valid till 31st December 2027,image/tourist_guides/U050050000003296126688.jpg,176
Search for a Tour Guide,,All Languages Arabic Chinese Dutch English French German Greek Hebrew Hindi Hungarian Italian Japanese Korean Mandarian Russian Spanish Swedish Tamil Thai Urdu Search,,,,,,http://www.srilanka.travel/images/theames-new/covidimg.png,176
Tour Guides,,,,,,,,http://www.srilanka.travel/images/theames-new/covidimg.png,176
HALUWADANA HEWAGE CHANDRA CHUDAMANIE MALIYARATNE,National,Japanese,0766220123,"No:106, denagamuwa, polgahawela",N-1745,chandra.lk.jp@gmail.com,Valid till 31st December 2027,image/tourist_guides/U050050000003292128180.jpg,177
H.A.U.N.PERERA,National,Italian,0777485463,"No:229, 1st lane, warellawatta, yakkala",N-1746,pinkcatlanka@yahoo.com,Valid till 31st December 2027,image/tourist_guides/U050050000003301129965.jpg,177
HERATH MUDIYANSELAGE AMILA KRISHANTHA NIMALRATHNE,National,Chinese,0771161734,"No:176, polaththawa, sigiriya",N-1747,amila19925@gmail.com,Valid till 31st December 2027,http://srilanka.travel//image/cache/no_profile_image-235x145.jpg,177
HERATH MUDIYANSELAGE LAHIRU MADUSANKA HERATH,National,Chinese,0778217501,"No:233/1, kalapuraya, sigiriya",N-1748,sigiri.madu@gmail.com,Valid till 31st December 2028,image/tourist_guides/U050050000003312133123.jpg,177
K.C. MADUSHANKA ABREW,National,Russian,0763191859,"""wasana villa"", pitiyagoda, kosgoda",N-1750,chanukaabrew@gmail.com,Valid till 31st December 2027,image/tourist_guides/U050050000003288127288.jpg,177
URULETHOTA MUDIYANSELAGE INDIKA PRASANNA HERATH,National,Spanish,0718925212,"No:26/9, kalinga ela, polonnaruwa",N-1753,iprasanna3389@gmail.com,Valid till 31st December 2027,image/tourist_guides/U050050000003299129953.jpg,177
ARANGALAGE DON KAVINDU DINENDRA ARANGALA,National,Chinese,0712352228,"No:23, wekanda road, homagama",N-1754,aVtkaVi21@gmail.com,Valid till 31st December 2027,image/tourist_guides/U050050000003284131712.jpg,177
DON SANDEEP SAMEERA DHANAPALA,National,Greek,0718742898,"56/46,blue mountain paradise,dewalapola",N-1752,Sandeep.sameera7@gmail.com,Valid till 31st December 2027,image/tourist_guides/U050050000003325134107.jpg,177
Search for a Tour Guide,,All Languages Arabic Chinese Dutch English French German Greek Hebrew Hindi Hungarian Italian Japanese Korean Mandarian Russian Spanish Swedish Tamil Thai Urdu Search,,,,,,http://www.srilanka.travel/images/theames-new/covidimg.png,177
Tour Guides,,,,,,,,http://www.srilanka.travel/images/theames-new/covidimg.png,177
KALUPERUMA NISHAL CHANDIKA DE SILVA,National,German,0771121771,"Panorama no.68,maradana road,beruwala",N-1757,nishalchandika@yahoo.com,Valid till 31st December 2027,http://srilanka.travel//image/cache/no_profile_image-235x145.jpg,178
MERENGHA SURANJEEWA MENDIS,National,Dutch,0777891549,"No:81, mistygroove, wariyagala, nillamba, peradeniya",N-1758,Suranjeewamendis@gmail.com,Valid till 31st December 2027,image/tourist_guides/U050050000003334133121.jpg,178
ABEYSINGHE LIYANA ARACHCHIGE DHANANJA,National,Chinese,0778873503,"No:401/d, ranmuthugala, temple rd, kirillawala, kadawatha",N-1759,dhananjaya0512@gmail.com,Valid till 31st December 2027,image/tourist_guides/U050050000003322133044.jpg,178
HETTI ARACHCHIGE NILANTHA LAKMAL HETTI ARACHCHI,National,Hindi,0771591833,"Allipallama, madahapola, melsiripura",N-1760,nilanthalakmal517@Gmail.com,Valid till 31st December 2027,http://srilanka.travel//image/cache/no_profile_image-235x145.jpg,178
LOLITHA MADHAWA KUKULE NAWARATNE,National,Hindi,0752996019,"No:132/6, j.e. gunasekara mw, colombo-10",N-1766,lamikindira@gmail.com,Valid till 31st December 2026,image/tourist_guides/U050050000003289126412.jpg,178
MANOJ ARAVINDA SALPAGE,National,Arabic,0717718211,"No:63/9, town council road, elpitiya",N-1762,manojsalpage@gmail.com,Valid till 31st December 2027,image/tourist_guides/U050050000003319478086.jpg,178
RATHNAYAKA MUDIYANSELAGE MAHESH SANJEEWA,National,English,0773775544,"No:229, 1st lane, sisilsewana, siyabalagoda, polgasowita",N-1763,maheshsanjeewa7712@gmail.com,Valid till 31st December 2027,http://srilanka.travel//image/cache/no_profile_image-235x145.jpg,178
DINAYADURA ARUNA UDDIKA DE SILVA,National,German,0718284157,"No:26/a, station road, hettimulla, beruwala",N-1764,Arunalulanka1@gmail.com,Valid till 31st December 2027,http://srilanka.travel//image/cache/no_profile_image-235x145.jpg,178
Search for a Tour Guide,,All Languages Arabic Chinese Dutch English French German Greek Hebrew Hindi Hungarian Italian Japanese Korean Mandarian Russian Spanish Swedish Tamil Thai Urdu Search,,,,,,http://www.srilanka.travel/images/theames-new/covidimg.png,178
Tour Guides,,,,,,,,http://www.srilanka.travel/images/theames-new/covidimg.png,178
M.W.D.M.BANDARA,National,"English, French",0714763169,"'mapa sewana'', airport road, gnanikulama, anuradhapura",N-1768,wasanthamapa2023@gmail.com,Valid till 31st December 2027,image/tourist_guides/U050050000003320128172.jpg,179
MUTHUGALA PATHIRANAGE ROHAN PRADEEP KUMARA,National,Chinese,0719198267,"No 430,nawathalwaththa,alawwa",N-1769,rohanmuthugala@gmail.com,Valid till 31st December 2027,image/tourist_guides/U050050000003331127549.jpg,179
K.D HARSHA MADUSANKA GUNATHILAKA,National,"English, Chinese",0719035528,"No:443, quarry road, polpitimukalana, kandana",N-1771,Harshamadusanka9@gmail.com,Valid till 31st December 2026,image/tourist_guides/U050050000003330134077.jpg,179
A.K.DEVINDA PREMATHILAKA,National,"English, Spanish",0771933128,"""mali villa"", helbodagama, katukithula",N-1773,devindamax@gmail.com,Valid till 31st December 2027,image/tourist_guides/U050050000003341127298.jpg,179
A.M. NANDA KUMARA ATTANAYAKE,National,Hindi,0718106749,"No:203, wevelduwa, kelaniya",N-0877,nandaattanayaka17@gmail.com,Valid till 31st December 2027,http://srilanka.travel//image/cache/no_profile_image-235x145.jpg,179
UDUGAMAGE CHAMARA LAKMAL,National,"English, Chinese",0774708128,"No:32/5, kumarathunga mw, hulandawa, monaragala",N-1774,nataliachenforyou@gmail.com,Valid till 31st December 2027,http://srilanka.travel//image/cache/no_profile_image-235x145.jpg,179
W.W.S.R.FERNANDO,Chauffeur,Italian,0777474271,"No. 22.9, 1st lane,warellawatta,yakkala",C - 1552,shanakaruk@yahoo.com,Valid till 31st December 2027,http://srilanka.travel//image/cache/no_profile_image-235x145.jpg,179
VITHANAGE CHAMINDA PERERA,Chauffeur,English,0777298946,"Sama mawatha, mudugamuwa, ruwanwella",C-1553,chamindaskt@gmail.com,Valid till 31st December 2027,image/tourist_guides/U050050000003387473623.jpg,179
Search for a Tour Guide,,All Languages Arabic Chinese Dutch English French German Greek Hebrew Hindi Hungarian Italian Japanese Korean Mandarian Russian Spanish Swedish Tamil Thai Urdu Search,,,,,,http://www.srilanka.travel/images/theames-new/covidimg.png,179
Tour Guides,,,,,,,,http://www.srilanka.travel/images/theames-new/covidimg.png,179
ANURA SHANTHA,Chauffeur,Italian,0775031550,"248,new road,dompe.",C-1556,anura123milano@yahoo.it,Valid till 31st December 2027,http://srilanka.travel//image/cache/no_profile_image-235x145.jpg,180
MUDALIGE NUWAN DILUSHA PERERA,Chauffeur,Hindi,0714868351,"218/a, pattinigoda,dope,bentota,elpitiya road,bentota",C-1554,nuwan81mudalige@gmail.com,Valid till 31st December 2027,image/tourist_guides/U050050000003375473409.jpg,180
HISHANTHA GUNASIRI BANDARA,Chauffeur,English,0718017131,"Kudumulla rd,kapuwarala,alawwa",C-1557,hishanthabandara70@gmail.com,Valid till 31st December 2027,image/tourist_guides/U050050000003379475794.jpg,180
A.G.S.WARNAKULASURIYA,Chauffeur,English,0773399212,"Yongawatta,nalawana,kananke.,,weligama",C-1561,Sumith90619@gmail.com,Valid till 31st December 2027,image/tourist_guides/U050050000003378474467.JPG,180
LIYANA MUDIYANSELAGE SUREN WIJAYASINGHE,Chauffeur,English,0718606123,"124,sirimangala road,makola south",C-1562,Wijesinghesuren@gmail.com,Valid till 31st December 2027,image/tourist_guides/U050050000003402475995.jpg,180
THARINDU MADUSHAN JAYAWICKRAMA,Chauffeur,"Chinese Tel 0725468035 Address 182/b/1,kambiadiya, panawala,eheliyagoda Registration No C-1565 Email Mahinda385@gmail.com Validity status of licence: Valid till 31st December 2027",0777666136,"289/10d,wakwella road,galle",C-1567,jaycool777666136gmail.com,Valid till 31st December 2027,image/tourist_guides/U050050000003401475899.jpg,180
W. G. MAHINDA KUMARA,Chauffeur,Chinese,0725468035,"182/b/1,kambiadiya, panawala,eheliyagoda",C-1565,Mahinda385@gmail.com,Valid till 31st December 2027,image/tourist_guides/U050050000003395475954.jpg,180
R. CHAMEERA DILANKA,Chauffeur,,0756481740,"Akadige watta,,yalagama,,induruwa.",C-1563,chamiraranchagoda@gmail.com,Valid till 31st December 2027,image/tourist_guides/U050050000003365475973.jpeg,180
Search for a Tour Guide,,All Languages Arabic Chinese Dutch English French German Greek Hebrew Hindi Hungarian Italian Japanese Korean Mandarian Russian Spanish Swedish Tamil Thai Urdu Search,,,,,,http://www.srilanka.travel/images/theames-new/covidimg.png,180
Tour Guides,,,,,,,,http://www.srilanka.travel/images/theames-new/covidimg.png,180
HETTIYADURAGE BENNET NILANTHA PRASANNE FERNANDO,Chauffeur,English,0773357498,"No 101/4,lanka matha mawatha,mahabage ragama",C-1566,fernando.nilantha@yahoo.com,Valid till 31st December 2027,image/tourist_guides/U050050000003374473754.jpg,181
DALATH CHAMATH BUDDHIKA MENDIS,Chauffeur,English,0703229988,"63/a gamage watta,bope,padukka",C-1568,chamathtourguide@gmail.com,Valid till 31st December 2027,image/tourist_guides/U050050000003381476538.jpg,181
NISHANTHA JAYASOORIYA,Chauffeur,"English Tel 0719122773 Address 456/1, mangala mawatha, ranmuthugala, kadawatha Registration No C-1577 Email isuru.rd@gmail.com Validity status of licence: Valid till 31st December 2027",0774665512,"279/1,nelumwila road,dalathura,ja-ela",C-1575,Nishanthajaya232@gmail.com,Valid till 31st December 2027,image/tourist_guides/U050050000003392474832.jpg,181
ISURU RASANJANA DISSANAYAKE,Chauffeur,English,0719122773,"456/1, mangala mawatha, ranmuthugala, kadawatha",C-1577,isuru.rd@gmail.com,Valid till 31st December 2027,image/tourist_guides/U050050000003391476020.jpg,181
DISSANAYAKE GAMAGE ROSHAN,Chauffeur,,0765638686,"47/1,katugasthara,gampaha",C-1572,roshandissa23@gmail.com,Valid till 31st December 2027,image/tourist_guides/U050050000003412475696.jpg,181
UGGALBODA GAMARALALAGE THARANGA SANDARUWAN GAMAGE,Chauffeur,,0763229430,"Ambagahalanda, madahapola",C-1573,gamage963@gmail.com,Valid till 31st December 2027,image/tourist_guides/U050050000003388476319.jpg,181
K. B. RAYAN FERNANDO,Chauffeur,"English Tel 0772955856 Address 157/2,randalumw,raddoluwa,kotugoda,gampha Registration No C-1578 Email hewawasam52@gmail.com Validity status of licence: Valid till 31st December 2027",0778404670,"K.b rayan fernando , holly cross , horagolla , marawila .",C-1574,brenilrayan@yahoo.com,Valid till 31st December 2027,image/tourist_guides/U050050000003397475718.jpg,181
NIRMAL CHANDIKA UDUMULLAGE HEWAWASAM,Chauffeur,English,0772955856,"157/2,randalumw,raddoluwa,kotugoda,gampha",C-1578,hewawasam52@gmail.com,Valid till 31st December 2027,image/tourist_guides/U050050000003396475952.jpg,181
Search for a Tour Guide,,All Languages Arabic Chinese Dutch English French German Greek Hebrew Hindi Hungarian Italian Japanese Korean Mandarian Russian Spanish Swedish Tamil Thai Urdu Search,,,,,,http://www.srilanka.travel/images/theames-new/covidimg.png,181
Tour Guides,,,,,,,,http://www.srilanka.travel/images/theames-new/covidimg.png,181
NAGA KANKANAMGE CHAMINDA DE SILVA,Chauffeur,German,0777269990,"No.134/b/3,dewala road, makuluduwa,piliyandala",C-1579,nkchaminda@yahoo.com,Valid till 31st December 2027,image/tourist_guides/U050050000003400475935.jpg,182
DON SAMAN PREMANTHA KALUARACHCHI,Chauffeur,"English Tel 0771612796 Address No. 06a,maddawatta,halthota. Registration No C-1580 Email kuruppuac@gmail.com Validity status of licence: Valid till 31st December 2026",0777615278,"No:11/a,4th lane, jambugasmulla mawatha, nugegoda",C-0629,dspkaluarachchi@gmail.com,Valid till 31st December 2027,image/tourist_guides/U050050000003420473825.jpg,182
AMILA CHANDRANATH KURUPPU,Chauffeur,English,0771612796,"No. 06a,maddawatta,halthota.",C-1580,kuruppuac@gmail.com,Valid till 31st December 2026,image/tourist_guides/U050050000003404475868.jpg,182
DON MALITH NISHANTHA MALADENI PATHIRANA,Chauffeur,,0776764409,"No 222,,miriswatta,  demanhandiya,negombo",C-1584,malith.pathirana22@gmail.com,Valid till 31st December 2027,image/tourist_guides/U050050000003410475590.jpg,182
D.M. DAMMIKA DISSANAYAKA,Chauffeur,,0777995578,"37/1,randeniya road,mahakeliya, wariyapola",C-1583,dmdammika.777@gmail.com,Valid till 31st December 2027,image/tourist_guides/U050050000003393476239.jpg,182
S.S.BOPEARACHCHI,Chauffeur,,0779675794,"533/2,wijayamawatha,pulluhena,pamunugama",C-1586,ssbopearachchi123@gmail.com,Valid till 31st December 2027,image/tourist_guides/U050050000003389476005.jpeg,182
G.W. RUKSHAN,Chauffeur,,0715302388,"96, victoria estate, ii stage, ilimba,horana",C-1591,rukshangw@gmail.com,Valid till 31st December 2027,http://srilanka.travel//image/cache/no_profile_image-235x145.jpg,182
PATHUM CHAMPIKE BANDARA,Chauffeur,,0767960668,"No,a 51/2,bopitiya,(sabaraa)warakapola.",C-1587,champiokpc@gmail.com,Valid till 31st December 2027,image/tourist_guides/U050050000003414475546.jpg,182
Search for a Tour Guide,,All Languages Arabic Chinese Dutch English French German Greek Hebrew Hindi Hungarian Italian Japanese Korean Mandarian Russian Spanish Swedish Tamil Thai Urdu Search,,,,,,http://www.srilanka.travel/images/theames-new/covidimg.png,182
Tour Guides,,,,,,,,http://www.srilanka.travel/images/theames-new/covidimg.png,182
K.S.S. LIYANARACHCHI,Chauffeur,"Russian Tel 0702660944 Address Aruna sewana, andagala, weuda Registration No N-1778 Email arunamoscow@gmail.com Validity status of licence: Valid till 31st December 2027",0713136586,"'darshani',thotakanaththa, haburugala,bentota",C-1588,kshanaka228@gmail.com,Valid till 31st December 2027,image/tourist_guides/U050050000003418475972.jpg,183
WEUDAYALAGEDARA ARUNA SHANTHA KUMARA GUNARATHNA,National,Russian,0702660944,"Aruna sewana, andagala, weuda",N-1778,arunamoscow@gmail.com,Valid till 31st December 2027,image/tourist_guides/U050050000003343126753.jpg,183
MORAGALLE CHANDRA KUMARA WEERAKOON,Chauffeur,"English, Japanese Tel 0776091921 Address No:335/a, japamala mw, andiambalama Registration No N-1779 Email shevini.ent@gmail.com Validity status of licence: Valid till 31st December 2027",0770816122,"No.9b, samagi mawatha,kawdana road,dehiwala",C-1589,chandraweerakoon61@gmail.com,Valid till 31st December 2027,image/tourist_guides/U050050000003427476224.jpg,183
THAMMITAGE NIHAL NIROSHAN PERERA,National,"English, Japanese",0776091921,"No:335/a, japamala mw, andiambalama",N-1779,shevini.ent@gmail.com,Valid till 31st December 2027,image/tourist_guides/U050050000003452133839.jpg,183
S.A.C.THUSHARA,National,"English, Russian",0779612234,"No,122/h, indrajothi mw, thanthirimulla, panadura",N-1800,thusharachamila@yahoo.com,Valid till 31st December 2027,http://srilanka.travel//image/cache/no_profile_image-235x145.jpg,183
PATHUM NILANKA YASAARACHCHI,National,"English, Chinese",0755696006,"No:70/e, sri shasanajothi rd, mount lavinia",N-1781,Pathum4000@gmail.com,Valid till 31st December 2027,http://srilanka.travel//image/cache/no_profile_image-235x145.jpg,183
SAMMUWAHANDI ARUNA WEERASENA SILVA,National,Italian,0771927521,"No.390,divlapitiya road, thimbirigaskatuwa,,negombo",N-1780,arunasilVa74@yahoo.com,Valid till 31st December 2027,http://srilanka.travel//image/cache/no_profile_image-235x145.jpg,183
NISSANKA BHAGYA PASSENADI DE SILVA,National,Italian,0779023628,"No:242/a, thimbirigaskatuwa, negombo",N-1784,bhagya.desilVa@yahoo.com,Valid till 31st December 2027,image/tourist_guides/U050050000003456478065.jpg,183
Search for a Tour Guide,,All Languages Arabic Chinese Dutch English French German Greek Hebrew Hindi Hungarian Italian Japanese Korean Mandarian Russian Spanish Swedish Tamil Thai Urdu Search,,,,,,http://www.srilanka.travel/images/theames-new/covidimg.png,183
Tour Guides,,,,,,,,http://www.srilanka.travel/images/theames-new/covidimg.png,183
SATHKULARATHNA NANAYAKKARA HENDRAVITHARNA KASUN CHANDRA,National,Italian,0777480543,"No:23/2, wadumulla, wathugedara, ambalangoda",N-1802,Kasunchandra@hotmail.com,Valid till 31st December 2027,http://srilanka.travel//image/cache/no_profile_image-235x145.jpg,184
S.K.P.N. DE SILVA,National,"English, French",0713142212,"No:91, mudungoda, hurigaswewa",N-1803,skpnissanka@gmail.com,Valid till 31st December 2027,image/tourist_guides/U050050000003473476572.jpg,184
WEHERAGODA KAPUARACHCHIGE LAKSHAN PERERA,National,Hindi,0777875797,"No:123/1/b, temple road, maharagama",N-1792,wkluckyperera@gmail.com,Valid till 31st December 2027,image/tourist_guides/U050050000003477137173.jpg,184
WARNAKULASURIYA NIMANTHA SITHARA KOSHILA PEIRIS,National,"English, Italian",0778093748,"No 25/3/b, st. antony's road,palangatura west,kochchikade",N-1783,sitharamilano@gmail.com,Valid till 31st December 2027,image/tourist_guides/U050050000003470133115.jpg,184
KOTTAGAHA NILLE PRABHASH KUMARA,National,Russian,0778337099,"No:109/13, fife road, thimbirigasyaya, colombo-05",N-1782,Prabhashsene@gmail.com,Valid till 31st December 2027,image/tourist_guides/U050050000003448133957.jpg,184
M.K.S.U.KUMARA,National,Japanese,0777551787,"No:137/1, kinigama, buthpitiya",N-1787,mallikasanath03@gmail.com,Valid till 31st December 2027,image/tourist_guides/U050050000003474129980.jpg,184
K. SALIYA BODIRAJA,National,French,0776929382,"345,negombo road,peliyagoda",N-1786,saliyafernando30@gmail.com,Valid till 31st December 2027,http://srilanka.travel//image/cache/no_profile_image-235x145.jpg,184
M.ARUM PRAGASH,National,"French, Hindi",0719112565,"No:41/63, vihara road, suduhumpola, kandy",N-1806,arun_pragash06@yahoo.com,Valid till 31st December 2027,image/tourist_guides/U050050000003488133099.jpg,184
Search for a Tour Guide,,All Languages Arabic Chinese Dutch English French German Greek Hebrew Hindi Hungarian Italian Japanese Korean Mandarian Russian Spanish Swedish Tamil Thai Urdu Search,,,,,,http://www.srilanka.travel/images/theames-new/covidimg.png,184
Tour Guides,,,,,,,,http://www.srilanka.travel/images/theames-new/covidimg.png,184
METHTHASINGHE ARACHCHIGE DANANJA NIROSHAN,National,"English, Japanese",0775150177,"No:50/c, ponnankanniya, kakkapalliya",N-1804,dnmeththasinghe@gmail.com,Valid till 31st December 2027,image/tourist_guides/U050050000003482126720.jpg,185
H.H. NADEESH KUMARA,National,"English, Hindi, Tamil",0779200450,"""kumara"", kirinda, puhulwella, mathara",N-1805,Sales@ntoursrilanka.com,Valid till 31st December 2027,image/tourist_guides/U050050000003451133127.jpg,185
SAYAKKARA MUHANDIRAMGE THARUSHA IMALKA,National,Chinese,0775851176,"No:54/a, temples lane, kaluwella, galle",N-1797,t.imalka96@gmail.com,Valid till 31st December 2027,http://srilanka.travel//image/cache/no_profile_image-235x145.jpg,185
MADAWANAGE FEBREEN DELREEN THUSHARA FERNANDO,National,"English, Italian",0773308383,"No:31/36, st.annes road, kurana, negombo",N-1789,thusharafdo21@gmail.com,Valid till 31st December 2027,image/tourist_guides/U050050000003471133004.jpg,185
NUWARA PASSAGE SANJEEWA DESHAPRIYA,National,Hindi,0777218248,"No:43/13/1/1, st. joseph street, colombo 14",N-1795,npsanjeewa@yahoo.com,Valid till 31st December 2027,http://srilanka.travel//image/cache/no_profile_image-235x145.jpg,185
SUDASINGHE CHATHURA SANDARUWAN SUDASINGHE,National,Chinese,0773567100,"No:10/o/2/153, miriswatta, kotugoda",N-1788,chathurasandaruwan@gmail.com,Valid till 31st December 2027,image/tourist_guides/U050050000003449133838.jpg,185
HEWA DEWA PRADEEP SANDARUWAN,National,"English, Korean",0774747866,"No:374/b, randola vihara mw, borakanda, karandeniya",N-1790,sandha1218@gmail.com,Valid till 31st December 2027,image/tourist_guides/U050050000003450133074.jpg,185
J.A. CHANDANA NIHAL SRIYANTHA SAMARASINGHE,National,"English, Japanese",0772436030,"No:111, batagama church rd, rilaulla, kandana",N-1814,chandu9932c@gmail.com,Valid till 31st December 2027,image/tourist_guides/U050050000003465135780.jpg,185
Search for a Tour Guide,,All Languages Arabic Chinese Dutch English French German Greek Hebrew Hindi Hungarian Italian Japanese Korean Mandarian Russian Spanish Swedish Tamil Thai Urdu Search,,,,,,http://www.srilanka.travel/images/theames-new/covidimg.png,185
Tour Guides,,,,,,,,http://www.srilanka.travel/images/theames-new/covidimg.png,185
J.P.A.JAYALATH,National,"English, Chinese",0722814513,"No:457/2, eriyambha, narammala",N-1813,jayalath22@icloud.com,Valid till 31st December 2027,http://srilanka.travel//image/cache/no_profile_image-235x145.jpg,186
PADUKKAGE DON NISHAN WIJEGUNAWARANA,National,"English, Japanese",0718179295,"No:254/3, halpita, polgasowita",N-1810,dishna1969@gmail.com,Valid till 31st December 2027,image/tourist_guides/U050050000003494135788.jpg,186
H.D. LAKSHAN PRIYADARA SIRIMANNA,National,Hindi,0777817452,"No:89/200, panvila terrace, kalutara south",N-1811,lakshan81.sirimanna@gmail.com,Valid till 31st December 2027,image/tourist_guides/U050050000003481134112.jpg,186
G.S. SANDARUWAN PERERA,National,Spanish,0777345595,"No:182/5, kannimahara, wathurugama",N-1812,supun.jaVa@gmail.com,Valid till 31st December 2027,image/tourist_guides/U050050000003461130620.jpg,186
LIYANAGE DON JUDE NILANGA SURAJ NANAYAKKARA,National,Italian,0763789536,"No:469/c, kadalawala, uswetakeiyawa",N-1796,nilangananayakkara1@gmail.com,Valid till 31st December 2027,http://srilanka.travel//image/cache/no_profile_image-235x145.jpg,186
DAPANA DURAGE RANGANA MATHIW WEERARATHNA,National,"English, Japanese, Chinese",0776000670,"294 a, sandamali, ihalawatta, galagama, nakulugamuwa",N-1791,ranganamathiw@yahoo.com,Valid till 31st December 2026,image/tourist_guides/U050050000003478129923.jpg,186
ASITHA GAYAN SAMPATH JAYASEKARA PATHIRANAGE,National,French,0777894124,"No:457/a/17, mahara, nugegoda, kadawatha",N-1808,asithapathiranage@gmail.com,Valid till 31st December 2027,image/tourist_guides/U050050000003487133935.jpg,186
KODITHUWAKKU KANKANAMGE SARATH WASANTHA,National,,0777934369,"No:328/2, rathuwatta, badipara, thotagoda, akmeemana",N-1818,Kodithuwakku87@gmail.com,Valid till 31st December 2027,image/tourist_guides/U050050000003475133086.jpg,186
Search for a Tour Guide,,All Languages Arabic Chinese Dutch English French German Greek Hebrew Hindi Hungarian Italian Japanese Korean Mandarian Russian Spanish Swedish Tamil Thai Urdu Search,,,,,,http://www.srilanka.travel/images/theames-new/covidimg.png,186
Tour Guides,,,,,,,,http://www.srilanka.travel/images/theames-new/covidimg.png,186
K.K.L.LAKMAL,Chauffeur,English,0763336665,"'blossoms', no.249, dope, bentota",C-1592,lasithakumarasinghe@gmail.com,Valid till 31st December 2027,image/tourist_guides/U050050000003542476317.jpg,187
H.M.RAVINDRA HERATH,Chauffeur,Japanese,0772658159,"516a,polpitimukalana,kandana",C-1594,ravi.kanko@gmail.com,Valid till 31st December 2027,image/tourist_guides/U050050000003553476159.jpg,187
DEV-SENEVI CHITHRARATNA VITHANAGE,National,Russian,0763363048,"No:246/a/3, weligampitiya, pokunuvita",N-1819,devsvit66@gmail.com,Valid till 31st December 2027,http://srilanka.travel//image/cache/no_profile_image-235x145.jpg,187
D.M.B.W. RUSIRU ANUSHKA BULATHWATTA,National,"Japanese, Chinese Tel 0702830618 Address No:160/6, alvltigala mawatha, siddamulla, piliyandala Registration No N-1821 Email dndilkasun@gmail.com Validity status of licence: Valid till 31st December 2027",0771189006,"Thambilideniya, mahawela, matale",N-1820,rusiruanushka@gmail.com,Valid till 31st December 2027,http://srilanka.travel//image/cache/no_profile_image-235x145.jpg,187
GANGA DILHANI HEWAMANAGE,National,"Japanese, Chinese",0702830618,"No:160/6, alvltigala mawatha, siddamulla, piliyandala",N-1821,dndilkasun@gmail.com,Valid till 31st December 2027,http://srilanka.travel//image/cache/no_profile_image-235x145.jpg,187
C.S.S.A.K.CHANDRARATHNA,National,Chinese,0774462008,"No:07, kalinga rd, polhengoda, colombo-05",N-1823,sujiasi12345@gmail.com,Valid till 31st December 2027,image/tourist_guides/U050050000003459129924.jpg,187
UDUWE VIDANELAGE THARAKA MADUSHAN PERERA,Chauffeur,English,0777449844,"42 saint sebestian road,mahahunupitiya,negombo",C-1600,tharaka.madushan@gmail.com,Valid till 31st December 2026,image/tourist_guides/U050050000003527476183.jpg,187
MOHAMED FIHAM,Chauffeur,English,0716225522,"61/5,,zaviya road,dharga town",C-1598,ffiham@gmail.com,Valid till 31st December 2027,image/tourist_guides/U050050000003581475213.jpg,187
Search for a Tour Guide,,All Languages Arabic Chinese Dutch English French German Greek Hebrew Hindi Hungarian Italian Japanese Korean Mandarian Russian Spanish Swedish Tamil Thai Urdu Search,,,,,,http://www.srilanka.travel/images/theames-new/covidimg.png,187
Tour Guides,,,,,,,,http://www.srilanka.travel/images/theames-new/covidimg.png,187
SUDATH SIRIMEWAN HAPUGODA,Chauffeur,English,0777471173,"No. 11/12,dhammananda mw,,walana, panadura.",C-1607,sudath_hapug@yahoo.co.uk,Valid till 31st December 2027,http://srilanka.travel//image/cache/no_profile_image-235x145.jpg,188
BOKARAGODA CHAMARA SAMPATH GAMAGE,Chauffeur,"English, Korean",0774938566,"20e ,olympus park ,andurathwila,poddala,galle",C-1601,smileislelk@gmail.com,Valid till 31st December 2027,image/tourist_guides/U050050000003559476174.jpg,188
UMANGE ISHANTHA SILVA,Chauffeur,German,0777144064,"No 117, galle road,pohaddaramulla,wadduwa",C-1604,uishansilva@gmail.com,Valid till 31st December 2027,image/tourist_guides/U050050000003540473766.jpg,188
M.D.IRESH DODANGODA,Chauffeur,"English, Spanish",0712380685,"Galwaduwagama junction, thambuttegama rd, eppawala",C-1605,ireshd@gmail.com,Valid till 31st December 2027,image/tourist_guides/U050050000003535473479.jpeg,188
W.H.NIHAL DE SILVA,Chauffeur,English,0776435672,"18/b, mayura mawatha, bellanwila, boralesgamuwa.,,",C-1608,desilva_nihal@ymail.com,Valid till 31st December 2027,image/tourist_guides/U050050000003567475652.jpg,188
T S M A FERNANDO,Chauffeur,Hindi,0776518850,"401,nelumpitiya,,thibirigaskatuwa",C-1609,Sisira.f10@gmail.com,Valid till 31st December 2027,image/tourist_guides/U050050000003548474387.jpg,188
N.D.K.I.WEERASINGHE,Chauffeur,English,0776754845,"No.20 ,,sangamith mawatha,panadura",C-1611,dkumudu68@gmail.com,Valid till 31st December 2027,image/tourist_guides/U050050000003595475115.jpg,188
WEWELDENIYAGE MARIAN SUJITH FERNANDO,Chauffeur,"English, Arabic",0717115826,"No 558/6,boundary road,welihena, kochchikade",C-1612,sujithfernando5678@gmail.com,Valid till 31st December 2027,image/tourist_guides/U050050000003578474119.jpeg,188
Search for a Tour Guide,,All Languages Arabic Chinese Dutch English French German Greek Hebrew Hindi Hungarian Italian Japanese Korean Mandarian Russian Spanish Swedish Tamil Thai Urdu Search,,,,,,http://www.srilanka.travel/images/theames-new/covidimg.png,188
Tour Guides,,,,,,,,http://www.srilanka.travel/images/theames-new/covidimg.png,188
D.N. ALUTHWATTA,Chauffeur,English,0777587186,"163/103,,wickramasinghe mawatha,,kegalle",C-1613,nihalaluthtours@gmail.com,Valid till 31st December 2027,image/tourist_guides/U050050000003558475628.jpeg,189
T.D.HARSHA PERERA,Chauffeur,English,0773914455,"137/b nelum place,pahala biyanwila,kadawatha",C-1615,tdharsha8025@gmail.com,Valid till 31st December 2027,http://srilanka.travel//image/cache/no_profile_image-235x145.jpg,189
S D P H THILAKARATHNA,Chauffeur,"English, Arabic",0776410488,"158/3b,bandarawatta road, mallawapitiya,kurunegala",C-1616,Prabath.thilakarathna@yahoo.com,Valid till 31st December 2027,image/tourist_guides/U050050000003561475721.jpg,189
NAKANDALAGE DON UDARA MADUBASHAKA WEERASINGHE,National,"English, Italian",0771099590,"No:648/5, nugadeniya rd, thalangama, battaramulla",N-1824,udaradon@yahoo.com,Valid till 31st December 2027,image/tourist_guides/U050050000003515133128.jpg,189
SANJAY JAYAWARDENA,Chauffeur,English,0763836100,"No:12/01, st. patrick road, molligoda, wadduwa",C-1619,san972001@yahoo.com,Valid till 31st December 2027,image/tourist_guides/U050050000003575473329.jpg,189
WARNAKULASURIYA RANJAN FERNANDO,Chauffeur,English,0773285938,"169/6,st.john's garden,palagathure east,kochchikade",C-1620,ranjancps@yahoo.com,Valid till 31st December 2027,image/tourist_guides/U050050000003591475793.jpg,189
CHANDIKA PRASAD APPUHAMY,Chauffeur,Greek,0723129397,"132/4 athgala,kochchikade",C-1621,Chandika19821014@gmail.com,Valid till 31st December 2027,image/tourist_guides/U050050000003547475901.jpg,189
GONNAGE  SHIWANTHA DINESH LIVERA,Chauffeur,Italian,0773458370,"157/d/17/2,pasal mawata,halpita polgasowita",C-1617,shiwanthaliVera@gmail.com,Valid till 31st December 2027,image/tourist_guides/U050050000003587473365.jpg,189
Search for a Tour Guide,,All Languages Arabic Chinese Dutch English French German Greek Hebrew Hindi Hungarian Italian Japanese Korean Mandarian Russian Spanish Swedish Tamil Thai Urdu Search,,,,,,http://www.srilanka.travel/images/theames-new/covidimg.png,189
Tour Guides,,,,,,,,http://www.srilanka.travel/images/theames-new/covidimg.png,189
T. M. KITHSIRI TENNAKOON,Chauffeur,English,0718252223,"Kadurugahamadiththa,ranjanagama,kurunegala",C-1618,kithsiri@outlook.com,Valid till 31st December 2027,image/tourist_guides/U050050000003533476192.jpg,190
I. M. T. KUMARA,Chauffeur,English,0776503903,"No:17/1, nelum mw, attidiya, dehiwala",C-1629,tissa1966@hotmail.com,Valid till 31st December 2027,image/tourist_guides/U050050000003576473352.jpg,190
MOHAMED YOOSUF NAJVY HASSAN,Chauffeur,English,0773528144,"24,a.r mohamed mawa,dharga own",C-1630,najvihassan@yahoo.com,Valid till 31st December 2027,image/tourist_guides/U050050000003560475736.jpeg,190
B. ONEIL JOSEPH PERERA,Chauffeur,English,0776104047,"212 e, sandun mawatha,minuwangoda road,udugampola",C-1631,oneiljoe@hotmail.com,Valid till 31st December 2027,image/tourist_guides/U050050000003590475127.jpg,190
LOKUARACHCHIGE DON KANISHKA SANJEEWA,National,Russian,0760331282,"No:148/2, matiyalamulla, payagala",N-1825,ldkanishka8@gmail.com,Valid till 31st December 2026,http://srilanka.travel//image/cache/no_profile_image-235x145.jpg,190
M.T.M.W.DILSHAN SENEVIRATHNE,Chauffeur,English,0778495314,"80 /6 / a,pahala karagahamuna,kadawatha",C-1622,mtmwdsenevirathne@gmail.com,Valid till 31st December 2027,image/tourist_guides/U050050000003466475116.jpg,190
R.M. HIRAN KOSHALA RATHNAYAKE,Chauffeur,English,0772330405,"No:165/f, kekulangoda, gampaha",C-1623,contact@genuinesrilankans.com,Valid till 31st December 2027,image/tourist_guides/U050050000003541473633.jpeg,190
GAYAN KOSALA FERNANDO NELLAN,Chauffeur,English,0773440566,"29,guruarchchige watta, ethgala,katana",C-1633,Gayankosala49@gmail.com,Valid till 31st December 2027,image/tourist_guides/U050050000003416476324.jpg,190
Search for a Tour Guide,,All Languages Arabic Chinese Dutch English French German Greek Hebrew Hindi Hungarian Italian Japanese Korean Mandarian Russian Spanish Swedish Tamil Thai Urdu Search,,,,,,http://www.srilanka.travel/images/theames-new/covidimg.png,190
Tour Guides,,,,,,,,http://www.srilanka.travel/images/theames-new/covidimg.png,190
G.M. VIRAJ DHANUSHKA GUNARATHNA,Chauffeur,English,0778118146,"No.229/1, school lane, rathmaldeniya rd, arawwala, pannipitiya",C-1634,amakara2006@gmail.com,Valid till 31st December 2027,image/tourist_guides/U050050000003551476099.JPG,191
KANISHKA SAMPATH SIRIMANNA,Chauffeur,English,0716346363,"No 175/b,kommala,bentota",C-1635,kanishkasirimanna@gmail.com,Valid till 31st December 2027,image/tourist_guides/U050050000003546475969.jpg,191
J. K. DILIP RANGANA WIMALARTHNA,Chauffeur,Chinese,0777227997,"Wilgamuwa,wennaruwa,alawwa",C-1637,journeywithphotographer@gmail.com,Valid till 31st December 2027,image/tourist_guides/U050050000003583476534.jpg,191
S P A C KUMARASINGHA,Chauffeur,Japanese,0771150510,"Wewalagama,kumbukwewa,",C-1638,ajithchandana34@gmail.com,Valid till 31st December 2027,image/tourist_guides/U050050000003569475884.jpg,191
MAHAPPUNAYAKA SUMANGALA GUNARATHNA,Chauffeur,German,779747900,"19/b,millagahawaththa,padagoda.,beruwala.",C-1639,suma69513@gmail.com,Valid till 31st December 2027,image/tourist_guides/U050050000003610476541.jpeg,191
MARASINGHE MUDIYANSELAGE SAMEERA SAMPATH,Chauffeur,Japanese,0775749891,"No/ 249/3,kaduwela road,malabe",C-1645,sameera.sam82@yahoo.com,Valid till 31st December 2027,image/tourist_guides/U050050000003584475867.jpg,191
N.S.N.PRADEEP,National,Chinese,0715726263,"No:116/f/7, siyanepura, pananwala rd, nittambuwa",N-1826,sameeranp@icloud.com,Valid till 31st December 2027,http://srilanka.travel//image/cache/no_profile_image-235x145.jpg,191
CHIRANTH BANDARA DASANAYAKE,Chauffeur,English,0714347295,"407/15,samagi mawatha, udahamulla,nugegoda",C-1640,chiranth78lk@gmail.com,Valid till 31st December 2027,image/tourist_guides/U050050000003594473396.jpg,191
Search for a Tour Guide,,All Languages Arabic Chinese Dutch English French German Greek Hebrew Hindi Hungarian Italian Japanese Korean Mandarian Russian Spanish Swedish Tamil Thai Urdu Search,,,,,,http://www.srilanka.travel/images/theames-new/covidimg.png,191
Tour Guides,,,,,,,,http://www.srilanka.travel/images/theames-new/covidimg.png,191
R.A.D.P.RANASINGHE,Chauffeur,English,0773787699,"No.340/29,spring field city,melwatta,phalabadalawa,,marspotha",C-1641,tropicaltours99@gmail.com,Valid till 31st December 2027,image/tourist_guides/U050050000003608475744.jpg,192
PALAWENI ARACHCHIGE HARSHA GAYAL PERERA,Chauffeur,"English, Italian",0778451429,"962/a,rampitiya road,ragama",C-1642,harshaperera1978@gmail.com,Valid till 31st December 2027,image/tourist_guides/U050050000003574476189.jpg,192
A.H.ROHAN JANAKA,Chauffeur,French,0771538948,"22/9,mawilmada road,kandy",C-1644,rhnjanaka@gmail.com,Valid till 31st December 2027,http://srilanka.travel//image/cache/no_profile_image-235x145.jpg,192
AHANGAMA WALAWEGE SANATH CHANDRATHILAKA,Chauffeur,English,0772808937,"81/1,,wariyagoda,,alawwa.",C-1647,sanathahangama82@gmail.com,Valid till 31st December 2027,image/tourist_guides/U050050000003612476438.jpg,192
DISSANAYAKAGE CHANAKA AMARASINGHE,Chauffeur,English,0779768866,"91/01,,robert gunawardhane mawatta, kirulapone,,colombo-06.",C-1648,chanaka68@gmail.com,Valid till 31st December 2027,image/tourist_guides/U050050000003616474154.jpg,192
ALANKARA DEWAGE PRASAD AMILA SHAMINDA,Chauffeur,"English, Hindi",0774672081,"No:218/a/2, kehelella south, hunumulla",C-1651,amilashaminda5@gmail.com,Valid till 31st December 2027,image/tourist_guides/U050050000003609476148.JPG,192
M.R.D. BANDARA,Chauffeur,English,0778125296,"Jayasri,nilwakka,kegalle",C-1652,jdb123.lk@gmail.com,Valid till 31st December 2027,image/tourist_guides/U050050000003571475902.jpg,192
MADURANGA SIRINANDIKA DIYATH GANNORUWA,Chauffeur,English,0718450981,"No 72a, gannoruwa,peradeniya,kandy",C-1653,diyath26@yahoo.com,Valid till 31st December 2027,http://srilanka.travel//image/cache/no_profile_image-235x145.jpg,192
Search for a Tour Guide,,All Languages Arabic Chinese Dutch English French German Greek Hebrew Hindi Hungarian Italian Japanese Korean Mandarian Russian Spanish Swedish Tamil Thai Urdu Search,,,,,,http://www.srilanka.travel/images/theames-new/covidimg.png,192
Tour Guides,,,,,,,,http://www.srilanka.travel/images/theames-new/covidimg.png,192
RASIKA SURANGA LAKMAL SARUWE LIYANAGE,Chauffeur,English,0774280859,"260,p. s. perera mawatha,mampe, piliyandala",C-1654,rslakmal@gmail.com,Valid till 31st December 2027,image/tourist_guides/U050050000003600475688.jpg,193
LIYANAGE DON ANTON SRIMAL NANAYAKKARA,Chauffeur,English,0717410120,"344/b,kadalawala,uswetakeiyawa",C-1655,srimal.nanayakkara@gmail.com,Valid till 31st December 2027,image/tourist_guides/U050050000003602475903.jpeg,193
DIHAN NADEESHA,Chauffeur,Italian,0763200610,"No:421/1, williyamgopallawa mw, kandy",C-1658,d_nadeesha@yahoo.com,Valid till 31st December 2027,image/tourist_guides/U050050000003521473319.jpg,193
KIRINDAGE SUPUN DHANUSHKA PEIRIS,Chauffeur,English,0719206668,"No:111/12b, sri soratha mw, gangodawila, nugegoda",C-1660,suppa456.peiris@gmail.com,Valid till 31st December 2027,image/tourist_guides/U050050000003572473485.jpg,193
W.P.K.J DHARMASENA,Chauffeur,English,0777938929,"No.147, pettigala road,bombuwa,balangoda",C-1661,wpkjanaka@gmail.com,Valid till 31st December 2027,image/tourist_guides/U050050000003630476499.jpg,193
INDUNIL UDAYAKANTHA BALASURIYA,Chauffeur,English,0779309111,"15/1,parakrama road,gampaha",C-1662,ibalasuriya2@gmail.com,Valid till 31st December 2027,image/tourist_guides/U050050000003628474600.jpg,193
R A M P DANAPALA,National,English,0777321761,"Sumaga mawatha, nabeta, melsiripura",N-1827,priyankaramanjula@gmail.com,Valid till 31st December 2027,image/tourist_guides/U050050000003525131701.jpg,193
NUWAN SAMPATH JAYATHILAKA,Chauffeur,English,0715464299,"No 5 jayamahal,uyanwatta, wewagedra,wariyapola",C-1663,nuwan.njp1@gmail.com,Valid till 31st December 2027,image/tourist_guides/U050050000003618474355.jpg,193
Search for a Tour Guide,,All Languages Arabic Chinese Dutch English French German Greek Hebrew Hindi Hungarian Italian Japanese Korean Mandarian Russian Spanish Swedish Tamil Thai Urdu Search,,,,,,http://www.srilanka.travel/images/theames-new/covidimg.png,193
Tour Guides,,,,,,,,http://www.srilanka.travel/images/theames-new/covidimg.png,193
AM DASANAYAKA,Chauffeur,English,0718143739,"No 235 ,udaratasandalla, haragama ,gurudeniya , kandy,gurudeniya,kandy",C-1666,manjuladasanayaka8@gmail.com,Valid till 31st December 2027,image/tourist_guides/U050050000003607475732.jpg,194
KORALE  ARACHCHIGE  LISHAN  RAJINDRA  ABEYGUNAWARDANA,Chauffeur,English,0776258924,"235 ,campus road,rattanapitiya,boralesgamuwa",C-1667,rabittson@gmail.com,Valid till 31st December 2027,image/tourist_guides/U050050000003611474829.jpg,194
SAMARAWICKRAMA  SUNNADENIYAGE HEMANTHA,Chauffeur,"English, Korean",0777661903,"102/6,kalinga mawatha ,polhengoda,colombo 05",C-1670,hematours1969@gmail.com,Valid till 31st December 2027,image/tourist_guides/U050050000003589475932.jpg,194
K.P.S.K.SILVA,Chauffeur,English,0777341588,"No:134/3 , pradeepa,parakum mawaththa,nagoda , kalutara",C-1668,priyanthakaluperuma@yahoo.com,Valid till 31st December 2027,image/tourist_guides/U050050000003632475754.jpg,194
R.P.D. NISHANTHA RAJAPAKSHA,Chauffeur,English,0712188712,"120,henegama,(western province)",C-1669,nishantharajapaksha50@gmail.com,Valid till 31st December 2027,image/tourist_guides/U050050000003620475161.jpg,194
BUDDHIKA CHATHURA BASNAYAKA,Chauffeur,English,0712368899,"No:33, kebellewa, heelogama, nikaweratiya",C-1673,chathura.b.c@gmail.com,Valid till 31st December 2027,image/tourist_guides/U050050000003625473761.jpg,194
S.A. INDIKA ANURADHA,Chauffeur,"English, Japanese",0772068999,"Elibichchiya,elibichchiya,",C-1674,indikaanuradha21@gmail.com,Valid till 31st December 2027,image/tourist_guides/U050050000003640476096.jpg,194
RANIL SALINDA WIJESINGHE,Chauffeur,English,0779406778,"Wijaya,,moraketiara,nakulugamuwa",C-1675,wrsalinda@gmail.com,Valid till 31st December 2027,http://srilanka.travel//image/cache/no_profile_image-235x145.jpg,194
Search for a Tour Guide,,All Languages Arabic Chinese Dutch English French German Greek Hebrew Hindi Hungarian Italian Japanese Korean Mandarian Russian Spanish Swedish Tamil Thai Urdu Search,,,,,,http://www.srilanka.travel/images/theames-new/covidimg.png,194
Tour Guides,,,,,,,,http://www.srilanka.travel/images/theames-new/covidimg.png,194
SACHITHRA MADUSHAN SENEVIRATHNE,Chauffeur,English,0767410372,"Madushan,mahaiyawa,morathiha,kurunegala",C-1677,Sachithramadushan@yahoo.com,Valid till 31st December 2027,http://srilanka.travel//image/cache/no_profile_image-235x145.jpg,195
SHIWANTHA WIJESOORIYA,Chauffeur,English,0769965475,"278/5,kadanhena , kaballagoda,horana",C-1678,wmswijesooriya@gmail.com,Valid till 31st December 2027,image/tourist_guides/U050050000003648475983.jpg,195
WEERAWARNA KURUKULASOORIYA BOOSABADHUGE SURESH PIETER RANIL FERNANDO,Chauffeur,English,0716323338,"'graceton',nainamadama east,nainamadama",C-1681,pieterfdo@gmail.com,Valid till 31st December 2027,http://srilanka.travel//image/cache/no_profile_image-235x145.jpg,195
THEWARASIGE JAYAMEVAN PRANEETH FERNANDO,Chauffeur,"English, Italian",0772246598,"103,galle road valana,panadura",C-1682,jayamevan82@gmail.com,Valid till 31st December 2027,image/tourist_guides/U050050000003643474151.jpg,195
THARINDU LAKMAL LIYANAGE,Chauffeur,English,0777041818,"No:455/19, daham mw, meegoda",C-1685,guidethari@gmail.com,Valid till 31st December 2027,image/tourist_guides/U050050000003661476301.jpg,195
W.M ASELA SRI WIJAYANGA,Chauffeur,English,0774957740,"No 56, galwala landa, padiyatalawa,,padiyatalawa",C-1686,sriwijayanga@gmail.com,Valid till 31st December 2027,image/tourist_guides/U050050000003629475733.jpg,195
KARIYAWASAM MAJUWANA GAMAGE DON WINODAN DIAS,Chauffeur,English,0773707809,"No 04,polkandavila temple road, kalegana,galle",C-1687,Winodan.dias@gmail.com,Valid till 31st December 2027,image/tourist_guides/U050050000003666476152.jpeg,195
ILLANGHANTHILAKE MUDIYANSELAHE DUMINDA SUKITHA BANDARA SENEVIRATNE,National,"English, Hindi",0771045086,"No:40/a, thotagamuwa, palapathwela, matale",N-1835,sukidumi@gmail.com,Valid till 31st December 2027,image/tourist_guides/U050050000003701127701.jpg,195
Search for a Tour Guide,,All Languages Arabic Chinese Dutch English French German Greek Hebrew Hindi Hungarian Italian Japanese Korean Mandarian Russian Spanish Swedish Tamil Thai Urdu Search,,,,,,http://www.srilanka.travel/images/theames-new/covidimg.png,195
Tour Guides,,,,,,,,http://www.srilanka.travel/images/theames-new/covidimg.png,195
MOHAMED ZUHDHI BISTHAMY,National,English,0777323554,"No:150, 1/1, hospital road, kalubovila",N-1833,mzbisthamy@gmail.com,Valid till 31st December 2027,http://srilanka.travel//image/cache/no_profile_image-235x145.jpg,196
DONALD JAYANANDA ATHUKORALA,National,English,0713279851,"No55/1b.,kawdana broadway,dehiwala",N-1834,dockkontgl@gmail.com,Valid till 31st December 2027,image/tourist_guides/U050050000003708127698.jpg,196
R.M.G.K. GUNATHILAKE,Chauffeur,English,0773777763,"230/14a,,delgahawatta, pamunuwa road,maharagama",C-1689,kamalg.gunathilake@gmail.com,Valid till 31st December 2027,image/tourist_guides/U050050000003667476275.jpg,196
LIYANAGE LAKSIRI KAMAL DESHAPRIYA FERNANDO,National,English,0717890970,"No:27, ananda balika mawatha, pitakotte",N-1844,laksirikfernando@gmail.com,Valid till 31st December 2027,image/tourist_guides/U050050000003712128003.jpg,196
KINGSLEY ABEYWICKRAMA,National,English,0773339996,"No:63, ranaviru mawatha, liyanagemulla, seeduwa",N-1838,inttraVellers@gmail.com,Valid till 31st December 2027,http://srilanka.travel//image/cache/no_profile_image-235x145.jpg,196
W.P. SUDESH KRISHANTHA,National,English,0764006847,"No:156, aluthgoda, tangalle",N-1839,sudeshwijeweera02@gmail.com,Valid till 31st December 2027,image/tourist_guides/U050050000003707127739.jpg,196
SIDATH MAHENDRA WANAGURU,National,English,0718317900,"No:530/27, dharshana place, thalangama north, battaramulla",N-1840,sidath22@gmail.com,Valid till 31st December 2027,image/tourist_guides/U050050000003703127703.jpg,196
RUWANPURA SAJITH KAUMAL KUMARA,National,English,0776272804,"No:55, piyagama, kosgoda",N-1841,Sajithruwanpura1@gmail.com,Valid till 31st December 2027,image/tourist_guides/U050050000003692130459.jpg,196
Search for a Tour Guide,,All Languages Arabic Chinese Dutch English French German Greek Hebrew Hindi Hungarian Italian Japanese Korean Mandarian Russian Spanish Swedish Tamil Thai Urdu Search,,,,,,http://www.srilanka.travel/images/theames-new/covidimg.png,196
Tour Guides,,,,,,,,http://www.srilanka.travel/images/theames-new/covidimg.png,196
UDAWATTAGE SUJEEWA SAMPATH GUNASINGHE,National,"English, Russian",0719952999,"No:469/3, piliyandala rd, arawwala, pannipitiya",N-1842,ugsujeewasampath@gmail.com,Valid till 31st December 2027,image/tourist_guides/U050050000003711127725.jpg,197
M .K. DHAMMIKA PRIYANTHA,National,"English, French",0773863659,"88/28, samindu lane,,mawittara,piliyandala",N-1843,dhammika.mkd@gmail.com,Valid till 31st December 2027,image/tourist_guides/U050050000003704127684.jpg,197
CHATHURA LAKMAL RATHUWADU,National,English,0712902390,"""chandhi"", mahawatta, hikkaduwa",N-1845,chathurarathuwadu@gmail.com,Valid till 31st December 2027,image/tourist_guides/U050050000003710128002.jpg,197
MOHAMED BUHARY MOHAMED ILHAM,National,English,0774656286,"No:302, sri wajiragnana mw, dematagoda, colombo-09",N-1846,Ilhambuhary@yahoo.com,Valid till 31st December 2027,image/tourist_guides/U050050000003706128042.jpg,197
MAPATUNAGE DON CHULANI LALITH,National,English,0777272723,"No:18/3/b, cashiya mawatha, rathmalana",N-1847,lalithmapatuna5@gmail.com,Valid till 31st December 2027,image/tourist_guides/U050050000003705128179.jpg,197
TUAN MIRON CADER,National,English,0776250260,"No:03, pink row, mattegoda",N-1850,miron6005@gmail.com,Valid till 31st December 2027,image/tourist_guides/U050050000003717127680.jpg,197
D.M.A.K.M.DISSANAYAKE,National,English,0718024967,"No:1/8-a, gemunu mawatha, dekatana",N-1851,asoka.dissanayaka@yahoo.com,Valid till 31st December 2027,image/tourist_guides/U050050000003700127734.jpg,197
KACHCHAKADUGE CHANNA INDIKA FERNANDO,National,English,0777415295,"No:71, lahuwala, raddoluwa, seeduwa",N-1848,fernandochanna01@gmail.com,Valid till 31st December 2027,http://srilanka.travel//image/cache/no_profile_image-235x145.jpg,197
Search for a Tour Guide,,All Languages Arabic Chinese Dutch English French German Greek Hebrew Hindi Hungarian Italian Japanese Korean Mandarian Russian Spanish Swedish Tamil Thai Urdu Search,,,,,,http://www.srilanka.travel/images/theames-new/covidimg.png,197
Tour Guides,,,,,,,,http://www.srilanka.travel/images/theames-new/covidimg.png,197
H.A.W.JAYAWARDANE,Chauffeur,English,0777269899,"No 183/1 , godagama, homagama.",C-1690,jayahaw888@gmail.com,Valid till 31st December 2027,image/tourist_guides/U050050000003714475904.jpg,198
H.D.U.R. DHARMAWANSHA,National,English,0778768818,"No:228/2, delgoda rd, gonahena, kadawatha",N-1852,udayadharma67@gmail.com,Valid till 31st December 2027,image/tourist_guides/U050050000003727127738.jpg,198
SACHIRA VIDUSHA WARNAKULASOORIYA,National,English,0765747524,"No:76, ihalagammadda, katugastota",N-1853,Sachira1991@gmail.com,Valid till 31st December 2027,image/tourist_guides/U050050000003719127730.jpg,198
DEHIWALAGE ROSHAN LASANTHA PERERA,National,English,0777306297,"No:174/7, magalegoda, veyangoda",N-1861,drlperera58@gmail.com,Valid till 31st December 2027,image/tourist_guides/U050050000003731127679.jpg,198
GALOLU KANKANAMALAGE GAYAN MADUSANKA SENARATHNA,National,English,0712663399,"No:14, seethawaka, awissawella",N-1862,gayanz220@gmail.com,Valid till 31st December 2027,image/tourist_guides/U050050000003724127719.jpg,198
WIJETHUNGA LOKUPITUMPAGE RUWAN NALAKA JAYARATHNE,National,English,0771726298,"No:154/c, mirisankotuwa south, lunuwila",N-1863,ruwanwlr@gmail.com,Valid till 31st December 2027,image/tourist_guides/U050050000003739127752.jpg,198
A.M.U.P ABEYKOON,National,English,0779835092,"No:31, pirisyala, abeypussa",N-1864,upulpushpa19@gmail.com,Valid till 31st December 2027,image/tourist_guides/U050050000003693127751.jpg,198
DINUKSH RASHMIKA ANTHONY,National,English,0777335054,"No:924/2, bogha junction, gothatuwa",N-1855,indimaran@yahoo.com,Valid till 31st December 2027,image/tourist_guides/U050050000003734127731.jpg,198
Search for a Tour Guide,,All Languages Arabic Chinese Dutch English French German Greek Hebrew Hindi Hungarian Italian Japanese Korean Mandarian Russian Spanish Swedish Tamil Thai Urdu Search,,,,,,http://www.srilanka.travel/images/theames-new/covidimg.png,198
Tour Guides,,,,,,,,http://www.srilanka.travel/images/theames-new/covidimg.png,198
R.M.J.B RATHNAYAKE,National,English,0777622372,"No-09, agalawatta road, matale.",N-1856,rathnayakejagath@ymail.com,Valid till 31st December 2027,image/tourist_guides/U050050000003721127732.jpg,199
W.M.R.K.WIJESINGHE,National,English,0778387834,"No:37/b, kalawana, minuwangoda",N-1857,ruchirakrishantha@gmail.com,Valid till 31st December 2027,http://srilanka.travel//image/cache/no_profile_image-235x145.jpg,199
PRAGATHI BALACHANDRA,National,English,0766658283,"240/17/b/01,kuruduwatta rd,bokundara, piliyandala",N-1859,pragathibalachandra@gmail.com,Valid till 31st December 2027,image/tourist_guides/U050050000003720127721.jpg,199
JAYALATH ARACHCHILAGE MILINDA RUWAN KUMARA,National,English,0772290620,"No:67, samagi mawatha, kaludewala, panadura",N-1860,Milindakumara123@gmail.com,Valid till 31st December 2027,http://srilanka.travel//image/cache/no_profile_image-235x145.jpg,199
UDUKALAGE DON SIRIKUMARA,National,English,0777529759,"No:37/2/2, sri sumangala road, rathmalana",N-1868,Sirikumara.Udukalage@gmail.com,Valid till 31st December 2027,image/tourist_guides/U050050000003742127743.jpg,199
D.D.G.S.A DE SILVA,National,English,0777872783,"No:88, milleniya estate, milleniya",N-1866,sdesilvaa123@gmail.com,Valid till 31st December 2027,image/tourist_guides/U050050000003716127713.jpg,199
KANDE VIDANALAGE PIYAL CHANDIMA,National,English,0718856500,"No:162/1/1, rathnapura road, avissawella",N-1871,kaVindupc2009@gmail.com,Valid till 31st December 2027,image/tourist_guides/U050050000003736127709.jpg,199
H.L.H. NIRMAL,National,English,0715442375,"No:06/790,galle road,molligoda, wadduwa",N-1872,nirmal.hashitha@yahoo.com,Valid till 31st December 2027,image/tourist_guides/U050050000003743127729.jpg,199
Search for a Tour Guide,,All Languages Arabic Chinese Dutch English French German Greek Hebrew Hindi Hungarian Italian Japanese Korean Mandarian Russian Spanish Swedish Tamil Thai Urdu Search,,,,,,http://www.srilanka.travel/images/theames-new/covidimg.png,199
Tour Guides,,,,,,,,http://www.srilanka.travel/images/theames-new/covidimg.png,199
DILAN RASIKA ABEYDEERA,National,English,0777318814,"Br 2/10, manning town housing scheme, matha rd, colombo-08",N-1873,aavinabeydeera@gmail.com,Valid till 31st December 2027,http://srilanka.travel//image/cache/no_profile_image-235x145.jpg,200
W.S. DE ZOYSA,National,English,0778821541,"No:119/17, model farm road, borella, colombo-08",N-1874,sathisdz@gmail.com,Valid till 31st December 2028,image/tourist_guides/U050050000003733127974.jpg,200
VASANTHA MUNIDASA GALAPITAGE,National,English,0776191405,"No:521, doolwala, halloluwa, kandy",N-1875,Vsth1212@gmail.com,Valid till 31st December 2027,image/tourist_guides/U050050000003745127955.jpg,200
MOHAMED SADIKEEN MOHAMED HARIS,National,English,0774416645,"No:233/11/a, kandy road, kahatapitiya, gampola",N-1877,haris6910@yahoo.com,Valid till 31st December 2027,image/tourist_guides/U050050000003751129228.jpg,200
MARAPPULIGE RAVINDRA KUMARA RATHNASEKARA,National,English,0773656039,"Kendagaha watta,,narawala, poddala,galle",N-1881,KumaraVigalle@yahoo.com,Valid till 31st December 2027,image/tourist_guides/U050050000003726127999.jpg,200
PIYUM THEJAN TANUKA DESIN RATHNAYAKE,National,Chinese,0771540280,"No:17/2, s.de.s.jayasinghe mw, kalubowila, dehiwala",N-1888,thejan.rathnayake7@gmail.com,Valid till 31st December 2027,image/tourist_guides/U050050000003762127984.jpg,200
MUDITHA PRADEEP WIJESINGHE,Chauffeur,English,0776617528,"27/e,yalagama,induruwa",C-1693,mudithapradeep@gmail.com,Valid till 31st December 2026,image/tourist_guides/U050050000003765476154.jpg,200
P.K. GAYAN CHANDIMA WIMALASOORIYA,National,Russian,0766064660,"No:24/3, sri saddhananda mawatha, weligama",N-1885,gayanc@mail.ru,Valid till 31st December 2027,image/tourist_guides/U050050000003768127956.jpg,200
Search for a Tour Guide,,All Languages Arabic Chinese Dutch English French German Greek Hebrew Hindi Hungarian Italian Japanese Korean Mandarian Russian Spanish Swedish Tamil Thai Urdu Search,,,,,,http://www.srilanka.travel/images/theames-new/covidimg.png,200
Tour Guides,,,,,,,,http://www.srilanka.travel/images/theames-new/covidimg.png,200
DALUGODA LIYANAGE DINUSHA GIHAN KULARATHNE,National,Chinese,0715655207,"No:52/6, liyanage road, dehiwela",N-1886,gihandinusha123@gmail.com,Valid till 31st December 2027,image/tourist_guides/U050050000003772127971.jpg,201
GAM HEWAGE DINUKA NIVIN,National,Chinese,0772052831,"No:28, bangalawa road, addumkelewatta, ahangama",N-1890,dinu.nivin@gmail.com,Valid till 31st December 2027,image/tourist_guides/U050050000003771127991.jpg,201
D.R.PRIYANTHA,National,Chinese,0761242519,"No:80, nalandarama road, pathiragoda, maharagama",N-1891,rohanshedi@gmail.com,Valid till 31st December 2027,image/tourist_guides/U050050000003775127975.jpg,201
THOTAHEWAGE NILUSH RASANGA SILVA,National,Chinese,0776076236,"No:2/4, galle road, hettimulla, beruwala",N-1892,nilu92.rasanga@gmail.com,Valid till 31st December 2027,image/tourist_guides/U050050000003770127977.jpg,201
B.M.L.K BANDARANAYAKE,National,,0774197929,"Alipallama, madahapola, kurunegala",N-1893,123lasantha@gmail.com,Valid till 31st December 2027,image/tourist_guides/U050050000003755127964.jpg,201
G.A. NADEESHA SHEHAN GAMAARACHCHI,National,"Chinese Tel 0779414834 Address No:34/2, yapalana, bokalagama Registration No N-1896 Email dhanushkadharmapriya@gmail.com Validity status of licence: Valid till 31st December 2027",0710776039,"No:206/7, ankelipitiya, thalatuoya",N-1895,Shehanindubai2022@gmail.com,Valid till 31st December 2026,image/tourist_guides/U050050000003791128117.jpg,201
MENIK PATHIRAJAGE DHANUSHKA DHARMAPRIYA,National,Chinese,0779414834,"No:34/2, yapalana, bokalagama",N-1896,dhanushkadharmapriya@gmail.com,Valid till 31st December 2027,image/tourist_guides/U050050000003784128087.jpg,201
HAGODA GAMAGE AMALI CHATHURANGANI,National,Chinese,0713850626,"No:128/4, namal uyana, kithulhena, mattegoda",N-1900,amalichathurangani90@gmail.com,Valid till 31st December 2027,image/tourist_guides/U050050000003787133058.jpg,201
Search for a Tour Guide,,All Languages Arabic Chinese Dutch English French German Greek Hebrew Hindi Hungarian Italian Japanese Korean Mandarian Russian Spanish Swedish Tamil Thai Urdu Search,,,,,,http://www.srilanka.travel/images/theames-new/covidimg.png,201
Tour Guides,,,,,,,,http://www.srilanka.travel/images/theames-new/covidimg.png,201
KURUPPU ACHCHILLAGE LAHIRU DILEEPANA KURUPPU,National,Chinese,0773203956,"No:68/10, ranmasuuyana, giriullagama, loluwagoda",N-1901,lahiru.dileepana@gmail.com,Valid till 31st December 2027,image/tourist_guides/U050050000003786128119.jpg,202
JAYAKODI ARACHCHILAGE SHASHIKA NUWAN PARINDA,National,"Chinese Tel 0774849020 Address No:152/16, mudaliwaththa, kadugannawa, kandy Registration No N-1903 Email chamara0109@gmail.com Validity status of licence: Valid till 31st December 2027",0771876844,"No:49, beligaswaththa, nalla, kithalawalana",N-1902,nuwanshashika4@gmail.com,Valid till 31st December 2027,image/tourist_guides/U050050000003792128122.jpg,202
STEVEN SUSANTHA CHAMARA,National,Chinese,0774849020,"No:152/16, mudaliwaththa, kadugannawa, kandy",N-1903,chamara0109@gmail.com,Valid till 31st December 2027,image/tourist_guides/U050050000003781128072.jpg,202
DISANAYAKA MUDIYANSELAGE MADHUSHAN CHATHURANGA DISSANAYAKE,National,Chinese,0776949630,"No:34, yapalana, bokalagama, mirigama",N-1906,madhushandisanayake@gmail.com,Valid till 31st December 2027,image/tourist_guides/U050050000003794128057.jpg,202
R.A.V.G. RANASINGHE,National,Chinese,0779372734,"Karuwalagahamula watta, thulhiriya, kurunegala rd, warakapola",N-1907,gayanranasinghe90@gmail.com,Valid till 31st December 2027,http://srilanka.travel//image/cache/no_profile_image-235x145.jpg,202
R.M. JAYAWICKRAMA SENARATHNA,National,Chinese,0715647365,"Bomaluwa watta, ganegoda, narammala",N-1908,jcjya12@yahoo.com,Valid till 31st December 2027,http://srilanka.travel//image/cache/no_profile_image-235x145.jpg,202
G.K.SANJAYA DILSHAN GAJANAYAKA,National,English,0766909440,"No:48, nagahakanda watta,nagarukkaramaya rd, kalegana, galle",N-1904,sanjayadilshan.dilshan@gmail.com,Valid till 31st December 2027,image/tourist_guides/U050050000003689128200.jpg,202
KARUNA PATHIRANNEHALAGE PRIYADARSHANA CHAMLI KUMARA KARUNAPATHIRANA,National,Chinese,0713331541,"No:254/b, aluthwatte, humbutiyawa, nittambuwa",N-1911,ckarunapathirana@gmail.com,Valid till 31st December 2027,image/tourist_guides/U050050000003793133836.jpg,202
Search for a Tour Guide,,All Languages Arabic Chinese Dutch English French German Greek Hebrew Hindi Hungarian Italian Japanese Korean Mandarian Russian Spanish Swedish Tamil Thai Urdu Search,,,,,,http://www.srilanka.travel/images/theames-new/covidimg.png,202
Tour Guides,,,,,,,,http://www.srilanka.travel/images/theames-new/covidimg.png,202
M. D. DILAN BUDDHIKA,National,French,0777694716,"No:303/a, batuwatta, ragama",N-1912,buddhika.dilan@gmail.com,Valid till 31st December 2027,image/tourist_guides/U050050000003759128127.jpg,203
MERVIN YAPA ABHAYAGOONAWARDANA,National,English,0777637007,"No:225, kodagoda, imaduwa",N-1909,abegunawardanamervin@gmail.com,Valid till 31st December 2027,image/tourist_guides/U050050000003756128064.jpg,203
MANNIKKAGE MANEL DANANJANI JAYARATNE,National,Chinese,0772146665,"No:702/b, tewatte road, ragama",N-1910,daamsgunaratne@gmail.com,Valid till 31st December 2027,image/tourist_guides/U050050000003779133956.jpg,203
RANHETTI GEDARA CHAMARA NUWAN BANDARA,National,"English, Chinese",0769163395,"No:28, nildiya uyana, palapathwala",N-1915,cn3147523@gmail.com,Valid till 31st December 2027,http://srilanka.travel//image/cache/no_profile_image-235x145.jpg,203
PONWEERA ARACHCHIGE DON JENET SHYAMALIE,National,Chinese,0773359985,"No:148/b, college lane, bopitiya, pamunugama",N-1916,haresh.jayamanne89@gmail.com,Valid till 31st December 2027,image/tourist_guides/U050050000003782128198.jpg,203
PRABHA MANJUSRI DHARMARATNE,National,English,0774942770,"No:03, mangala mawatha, sri subuthipura, battaramulla",N-1913,dasunika2000@gmail.com,Valid till 31st December 2027,image/tourist_guides/U050050000003783128193.jpg,203
D B KEERIYAWATTA,National,English,0766226525,"No:126/9, kurunduwatta rd, angunawala, peradeniya",N-1917,kdihan@gmail.com,Valid till 31st December 2027,image/tourist_guides/U050050000003799128201.jpg,203
HETTIARACHCHIGE SUGATH JOSEPH,Chauffeur,"English, Arabic",0773132350,"No.8, 1st lane,,gama meda road, thudella,,jaela",C-1692,joseph.thudella@gmail.com,Valid till 31st December 2027,image/tourist_guides/U050050000003627475693.jpeg,203
Search for a Tour Guide,,All Languages Arabic Chinese Dutch English French German Greek Hebrew Hindi Hungarian Italian Japanese Korean Mandarian Russian Spanish Swedish Tamil Thai Urdu Search,,,,,,http://www.srilanka.travel/images/theames-new/covidimg.png,203
Tour Guides,,,,,,,,http://www.srilanka.travel/images/theames-new/covidimg.png,203
N.W.H.P.A KUMARI,National,Chinese,0770722589,"No:76/1/d, d.a.ranasinghe mawatha, temple road, kottawa",N-1919,nanayakkaraanusha8899@gmail.com,Valid till 31st December 2027,image/tourist_guides/U050050000003804128099.jpg,204
WANASINGHE MUDIYANSELAGE YAMUNA SHANTHI WANASINGHE,National,Chinese,0716828296,"No:306, devala rd, batakaththara, madapatha",N-1920,yamunashanthi4@gmail.com,Valid till 31st December 2027,image/tourist_guides/U050050000003795128051.jpg,204
W.R. LAKDUSINGHE,National,Chinese,0717412250,"No:625, bandaranayaka road, veyangoda",N-1884,r.lakdusinghe@gmail.com,Valid till 31st December 2027,image/tourist_guides/U050050000003806476570.jpg,204
LOKUARACHCHIGE THARINDU MADUSANKA,National,Chinese,0764276380,"Sent vincent road, maggona",N-1921,lokuarachchi9@gmail.com,Valid till 31st December 2027,image/tourist_guides/U050050000003803128103.jpg,204
Y. M. KASUN  SAPUMAL BANDARA YAPA,National,"English, Chinese",0773588284,"Madawala, keppitiwalana, alawwa",N-1922,sapumalyapa23@gmail.com,Valid till 31st December 2027,image/tourist_guides/U050050000003796133125.jpg,204
KAKULAWALA JAYAWARDANA ARACHCHIGE GAMINI JAYAWARDANA,National,"Chinese Tel 0777301322 Address No:21/c/1, weediyawaththa, udugampola Registration No N-1927 Email kaushim887@gmail.com Validity status of licence: Valid till 31st December 2027",0777467433,"No:53/3/1, parakum place, pahalagama, gampaha",N-1925,gjayawardana59@gmail.com,Valid till 31st December 2027,image/tourist_guides/U050050000003805133038.jpg,204
NISHSHANKA ARACHCHILAGE KAUSHALYA MADUBHASHENI NISHSHANKA,National,Chinese,0777301322,"No:21/c/1, weediyawaththa, udugampola",N-1927,kaushim887@gmail.com,Valid till 31st December 2027,http://srilanka.travel//image/cache/no_profile_image-235x145.jpg,204
MALINDA PADMAL BANDARA EKANAYAKE,National,English,0767689688,"No:156/1/1, dharmashoka mawatha, kandy",N-1928,malindapb72@gmail.com,Valid till 31st December 2027,image/tourist_guides/U050050000003688129962.jpg,204
Search for a Tour Guide,,All Languages Arabic Chinese Dutch English French German Greek Hebrew Hindi Hungarian Italian Japanese Korean Mandarian Russian Spanish Swedish Tamil Thai Urdu Search,,,,,,http://www.srilanka.travel/images/theames-new/covidimg.png,204
Tour Guides,,,,,,,,http://www.srilanka.travel/images/theames-new/covidimg.png,204
SENARATH BANDARA SRIRATHNA UDURAWANA,National,English,0781250909,"No:56/1, udurawana, wattegama",N-1929,udurawanasbs@gmail.com,Valid till 31st December 2027,image/tourist_guides/U050050000003753133959.jpg,205
WEERAKKODIGE VIKUM RAVEENDRA ALWIS,Chauffeur,"English, Japanese",0773666784,"101,wanatha road ,maharagama",C-1695,Vikum.traVels@icloud.com,Valid till 31st December 2027,image/tourist_guides/U050050000003565475945.jpg,205
PRINCE GAYA GUNASEKARA,National,English,0773036666,"No:60/6, udyana mawatha, matara",N-1932,gaya.gunasekara@yahoo.com,Valid till 31st December 2027,image/tourist_guides/U050050000003821134079.jpg,205
U . L . I . RANASINGHE,National,"English, Japanese",0702791051,"Chandrani, no:428, uggalboda, horana road, kalutara",N-1930,liyanagei584@gmail.com,Valid till 31st December 2027,image/tourist_guides/U050050000003811129963.jpg,205
T. VINOJ KUMAR,National,"English, German",0777255993,"No:140/3, welipanna road, aluthgama",N-1934,vinojaiden@gmail.com,Valid till 31st December 2027,image/tourist_guides/U050050000003832134103.jpg,205
D.M. CYRIL DISSANAYAKE,National,French,0773685733,"No:53/2, arambepola, alawatugoda",N-1935,dissamudi@gmail.com,Valid till 31st December 2027,image/tourist_guides/U050050000003834134099.jpg,205
EMIL FERNANDO,National,English,0773468699,"No:133/c, jaya mawatha, mahahunupitiya, negombo",N-1937,emilfernando61@hotmail.com,Valid till 31st December 2027,image/tourist_guides/U050050000003829134094.jpg,205
K.Y.PASINDU JAYAMPATHI,National,Chinese,0716327369,"No:a/439, temple rd, maniyangama, avissawella",N-1939,chathuri941012@gmail.com,Valid till 31st December 2027,image/tourist_guides/U050050000003841135791.jpg,205
Search for a Tour Guide,,All Languages Arabic Chinese Dutch English French German Greek Hebrew Hindi Hungarian Italian Japanese Korean Mandarian Russian Spanish Swedish Tamil Thai Urdu Search,,,,,,http://www.srilanka.travel/images/theames-new/covidimg.png,205
Tour Guides,,,,,,,,http://www.srilanka.travel/images/theames-new/covidimg.png,205
B.G. SHELIE SILVA,National,English,0778164553,"Punchamala kanda, egodaduwa, kosgoda",N-1940,srilankahotsun21@gmail.com,Valid till 31st December 2027,image/tourist_guides/U050050000003815135778.jpg,206
ERANDI BUDDHIMA JAYARATHNA,Area,English,0714998141,"201/05,gadaladeniya,pilimathalawa,kandy",A-1351,buddhimadissanayake@gmail.com,Valid till 31st December 2027,image/tourist_guides/U050050000003843136989.jpg,206
D.W.S.DISSANAYAKE,National,"English, Russian",0771602826,"No:61/2, nilammahara rd, godigamuwa, maharagama",N-1944,notromfdo@gmail.com,Valid till 31st December 2027,http://srilanka.travel//image/cache/no_profile_image-235x145.jpg,206
K.D.S.MADHAWA GUNARATHNA,Chauffeur,"English, Hindi",0775595991,"Pahala pihimbiya , nagollagoda,kuliyapitiya",C-1699,kdsmadhawa@gmai.com,Valid till 31st December 2027,image/tourist_guides/U050050000003877473477.jpg,206
W. RUWAN PRADEEP SURENDRA DE SILVA,Chauffeur,"English, Hindi",0776368968,"311/a, galwehera,ahungalla.",C-1700,hcd.chathu@gmail.com,Valid till 31st December 2027,image/tourist_guides/U050050000003873475584.jpeg,206
DUNU ACHCHIGE ASITHA GUNAWARDANA,Chauffeur,Hindi,0706300744,"304/a,puwakpitiya,henegama",C-1703,asithagunawardanada@gmail.com,Valid till 31st December 2027,image/tourist_guides/U050050000003897475960.jpg,206
MEEDENIYAGE RANJITH KUMARASIRI,Chauffeur,"English, Spanish",0726017777,"1557/1/e, katukurunda, kottawa, pannipitiyya",C-1710,ranjithkumarasiri10@gmail.com,Valid till 31st December 2026,image/tourist_guides/U050050000003889473308.jpg,206
PALLEGE ROHITHA GUNASEKARA,Chauffeur,"English, Japanese",0779594773,"G 49,sri saranapala mawatha,  ambanpitiya,galigamuwa town.,kegalle",C-1704,rooyee4949@gmail.com,Valid till 31st December 2027,image/tourist_guides/U050050000003883474314.jpg,206
Search for a Tour Guide,,All Languages Arabic Chinese Dutch English French German Greek Hebrew Hindi Hungarian Italian Japanese Korean Mandarian Russian Spanish Swedish Tamil Thai Urdu Search,,,,,,http://www.srilanka.travel/images/theames-new/covidimg.png,206
Tour Guides,,,,,,,,http://www.srilanka.travel/images/theames-new/covidimg.png,206
A.M.A.P. ABESINGHE,Chauffeur,Japanese,0772358788,"No 79, thennakoonpura, kotawehera,nikaweratiya",C-1705,prageethabesinghe80@gmail.com,Valid till 31st December 2027,image/tourist_guides/U050050000003902476041.jpg,207
K.P.U.I. JAYATHILAKA,Chauffeur,French,0766512207,"345/1,indigollawaththa, humbuluwa,alawwa",C-1707,umeshiroshan@yahoo.com,Valid till 31st December 2027,image/tourist_guides/U050050000003876476223.jpg,207
WATTALAGE DAMMIKA SAMANTHA KUMARA FERNANDO,Chauffeur,Italian,0719023442,"No19 st.anne's road,3rd kurana,negombo",C-1708,dammikasdf@gmail.com,Valid till 31st December 2027,image/tourist_guides/U050050000003891475169.jpg,207
N.M.C ASANKA,Chauffeur,French,0771596976,"197/7a,maldeniya watta,pannipitiya",C-1709,davidchamila@gmail.com,Valid till 31st December 2027,image/tourist_guides/U050050000003893476315.jpg,207
WEERASIRIHEWAGE ANTON LALITH DEEPAL FERNANDO,Chauffeur,Italian,0775430914,"275/2, raja mawatha,divulapitiya road,thimbirigaskatuwa",C-1711,antonfernando637@gmail.com,Valid till 31st December 2027,image/tourist_guides/U050050000003880473811.jpg,207
S.K.N. RAVINDRANATH,Chauffeur,Italian,0777066217,"23b, new hospital road,pamunuwa ,maharagama",C-1717,nishanravindranath@gmail.com,Valid till 31st December 2027,image/tourist_guides/U050050000003874474243.jpg,207
J.M.M.UDAYA KUMARA,Chauffeur,"French, Greek",0773686216,"41/14,wekada road,rukmale,kottawa",C-1718,Jmmukumara@gmail.com,Valid till 31st December 2027,image/tourist_guides/U050050000003885476184.jpg,207
MANAKAGE THUSHARA SAJEEWAKA,Chauffeur,Japanese,0776751772,"1571/86/04 sirimalwatta 2,horahena road,kottawa",C-1713,manakagesaji@gmail.com,Valid till 31st December 2027,image/tourist_guides/U050050000003887473751.jpg,207
Search for a Tour Guide,,All Languages Arabic Chinese Dutch English French German Greek Hebrew Hindi Hungarian Italian Japanese Korean Mandarian Russian Spanish Swedish Tamil Thai Urdu Search,,,,,,http://www.srilanka.travel/images/theames-new/covidimg.png,207
Tour Guides,,,,,,,,http://www.srilanka.travel/images/theames-new/covidimg.png,207
WANNIARACHCHIGE DON KASUN CHAMIKARA WANNIARACHCHI,Chauffeur,Japanese,0718196980,"56/5,kurunegala road,chilaw",C-1714,Kasunwanniarachchi98@gmail.com,Valid till 31st December 2027,image/tourist_guides/U050050000003907476253.jpg,208
KURUKULASURIYA SHIYAM CHAMARA FERNANDO,Chauffeur,"English, Korean",0718202324,"No 66/e/01,,carmel estate.kadawala,,dunagaha",C-1715,shiyamchamara@yahoo.com,Valid till 31st December 2027,image/tourist_guides/U050050000003888474332.JPG,208
SUMITH LAKPRIYA KARUNADASA,Chauffeur,Japanese,0716236806,"216/14a, sisila garden,dehiwala road,maharagama",C-1721,sumith138@gmail.com,Valid till 31st December 2027,image/tourist_guides/U050050000003878476040.jpg,208
W.K.P.J.FERNANDO,Chauffeur,"English, Russian",0703424650,"384a,kappittawatta road. kalaeliya,jaela",C-1722,fpradeep50@gmail.com,Valid till 31st December 2027,image/tourist_guides/U050050000003886476468.jpg,208
SAMARASINGHE PATHIRANAGE RUWAN PERERA,Chauffeur,Japanese,0776680790,"No:1062, maeliya, ja-ela",C-1723,ruwanjanali@gmail.com,Valid till 31st December 2027,image/tourist_guides/U050050000003905476322.jpeg,208
B.M.S.H.K.MOONAMALE,Chauffeur,Japanese,0772571900,"11/1,udugama , kalugamuwa,kurunegala",C-1724,shirankuru@gmail.com,Valid till 31st December 2027,image/tourist_guides/U050050000003901476314.jpg,208
ANJAMPOLAGE THARUKA CHAMAL SURANGA,Chauffeur,Japanese,0777517605,"842,thunthota,dummalasuriya",C-1720,chamal0910@gmail.com,Valid till 31st December 2027,image/tourist_guides/U050050000003890474367.jpg,208
BALASOORIYA ARACHCHIGE  THANUJA RUWINDA BALASOORIYA,Chauffeur,Italian,0778799167,"53/184,keenagahalanda watta,kalagedihena",C-1725,ruvindabs@gmail.com,Valid till 31st December 2027,image/tourist_guides/U050050000003882475981.jpg,208
Search for a Tour Guide,,All Languages Arabic Chinese Dutch English French German Greek Hebrew Hindi Hungarian Italian Japanese Korean Mandarian Russian Spanish Swedish Tamil Thai Urdu Search,,,,,,http://www.srilanka.travel/images/theames-new/covidimg.png,208
Tour Guides,,,,,,,,http://www.srilanka.travel/images/theames-new/covidimg.png,208
W.G GIMANTHA INDRA KUMARA,Chauffeur,Arabic,0777664988,"No.33,sandalankawa,sandalankawa",C-1727,welgamageg@gmail.com,Valid till 31st December 2027,image/tourist_guides/U050050000003895476098.jpg,209
W.E. DHARMAPRIYA,Chauffeur,"English, Hindi",0777043468,"No 170/a,kehelella south, hunumulla",C-1728,wedharmapriya2@gmail.com,Valid till 31st December 2027,image/tourist_guides/U050050000003903476503.jpg,209
K.T. RUVIN CHINTHAKA PERERA,Chauffeur,Japanese,0770652465,"No.480/ 43,palliya watta,weliweriya",C-1726,chinthakaruwin123@gmail.com,Valid till 31st December 2027,image/tourist_guides/U050050000003871476249.jpg,209
A.T.PRASHAN THILAKA,Chauffeur,Japanese,0774908008,"60/q/6,lumbini garden dalugama,kelaniya",C-1730,atp.thilakaamadoru72@gmail.com,Valid till 31st December 2027,image/tourist_guides/U050050000003908475957.jpg,209
M.S.M. FERNANDO,Chauffeur,"English, Italian",0717585685,Pe/10 pattayamwatta road.kimbulapitiya,C-1732,Shantha.flymax@gmail.com,Valid till 31st December 2027,image/tourist_guides/U050050000003898475557.jpg,209
CHALANA  SANDARU LIYANAGE,Chauffeur,"English, Japanese",0717773099,"123/10,kidagammulla,gampaha",C-1733,chalanasandaru63@gmail.com,Valid till 31st December 2027,image/tourist_guides/U050050000003879476262.jpg,209
JAYAWICKRAMA VIDANA PATHIRANALAGE IROSHAN PUSHPAKUMARA,Chauffeur,"English, Korean",0715521188,"Hangarapitiya, hatton",C-1734,jayawiiroshan@gmail.com,Valid till 31st December 2027,image/tourist_guides/U050050000003921473827.jpeg,209
MADAWA AYOSARA GALAGEDARA,National,English,0776353353,"No:215/5/a, hiribura road, weliwatta, galle",N-1948,madawagg@gmail.com,Valid till 31st December 2027,http://srilanka.travel//image/cache/no_profile_image-235x145.jpg,209
Search for a Tour Guide,,All Languages Arabic Chinese Dutch English French German Greek Hebrew Hindi Hungarian Italian Japanese Korean Mandarian Russian Spanish Swedish Tamil Thai Urdu Search,,,,,,http://www.srilanka.travel/images/theames-new/covidimg.png,209
Tour Guides,,,,,,,,http://www.srilanka.travel/images/theames-new/covidimg.png,209
E.M.S.K.EKANAYAKE,Area,English,0774850659,"285/6,montefano upper road, udagama, ampitiya,kandy",A-1358,shanthakekanayake@gmail.com,Valid till 31st December 2027,http://srilanka.travel//image/cache/no_profile_image-235x145.jpg,210
R.M.J. RATHNAYAKE,Area,English,0771622335,"29/37, ampitiya road,kandy.",A-1359,jratnayake31@gmail.com,Valid till 31st December 2027,http://srilanka.travel//image/cache/no_profile_image-235x145.jpg,210
N.G.S.M.NAWARATHNA,Chauffeur,"English, Hindi",0774229943,"348/a/4, adiyagara rd nilpanagoda,minuwangoda",C-1735,nawarathnasamuwel@gmail.com,Valid till 31st December 2027,image/tourist_guides/U050050000003892475938.jpg,210
M.S.U.K. PERERA,Chauffeur,German,0774312284,"No 85/8,pokuna road ,kerawalapitiya, hadala,wattala",C-1736,Sampathperera197305@gmail.com,Valid till 31st December 2027,http://srilanka.travel//image/cache/no_profile_image-235x145.jpg,210
UDAYA S.HETTIARACHCHI,National,Japanese,0716268513,"No:45/9/c, hickgahawatha rd, pepiliyana, boralasgamuwa",N-1950,udayahett1962@gmail.com,Valid till 31st December 2027,http://srilanka.travel//image/cache/no_profile_image-235x145.jpg,210
SAMANTHA KUMARA KARIYAWASAM,Area,English,075250016,"11/c,pathingiya,,katugasthota",A-1361,Samantha76KK@gmail.com,Valid till 31st December 2027,http://srilanka.travel//image/cache/no_profile_image-235x145.jpg,210
G.M.N.D.KARUNARATHNA,Area,English,713296576,"131,mount paradise,maligathanna,gurudeniya,",A-1362,nimantha646@gmail.com,Valid till 31st December 2027,http://srilanka.travel//image/cache/no_profile_image-235x145.jpg,210
S.A.DUMINDA,Area,English,0771742977,"217 b,araliya mwaraliya mw ovissa pujapitiya,kakandy",A-1372,duminda.senevi@gmail.com,Valid till 31st December 2027,http://srilanka.travel//image/cache/no_profile_image-235x145.jpg,210
Search for a Tour Guide,,All Languages Arabic Chinese Dutch English French German Greek Hebrew Hindi Hungarian Italian Japanese Korean Mandarian Russian Spanish Swedish Tamil Thai Urdu Search,,,,,,http://www.srilanka.travel/images/theames-new/covidimg.png,210
Tour Guides,,,,,,,,http://www.srilanka.travel/images/theames-new/covidimg.png,210
S.M.DULANJAN DEVINDA BANDARA SENEVIRATHNA,Area,English,0718075318,"No.71/92b, hewaheta rd, talwatta, kandy",A-1373,dula121@gmail.com,Valid till 31st December 2027,http://srilanka.travel//image/cache/no_profile_image-235x145.jpg,211
M.A.NISHANTHA,Area,English,0777076161,"B/116, mariyawatta, gampola",A-1375,nisantha.sri@gmail.com,Valid till 31st December 2027,http://srilanka.travel//image/cache/no_profile_image-235x145.jpg,211
JAGATH MAHENDRA RAJARATHNE,Area,English,0774663246,"No. 27, wasana kanda road, nawayalathenna, katugastota",A-1382,mahendre2007@gmail.com,Valid till 31st December 2026,http://srilanka.travel//image/cache/no_profile_image-235x145.jpg,211
U. S. E. WEIHENA,Area,English,0777801350,"71/12,,dodamwala passage, asgiriya,kandy",A-1367,udaya.shantha@yahoo.com,Valid till 31st December 2027,http://srilanka.travel//image/cache/no_profile_image-235x145.jpg,211
H.M.LAKSHITHA DAMITH BANDARA HERATH,Area,English,0776966453,"24/d, priya wasa, bolapa, kapuliyadda",A-1401,lakshithatravel2@gmail.com,Valid till 31st December 2027,http://srilanka.travel//image/cache/no_profile_image-235x145.jpg,211
E.L. JINASENA,Area,English,0776590822,"96, koobiyangoda, matale",A-1385,bimalkav25@gmail.com,Valid till 31st December 2027,http://srilanka.travel//image/cache/no_profile_image-235x145.jpg,211
T.D.NELUSHA CHRISTINE THANTHIRIMUDAY,Area,English,0771885313,"No.03, bothota, medawala",A-1389,nelu.tour@gmail.com,Valid till 31st December 2026,http://srilanka.travel//image/cache/no_profile_image-235x145.jpg,211
W.M.N.M.GUNARATHNE,Area,English,0777622785,"No 11,hewaheta road thalwatta,kandy",A-1416,sameeralankatour@gmail.com,Valid till 31st December 2027,http://srilanka.travel//image/cache/no_profile_image-235x145.jpg,211
Search for a Tour Guide,,All Languages Arabic Chinese Dutch English French German Greek Hebrew Hindi Hungarian Italian Japanese Korean Mandarian Russian Spanish Swedish Tamil Thai Urdu Search,,,,,,http://www.srilanka.travel/images/theames-new/covidimg.png,211
Tour Guides,,,,,,,,http://www.srilanka.travel/images/theames-new/covidimg.png,211
S.G.GAMINI SENARATH,Area,English,0717870860,"No 52,kurudugahamada,kulugammana",A-1418,gamini67725@gmail.com,Valid till 31st December 2027,http://srilanka.travel//image/cache/no_profile_image-235x145.jpg,212
DHANUKA NADEESHAN AMARAKOON,Area,English,0716442574,"246/a, walikanda, henawatta, waligalla, gampola,,gampola",A-1419,dnadeeshan55@gmail.com,Valid till 31st December 2027,http://srilanka.travel//image/cache/no_profile_image-235x145.jpg,212
ABDUL FAREED MOHAMMAD AMANULLA,Area,English,0776610618,"No:122, walgampaya, danture",A-1420,amanulla.minha1@gmail.com,Valid till 31st December 2027,http://srilanka.travel//image/cache/no_profile_image-235x145.jpg,212
R.E.W.M.R.A.SUDATH BANDARA UNAMBOOWE,Area,English,0773680616,"No 196,polgahanga,weligalla - 20610",A-1421,sudathasb@gmail.com,Valid till 31st December 2027,http://srilanka.travel//image/cache/no_profile_image-235x145.jpg,212
NISANTHA ROSHAN RIDEEGAMMANA,Area,English,0776609828,"No:284, alawattegama, gallellagama",A-1422,ros.knd@gmail.com,Valid till 31st December 2027,http://srilanka.travel//image/cache/no_profile_image-235x145.jpg,212
UJITH ANURUDDHA KODIKARA,Area,English,0775557873,"105/2,,vihara lane, suduhumpola,,kandy.",A-1413,ujithkodikara60@gmail.com,Valid till 31st December 2026,http://srilanka.travel//image/cache/no_profile_image-235x145.jpg,212
W. G. M. A. WELIKATIYA,Area,English,0773457496,"No: 58, 3rd mail post,,muruthalawa,,kandy.",A-1411,asanka.weli@yahoo.com,Valid till 31st December 2027,http://srilanka.travel//image/cache/no_profile_image-235x145.jpg,212
D.M.N.C DISSANAYAKE,Area,English,0779198856,"No 197  maithree,dhiwanawaththa batugoda,kandy",A-1406,ndissanayake39@gmail.com,Valid till 31st December 2027,http://srilanka.travel//image/cache/no_profile_image-235x145.jpg,212
Search for a Tour Guide,,All Languages Arabic Chinese Dutch English French German Greek Hebrew Hindi Hungarian Italian Japanese Korean Mandarian Russian Spanish Swedish Tamil Thai Urdu Search,,,,,,http://www.srilanka.travel/images/theames-new/covidimg.png,212
Tour Guides,,,,,,,,http://www.srilanka.travel/images/theames-new/covidimg.png,212
EKANAYAKE MUDIYANSELAGE KANCHANA SAMPATH EKANAYAKE,Area,English,0760291436,"63/2, poojapitiya road, bamunupola, batugoda,kandy",A-1447,kanchanaeka@gmail.com,Valid till 31st December 2027,http://srilanka.travel//image/cache/no_profile_image-235x145.jpg,213
ANUSHKA WICKRAMANAYAKE,Area,English,0778958984,"No.22/3, wavinna, wattegama, kandy",A-1448,anushkapkw84@gmail.com,Valid till 31st December 2027,http://srilanka.travel//image/cache/no_profile_image-235x145.jpg,213
K.M.P.B.KIRIDENA,Area,English,0715555574,"No:26/c1, pansala para, kengalla",A-1430,kalasiholdings@gmail.com,Valid till 31st December 2027,http://srilanka.travel//image/cache/no_profile_image-235x145.jpg,213
I.T.BOPAGE,Area,English,0711383447,"12/3, mbuldeniya, handessa",A-1429,ishbopage@gmail.com,Valid till 31st December 2027,http://srilanka.travel//image/cache/no_profile_image-235x145.jpg,213
M.T. AZEEM KURAISH,Area,English,0777323650,"No.223, jayamalapura, gampola",A-1433,azeemkuraish@gmail.com,Valid till 31st December 2027,http://srilanka.travel//image/cache/no_profile_image-235x145.jpg,213
I.M.P.G.I.SANDANAYAKE,Area,English,0764921695,"87/10c, sri saranankara mawatha, aluviharaya, mathale",A-1436,Sandamalimpgi@yahoo.com,Valid till 31st December 2027,http://srilanka.travel//image/cache/no_profile_image-235x145.jpg,213
A.D.N.A.K.GUNARATNE,Area,English,0777032604,"34/3, uduwela road, dalukgolla, ampitiya",A-1434,gunaratnea@gmail.com,Valid till 31st December 2027,http://srilanka.travel//image/cache/no_profile_image-235x145.jpg,213
T.W.W.K.JAYAWARDHANA,Area,English,0778761984,"No.12/372, peradeniya road, kandy",A-1440,waruna2013@gmail.com,Valid till 31st December 2027,http://srilanka.travel//image/cache/no_profile_image-235x145.jpg,213
Search for a Tour Guide,,All Languages Arabic Chinese Dutch English French German Greek Hebrew Hindi Hungarian Italian Japanese Korean Mandarian Russian Spanish Swedish Tamil Thai Urdu Search,,,,,,http://www.srilanka.travel/images/theames-new/covidimg.png,213
Tour Guides,,,,,,,,http://www.srilanka.travel/images/theames-new/covidimg.png,213
A.M.B.S.ATTANAYAKE,Area,English,0776697296,"No.94/12, heeressagala road, mulgampola, kandy",A-1443,sumedha.flywing@gmail.com,Valid till 31st December 2027,http://srilanka.travel//image/cache/no_profile_image-235x145.jpg,214
LAKMAL INDIKA HERATH,Area,English,0750566982,"No.10, lower donside, nawalapitiya",A-1465,laindika7@gmail.com,Valid till 31st December 2027,http://srilanka.travel//image/cache/no_profile_image-235x145.jpg,214
W.L.A.D.JAYATHILAKA,Area,English,071098475,"No.59, trinerty garden, pallekele, kundasale",A-1466,archiliyara@gmail.com,Valid till 31st December 2027,http://srilanka.travel//image/cache/no_profile_image-235x145.jpg,214
CHANDANA GALAPITAGE,Area,English,0773293199,"153, halloluwa, kandy",A-1467,changalapitage@yahoo.com,Valid till 31st December 2027,http://srilanka.travel//image/cache/no_profile_image-235x145.jpg,214
RAJAPAKSHA GE MAMANJULA SANATH DHARMASIRI,Area,English,0770224395,"2/109, wavinna, wattegama, kandy",A-1449,manjulasanath80@gmail.com,Valid till 31st December 2027,http://srilanka.travel//image/cache/no_profile_image-235x145.jpg,214
W.M.N.K.WIJESURIYA,Area,English,0772332287,"No.37, padivita welagama, matale",A-1450,nalindakalpa@gmail.com,Valid till 31st December 2027,http://srilanka.travel//image/cache/no_profile_image-235x145.jpg,214
A.A.C.INDIKA ABEYSEKARA,Area,English,0711336855,"457/q/16, highway edge, wilfrad senanayaka mawatha, kahatuduwa",A-1451,sampathtours1980@gmail.com,Valid till 31st December 2026,http://srilanka.travel//image/cache/no_profile_image-235x145.jpg,214
M.BASHEER MOHAMED RILWAN,Area,English,0775487346,"83, dehianga, muruthalawa",A-1452,Rilwanbasheer18@gmail.com,Valid till 31st December 2027,http://srilanka.travel//image/cache/no_profile_image-235x145.jpg,214
Search for a Tour Guide,,All Languages Arabic Chinese Dutch English French German Greek Hebrew Hindi Hungarian Italian Japanese Korean Mandarian Russian Spanish Swedish Tamil Thai Urdu Search,,,,,,http://www.srilanka.travel/images/theames-new/covidimg.png,214
Tour Guides,,,,,,,,http://www.srilanka.travel/images/theames-new/covidimg.png,214
K.G.R.PREMATHILAKA,Area,English,0768719028,"No.44/2e, uduwawala, katugasthota",A-1453,ranjithkandy5@gmail.com,Valid till 31st December 2027,http://srilanka.travel//image/cache/no_profile_image-235x145.jpg,215
R.M.C.B.HALIYADDA,Area,English,0714481485,"42 c, kurunduwththa road, kadugannawa",A-1456,haliyaddab@gmail.com,Valid till 31st December 2027,http://srilanka.travel//image/cache/no_profile_image-235x145.jpg,215
W. M. L. T. BANDARA,Area,English,0774776787,"33,prarthana mawatha,watapuluwa, kandy",A-1476,lalinda332000@gmail.com,Valid till 31st December 2027,http://srilanka.travel//image/cache/no_profile_image-235x145.jpg,215
M.G.S.NISHANTHA RANAWEERA,Area,English,0770849137,"47/9a, river side road, peradeniya",A-1470,nishantha.maldeniya71@gmail.com,Valid till 31st December 2027,http://srilanka.travel//image/cache/no_profile_image-235x145.jpg,215
RATHNAYAKE MUDIYANSELE GEDARA WICKRAMASIRI RATHNAYAKE,Area,English,0718600852,"162, metihakka, matale",A-1473,rathna234@gmail.com,Valid till 31st December 2027,http://srilanka.travel//image/cache/no_profile_image-235x145.jpg,215
MOHAMED JIFFRY MOHAMED MIFRAH,Area,English,0779813978,"127,kaludamada,hapugastalawa",A-1481,mifrajiffry@yahoo.com,Valid till 31st December 2027,http://srilanka.travel//image/cache/no_profile_image-235x145.jpg,215
K W INDULA JAYAWARDANA,Area,English,0777176310,"34 sappuwaththa. palapathwela,matale,central province",A-1490,Indulajayawardana@ymail.com,Valid till 31st December 2027,http://srilanka.travel//image/cache/no_profile_image-235x145.jpg,215
P.M.T.I.B.WIJEKOON,Area,English,0719497011,"No:152/1a, ihala owala, kaikawala",A-1484,thushara.wijekone@googlemail.com,Valid till 31st December 2027,http://srilanka.travel//image/cache/no_profile_image-235x145.jpg,215
Search for a Tour Guide,,All Languages Arabic Chinese Dutch English French German Greek Hebrew Hindi Hungarian Italian Japanese Korean Mandarian Russian Spanish Swedish Tamil Thai Urdu Search,,,,,,http://www.srilanka.travel/images/theames-new/covidimg.png,215
Tour Guides,,,,,,,,http://www.srilanka.travel/images/theames-new/covidimg.png,215
WEERATHUNGA MUDIYANSELAGE ASHAN JEEWANTHA WEERATHUNGA,Area,English,768465785,"No:10/2,,amunugama, gunnepana,kandy",A-1510,ashweerathunga@gmail.com,Valid till 31st December 2027,http://srilanka.travel//image/cache/no_profile_image-235x145.jpg,216
HIKKADUWAGE NUWAN IRESH DE SILVA,Area,English,0770726232,"86,,dolamite estate,,digana, rajawella.",A-1501,hnis2013@gmail.com,Valid till 31st December 2027,http://srilanka.travel//image/cache/no_profile_image-235x145.jpg,216
THARUKA LAKMAL RATHNAYAKE,Area,English,0776965981,"No:60, rotarigama, inamaluwa, dambulla",A-1506,tharukalakmal@gmail.com,Valid till 31st December 2027,http://srilanka.travel//image/cache/no_profile_image-235x145.jpg,216
MOHAMED SANOOS MOHAMED ANAS,Area,English,0773360626,"18 b / 1,kurukuththala north,kadugannawa",A-1511,anasbdm@gmail.com,Valid till 31st December 2027,http://srilanka.travel//image/cache/no_profile_image-235x145.jpg,216
KINDAWELGOLLEGE BANDULA WIJENAYAKE,Area,English,0712938330,"No:1/2, galamunawatta, walliwela, kaudupelella, matale",A-1513,kbwijenayake1013@gmail.com,Valid till 31st December 2027,http://srilanka.travel//image/cache/no_profile_image-235x145.jpg,216
DISHAN MALINTHA DE SILVA,Area,English,0779532969,"No:14/1, pulleyar kovil road, matale",A-1520,silvaslunch@gmail.com,Valid till 31st December 2027,http://srilanka.travel//image/cache/no_profile_image-235x145.jpg,216
KRISHANTHA JANAKA SENEVIRATHNA,Area,English,0715419316,"2nd lane,,samagipura,kurundankulama, anuradapura.",A-1523,janakasenevirathna85@gmail.com,Valid till 31st December 2027,http://srilanka.travel//image/cache/no_profile_image-235x145.jpg,216
LIYANAWIDANA ARACHCHILAGE RAMESH INDURANGA JAYARATHNE,Area,English,0702216999,"16,ambathalagama,mihintale",A-1524,rameshij930@gmail.com,Valid till 31st December 2027,http://srilanka.travel//image/cache/no_profile_image-235x145.jpg,216
Search for a Tour Guide,,All Languages Arabic Chinese Dutch English French German Greek Hebrew Hindi Hungarian Italian Japanese Korean Mandarian Russian Spanish Swedish Tamil Thai Urdu Search,,,,,,http://www.srilanka.travel/images/theames-new/covidimg.png,216
Tour Guides,,,,,,,,http://www.srilanka.travel/images/theames-new/covidimg.png,216
A.A.A.FELIX AMARASINHGE,Area,English,0714101097,"Salasum watte, alkaduwa rd, wattegama",A-1517,sulaki29@yahoo.com,Valid till 31st December 2027,http://srilanka.travel//image/cache/no_profile_image-235x145.jpg,217
HERATH HAMIGE DAYARATHNA,Area,English,0781875804,"Keeriyagaswewa,megodawewa,",A-1526,wasanaharshamali149@gmail.com,Valid till 31st December 2027,http://srilanka.travel//image/cache/no_profile_image-235x145.jpg,217
JAYASUNDARA MUDIYANSELAGE INDRATHISSA,Area,English,0778622486,"No:07, amunugama, gunnepana",A-1527,1961jayasundara1961@gmail.com,Valid till 31st December 2027,http://srilanka.travel//image/cache/no_profile_image-235x145.jpg,217
LIYANAGE DON PAWLISHGE LAXMAN,Area,English,0777192349,"No:28/a, uradeniya, gunnepana",A-1529,luxtourslanka@gmail.com,Valid till 31st December 2027,http://srilanka.travel//image/cache/no_profile_image-235x145.jpg,217
MAPAAPPUHAMILAGE DAMMIKA JAYAMPATHI MAPA,Area,English,0775132002,"No.103 kotthagoda road,gangoda,pilimatalawa",A-1530,dammika.ja20@gmail.com,Valid till 31st December 2027,http://srilanka.travel//image/cache/no_profile_image-235x145.jpg,217
HERATH MUDIYANSELAGE NAWARATHNA BANDARA,Area,English,0770568875,"No. 28/2, parakum uyana,,3 lane, 3 step,anuradhapura",A-1540,nawarathnabandara1954@gmail.com,Valid till 31st December 2027,http://srilanka.travel//image/cache/no_profile_image-235x145.jpg,217
D.D. WIJESINGHE,Area,English,0716456521,"No. 125,tract - 3,rajanganaya.",A-1541,ddwije570@gmail.com,Valid till 31st December 2027,http://srilanka.travel//image/cache/no_profile_image-235x145.jpg,217
JOHN SINGNOLAGE KAMAL RANJITH,Area,English,076808413,"No: 322,nelum mawatha, pulyar junction,anuradhapura",A-1542,kamaldahanayake5@gmail.com,Valid till 31st December 2026,http://srilanka.travel//image/cache/no_profile_image-235x145.jpg,217
Search for a Tour Guide,,All Languages Arabic Chinese Dutch English French German Greek Hebrew Hindi Hungarian Italian Japanese Korean Mandarian Russian Spanish Swedish Tamil Thai Urdu Search,,,,,,http://www.srilanka.travel/images/theames-new/covidimg.png,217
Tour Guides,,,,,,,,http://www.srilanka.travel/images/theames-new/covidimg.png,217
PALATHAGE SAMANTHA DAYASIRI KARUNARATHNA,Area,English,0771599099,"741/14 a,stage 2 new town,anuradhapura",A-1544,samanthakarunarathna1968@gmail.com,Valid till 31st December 2027,http://srilanka.travel//image/cache/no_profile_image-235x145.jpg,218
P.KRISHAN PRIYANKARA,Area,English,0710223319,"Iluppukanniya south,kandy road, mihinthale",A-1546,krishpiyankara97@gmail.com,Valid till 31st December 2027,http://srilanka.travel//image/cache/no_profile_image-235x145.jpg,218
N.S. ABEYWARDHANA,Area,English,0776600137,"No:37/16, aragoda, gampola",A-1531,nsabeywardhana@gmail.com,Valid till 31st December 2027,http://srilanka.travel//image/cache/no_profile_image-235x145.jpg,218
DISSANAYAKE MUDIYANSELAGE WELINGTON SOYSA,Area,English,0776691035,"No. 2/86 rabar watte,gannoruwa road,peradeniya",A-1533,soysa462@gmail.com,Valid till 31st December 2027,http://srilanka.travel//image/cache/no_profile_image-235x145.jpg,218
KITHSIRI SAMAN FERNANDO,Area,English,0714797207,"No.36/29 (26/29) ampitiya road,nuwarawela,kandy",A-1534,keethsrilanka@gmail.com,Valid till 31st December 2027,http://srilanka.travel//image/cache/no_profile_image-235x145.jpg,218
S.A.RUWAN THARAKA SENARATHNA,Area,English,0715219529,"209,jaffna road,mihinthale",A-1537,ruwansa99@gmail.com,Valid till 31st December 2027,http://srilanka.travel//image/cache/no_profile_image-235x145.jpg,218
D.B SARATH,Area,English,0714714268,"519/g/6,jayanthi mawatha,anuradhapura",A-1549,dbsarath1961@gmail.com,Valid till 31st December 2027,http://srilanka.travel//image/cache/no_profile_image-235x145.jpg,218
MAHATHUWAKKU KARAGE LALITH PRIYASHANTHA,Area,English,0777951719,"No:04, abhaya lane,,nidahas mawatha, pullayar junction,anuradhapura",A-1548,Priyashanthalalith@gmail.com,Valid till 31st December 2027,http://srilanka.travel//image/cache/no_profile_image-235x145.jpg,218
Search for a Tour Guide,,All Languages Arabic Chinese Dutch English French German Greek Hebrew Hindi Hungarian Italian Japanese Korean Mandarian Russian Spanish Swedish Tamil Thai Urdu Search,,,,,,http://www.srilanka.travel/images/theames-new/covidimg.png,218
Tour Guides,,,,,,,,http://www.srilanka.travel/images/theames-new/covidimg.png,218
I N R S FERNANDO,Area,English,0779808067,"No.85.temple road. beruwala,beruwala,kalutara",A-1550,nf95129@gmail.com,Valid till 31st December 2027,http://srilanka.travel//image/cache/no_profile_image-235x145.jpg,219
SOMASEKARA RAJARATNA,Area,English,0779534630,"No.56/11,sudumpola road,kandy",A-1556,soma.rat20@gmail.com,Valid till 31st December 2027,http://srilanka.travel//image/cache/no_profile_image-235x145.jpg,219
RUWAN RANASINGHE,Area,English,0717628870,"Kotabogoda,kadugannawa,kandy",A-1551,ecotourskandy@gmail.com,Valid till 31st December 2027,http://srilanka.travel//image/cache/no_profile_image-235x145.jpg,219
M.H.N.B. ABEYPALA,Area,English,0718398568,"126/4,narangasthanne, bokkawala,kandy",A-1552,nbabeypala@gmail.com,Valid till 31st December 2027,http://srilanka.travel//image/cache/no_profile_image-235x145.jpg,219
HEWAMUHANDHIRAMLAGE SOMAPALA,Area,English,0770087333,"No.533 aluthwatte,digana,rajawella",A-1571,somapalakandy@yahoo.com,Valid till 31st December 2027,http://srilanka.travel//image/cache/no_profile_image-235x145.jpg,219
T G JANAKA FEDRIK,Area,English,0776500519,"No275 kapukotuwa,themiligala,ulapane",A-1572,janaka550@gmail.com,Valid till 31st December 2027,http://srilanka.travel//image/cache/no_profile_image-235x145.jpg,219
JAYASUNDARA MUDIYANSELAGE UPULA SRIMAWAN JAYASUNDARA,Area,English,0716556070,"No.146/1 dharmashoka mawatha,lewella,kandy",A-1574,upuljayafundera@gmail.com,Valid till 31st December 2027,http://srilanka.travel//image/cache/no_profile_image-235x145.jpg,219
JAYANTHA BOGAHAKOTUWA,Area,English,0777508212,"No:41/4, kossinna, gelioya",A-1575,Jayanbk30@gmail.com,Valid till 31st December 2027,http://srilanka.travel//image/cache/no_profile_image-235x145.jpg,219
Search for a Tour Guide,,All Languages Arabic Chinese Dutch English French German Greek Hebrew Hindi Hungarian Italian Japanese Korean Mandarian Russian Spanish Swedish Tamil Thai Urdu Search,,,,,,http://www.srilanka.travel/images/theames-new/covidimg.png,219
Tour Guides,,,,,,,,http://www.srilanka.travel/images/theames-new/covidimg.png,219
K.J.M.A.CHINTHAKA SILVA,Area,English,0775938636,"197/38/a rechmond hill, heerassagala , kandy .,,kandy",A-1576,anurachinthaka@yahoo.com,Valid till 31st December 2027,http://srilanka.travel//image/cache/no_profile_image-235x145.jpg,220
HERATH  MUDIYANSELAGE GAMAGEDARA MIHIRI CHANDANA HERATH,Area,English,0715227995,"No 211/1,thalkote para,,,ehelagala,sigiriya",A-1557,chandanamihindu@gmail.com,Valid till 31st December 2027,http://srilanka.travel//image/cache/no_profile_image-235x145.jpg,220
GULUGAHAPITIYE GEDARA TISSA JAYALATH,Area,English,0773123230,"Thusitha sewana,meddegama ampitiya,kandy",A-1558,tissajayalath@gmail.com,Valid till 31st December 2027,http://srilanka.travel//image/cache/no_profile_image-235x145.jpg,220
POTHILADENIYA GEDARA PRIYANTHA KUMARASIRI,Area,English,0726924680,"No 93,medagoda ihala,galagedara",A-1559,priyanthakumarasiri20@gmail.com,Valid till 31st December 2027,http://srilanka.travel//image/cache/no_profile_image-235x145.jpg,220
ARACHCHILAGE LAL RAJAPAKSHA,Area,English,0775125210,"No.35/26 dharmashoka mawatha,aruppola,kandy",A-1560,ra.lal20pa@gmail.com,Valid till 31st December 2027,http://srilanka.travel//image/cache/no_profile_image-235x145.jpg,220
UNDIYE GEDARA PRIYANKARA SUSANTHA JAYASINHA,Area,English,0778927029,"Thalkote,sigiriya,sigiriya",A-1561,Priyankara1977@gmail.com,Valid till 31st December 2027,http://srilanka.travel//image/cache/no_profile_image-235x145.jpg,220
CHANDIKA NUWAN THILAKARATNE,Area,English,0714292684,"No. 265/a, kandangama,kadugannawa,kandy",A-1562,cnuwan@email.com,Valid till 31st December 2027,http://srilanka.travel//image/cache/no_profile_image-235x145.jpg,220
KELAKORALAGE SATHSARA MALHAR SENAVIRATHNA,Area,English,0719692711,"No 18, sri dharmapala mw,,asgiriya,kandy",A-1564,sathsarask@gmail.com,Valid till 31st December 2026,http://srilanka.travel//image/cache/no_profile_image-235x145.jpg,220
Search for a Tour Guide,,All Languages Arabic Chinese Dutch English French German Greek Hebrew Hindi Hungarian Italian Japanese Korean Mandarian Russian Spanish Swedish Tamil Thai Urdu Search,,,,,,http://www.srilanka.travel/images/theames-new/covidimg.png,220
Tour Guides,,,,,,,,http://www.srilanka.travel/images/theames-new/covidimg.png,220
WASGEWATTE GEDARA NIMAL SURAWEERA,Area,English,077754807,"No:406/1,,gohagoda,,katugastota",A-1565,nsuraweera12@gmail.com,Valid till 31st December 2027,http://srilanka.travel//image/cache/no_profile_image-235x145.jpg,221
A.L.N.SAMARASINGA,Area,English,0777144760,"472 a,pahala eriyagama,peradeniya",A-1570,tour.lasantha@gmail.com,Valid till 31st December 2027,http://srilanka.travel//image/cache/no_profile_image-235x145.jpg,221
P.W.M.R. PRADEEP CHAMINDA BANDARA SENEVIRATHNA,Area,English,0761155494,"No:21/1, peeligama, pilimathalawa",A-1596,pradeepsenevirathna@yahoo.com,Valid till 31st December 2027,http://srilanka.travel//image/cache/no_profile_image-235x145.jpg,221
H.G. LAL GUNASINGHE,Area,English,0777291568,"No:24/a, veediya bandara lane, aniwatta, kandy",A-1578,gunasinghelal@gmail.com,Valid till 31st December 2027,http://srilanka.travel//image/cache/no_profile_image-235x145.jpg,221
W.L.A.PALITHA,Area,English,0772344743,"87,darshanapura,kundasale",A-1580,wlpalitha1968@gmail.com,Valid till 31st December 2027,http://srilanka.travel//image/cache/no_profile_image-235x145.jpg,221
W.M.R.C. WARNASOORIYA,Area,English,0777965977,"No:28, padivita, welagama, matale",A-1581,ruwancars@gmail.com,Valid till 31st December 2027,http://srilanka.travel//image/cache/no_profile_image-235x145.jpg,221
NEELAWALA NAWARATHNA ABARANA GEDARA CHAMINDA UDAYA KUMARA,Area,English,0759220780,"No:20/1,model houses,,2nd mile post,kumbiyangoda,,matale",A-1582,udayakumarachaminda80@gmail.com,Valid till 31st December 2027,http://srilanka.travel//image/cache/no_profile_image-235x145.jpg,221
SUDATH PRIYANGA KARUNARATHNE,Area,English,0719628123,"23/7,,creighton village,,nuwaraeliya",A-1584,karunarathnesudath49@gmail.com,Valid till 31st December 2027,http://srilanka.travel//image/cache/no_profile_image-235x145.jpg,221
Search for a Tour Guide,,All Languages Arabic Chinese Dutch English French German Greek Hebrew Hindi Hungarian Italian Japanese Korean Mandarian Russian Spanish Swedish Tamil Thai Urdu Search,,,,,,http://www.srilanka.travel/images/theames-new/covidimg.png,221
Tour Guides,,,,,,,,http://www.srilanka.travel/images/theames-new/covidimg.png,221
R.M. NALIN ASELA,Area,English,0722810411,"No:57/11, sri piyathissapura, bambarakelle",A-1592,hillwaytours@gmail.com,Valid till 31st December 2027,http://srilanka.travel//image/cache/no_profile_image-235x145.jpg,222
K.M.C.M.KUMARASINGHE,Area,English,0718025363,"No:344, matale road,kurundankulama,anuradhapura",A-1601,mahesh.kumarasinghe25@gmail.com,Valid till 31st December 2027,http://srilanka.travel//image/cache/no_profile_image-235x145.jpg,222
WEEDIGE THISILA DHANUSHKA,Area,English,0773685129,"Water board circuit bungalow,jaffna rd,mihintale",A-1603,thisiladhanushka@gmail.com,Valid till 31st December 2027,http://srilanka.travel//image/cache/no_profile_image-235x145.jpg,222
RANHAWADIGE AMAL HARITH UDAWATHTHA,Area,English,0713614961,"No:62/1, haritha sewana, manikdiwela",A-1598,amal.hiker@gmail.com,Valid till 31st December 2027,http://srilanka.travel//image/cache/no_profile_image-235x145.jpg,222
WEDAKARA GEDARA PIYASIRIL,Area,English,0775414488,"Wihara medawachchiya,wihara palugama,anuradhapura",A-1624,coppersandlankatravels@gmail.com,Valid till 31st December 2027,http://srilanka.travel//image/cache/no_profile_image-235x145.jpg,222
P. INDRASENA,Area,English,0710110006,"Missaka mawatha, mihinthale",A-1631,indrasenap1965@gmail.com,Valid till 31st December 2027,http://srilanka.travel//image/cache/no_profile_image-235x145.jpg,222
PRIYANTHA MAPA BANDARA,Area,English,0773430315,"Sudampaya,4th mile post, kandy road, air port road,anuradhapura",A-1604,ceylonimahomestay@gmail.com,Valid till 31st December 2027,http://srilanka.travel//image/cache/no_profile_image-235x145.jpg,222
U.NAVIN BUDDIKA,Area,English,0771458083,"Nithiyagama,ihalagama,mihinthale",A-1606,navinlankatours@gmail.com,Valid till 31st December 2027,http://srilanka.travel//image/cache/no_profile_image-235x145.jpg,222
Search for a Tour Guide,,All Languages Arabic Chinese Dutch English French German Greek Hebrew Hindi Hungarian Italian Japanese Korean Mandarian Russian Spanish Swedish Tamil Thai Urdu Search,,,,,,http://www.srilanka.travel/images/theames-new/covidimg.png,222
Tour Guides,,,,,,,,http://www.srilanka.travel/images/theames-new/covidimg.png,222
PANAMBARAGE SAKUN LAKSHAN,Area,English,0771778450,"Threesinghagama,habarana,,habarana",A-1607,sakun.lakshan994@gmail.com,Valid till 31st December 2027,http://srilanka.travel//image/cache/no_profile_image-235x145.jpg,223
SAHIBU MOHOMAD FSROOK,Area,English,0777036828,"No. 34, niwasa 60,,thissawewa,,anuradhapura",A-1612,mohomadrahuf722@gmail.com,Valid till 31st December 2027,http://srilanka.travel//image/cache/no_profile_image-235x145.jpg,223
RASIKA NUWAN AMBULDENIYA,Area,English,0719625895,"No :77 galwaduwagama,galkulama,anuradhapura",A-1613,rasika97nuwana@gmail.com,Valid till 31st December 2027,http://srilanka.travel//image/cache/no_profile_image-235x145.jpg,223
SAMPATH SANDARUWAN JAYASINGHE,Area,English,0767221347,"No 1047, stage 2,anuradhapura,north central province",A-1609,ssjevergreen@gmail.com,Valid till 31st December 2027,http://srilanka.travel//image/cache/no_profile_image-235x145.jpg,223
S.A.SHANI SOMASIRI,Area,English,0779912726,"111,yaya 03,giritale,polonnaruwa",A-1608,harshadph7@gmail.com,Valid till 31st December 2027,http://srilanka.travel//image/cache/no_profile_image-235x145.jpg,223
P.A.SANJU CHATHURANGA SAMANSIRI,Area,English,0770156828,"No 333 kusumpokuna, diwulankadawala,medirigiriya,medirigiriya",A-1617,sanjukck98@gmail.com,Valid till 31st December 2027,http://srilanka.travel//image/cache/no_profile_image-235x145.jpg,223
NISSANKA ARACHCHIGE ANTONY NISSANKA,Area,English,0778217975,"No.126,abhaya wewa,anuradhapura",A-1620,antonynissanka1969@gmail.com,Valid till 31st December 2027,http://srilanka.travel//image/cache/no_profile_image-235x145.jpg,223
SURANGA HEMAL JAYASINGHE,Area,English,0715498428,"No.16/4,,anulamawatha, old town,anuradhapura",A-1616,surangahj@gmail.com,Valid till 31st December 2027,http://srilanka.travel//image/cache/no_profile_image-235x145.jpg,223
Search for a Tour Guide,,All Languages Arabic Chinese Dutch English French German Greek Hebrew Hindi Hungarian Italian Japanese Korean Mandarian Russian Spanish Swedish Tamil Thai Urdu Search,,,,,,http://www.srilanka.travel/images/theames-new/covidimg.png,223
Tour Guides,,,,,,,,http://www.srilanka.travel/images/theames-new/covidimg.png,223
SAMANTHA KEERTHI SERASINGHE,Area,English,0716068499,"61, missaka mawatha , mihinthalaya.,,",A-1618,serasinghesamantha@gmail.com,Valid till 31st December 2027,http://srilanka.travel//image/cache/no_profile_image-235x145.jpg,224
H.A.E.K. MADHUHANSI,Area,English,0716672039,"No 71e,vishaka mawatha,puththlam road,pandulagama,,anuradhapura",A-1640,eshikavi1997@gmail.com,Valid till 31st December 2027,http://srilanka.travel//image/cache/no_profile_image-235x145.jpg,224
JAYAWARDHANA MUDIYANSELAGE THILAN DINESH JAYAWARDHANA,Area,English,0716231286,"No 111,kuttam pokuna,anuradhapura",A-1639,thilandj@gmail.com,Valid till 31st December 2027,http://srilanka.travel//image/cache/no_profile_image-235x145.jpg,224
DENIPITIYAGE PRIYANTHA SAMAN KUMARA,Area,English,0704549783,"No-07,sucharithagama,anuradhapura",A-1641,sdenipitiya@gmail.com,Valid till 31st December 2027,http://srilanka.travel//image/cache/no_profile_image-235x145.jpg,224
W.P.G RAVINDU SUNETH SHERLEY JAYANTHA,Area,English,0772998918,"No, 274/1,abhayawewa,anuradhapura",A-1643,ravindussj9498@gmail.com,Valid till 31st December 2027,http://srilanka.travel//image/cache/no_profile_image-235x145.jpg,224
SIRISENA WIJESIRILAGE SAMANTHA WIJESIRI,Area,English,0705627208,"N0:53, green park, 05 ela, srawasthipura, anuradhapura",A-1644,swijesiri34@gmail.com,Valid till 31st December 2027,http://srilanka.travel//image/cache/no_profile_image-235x145.jpg,224
G SUJITH DE SILVA,Area,English,0767144474,"Kashyapagama road habarana,,habarana",A-1636,sujith.desilva23@gmail.com,Valid till 31st December 2027,http://srilanka.travel//image/cache/no_profile_image-235x145.jpg,224
VIJAYARATHNA RAJAPAKSHA,Area,English,0777375178,"No. 8/259,,gunanandha mawatha, vijayapura,,anuradhapura",A-1634,rajapakshachanchala0@gmail.com,Valid till 31st December 2027,http://srilanka.travel//image/cache/no_profile_image-235x145.jpg,224
Search for a Tour Guide,,All Languages Arabic Chinese Dutch English French German Greek Hebrew Hindi Hungarian Italian Japanese Korean Mandarian Russian Spanish Swedish Tamil Thai Urdu Search,,,,,,http://www.srilanka.travel/images/theames-new/covidimg.png,224
Tour Guides,,,,,,,,http://www.srilanka.travel/images/theames-new/covidimg.png,224
B.A.D. ANURADHA CHAMINDA,Area,English,773770280,"12/a,1st lane, thannayamkulama,anuradhapura",A-1635,anuradhachaminda4@gmail.com,Valid till 31st December 2027,http://srilanka.travel//image/cache/no_profile_image-235x145.jpg,225
KALANSOORIYA ARACHCHIGE ISURU NIROSHAN,Area,English,0775596448,"No: 705,,sangamiththa mawatha,,anuradhapura",A-1637,isuru.niroshan@gmail.com,Valid till 31st December 2027,http://srilanka.travel//image/cache/no_profile_image-235x145.jpg,225
SUBASINGHA MUDIYANSELAGE BUWANAKA DESHAPRIYA BANDARA,Area,English,0714394179,"No. 200,jayasiripura,anuradhapura",A-1645,buwanakabandara8@gmail.com,Valid till 31st December 2027,http://srilanka.travel//image/cache/no_profile_image-235x145.jpg,225
GODAWA GAMAGE MAHINDA PALITHA GAMAGE,Area,English,0777646103,"No.07, new road,,thissawewa,,anuradhapura",A-1646,ggmpalitha@gmail.com,Valid till 31st December 2027,http://srilanka.travel//image/cache/no_profile_image-235x145.jpg,225
B. R. SUNIL GUNARATHNA,Area,English,0715861743,"328/a,,rathwaththa, jaffna junction,,anuradhapura",A-1647,gunarathnasunil958@gmail.com,Valid till 31st December 2027,http://srilanka.travel//image/cache/no_profile_image-235x145.jpg,225
ALUTH GEDARA RANASINHA BANDA,Area,English,0712190617,"No 250,kahatagahayaya,kalapuraya,sigiriya",A-1663,ranasinhasigiriya2022@gmail.com,Valid till 31st December 2027,http://srilanka.travel//image/cache/no_profile_image-235x145.jpg,225
J.A.SHABDEEN,Area,English,0770616725,"99/16,,madawala bazaar,abugasthenna",A-1665,mohamedshahabdeen1971@gmail.com,Valid till 31st December 2026,http://srilanka.travel//image/cache/no_profile_image-235x145.jpg,225
W.M.NUWAN DANUSHKA WARNAKULASOORIYA,Area,English,0768384770,"No 19,gonamada ,padivita,welagama ,matale",A-1666,travelwithme47@gmail.com,Valid till 31st December 2027,http://srilanka.travel//image/cache/no_profile_image-235x145.jpg,225
Search for a Tour Guide,,All Languages Arabic Chinese Dutch English French German Greek Hebrew Hindi Hungarian Italian Japanese Korean Mandarian Russian Spanish Swedish Tamil Thai Urdu Search,,,,,,http://www.srilanka.travel/images/theames-new/covidimg.png,225
Tour Guides,,,,,,,,http://www.srilanka.travel/images/theames-new/covidimg.png,225
HIKKADUWAGE JAYANTHA THARANGA,Area,English,0773321878,"Tb thennakoon road,sigiriya",A-1650,Jayanthasigiriya@gmail.com,Valid till 31st December 2027,http://srilanka.travel//image/cache/no_profile_image-235x145.jpg,226
DULIP BENJAMIN ARUMUGAM,Area,English,0776285318,"No:27, augustawatte, kandy",A-1652,dulipbenjamin@gmail.com,Valid till 31st December 2027,http://srilanka.travel//image/cache/no_profile_image-235x145.jpg,226
HINNIMAHATHTHAYALAGE NISHSHANKA KARUNARATHNA,Area,English,0723574420,"No 211 e,thennakoon mawatha,sigiriya",A-1660,Nishshankasigiriya@gmail.com,Valid till 31st December 2027,http://srilanka.travel//image/cache/no_profile_image-235x145.jpg,226
RATHNAYAKE MUDIYANSELAGE GUNATHILAKA,Area,English,0771709469,"T.b thennakoon mawatha,sigiriya",A-1654,gunathilakasigiriya@gmail.com,Valid till 31st December 2027,http://srilanka.travel//image/cache/no_profile_image-235x145.jpg,226
A M B G A SHAHMY,Area,English,0720991531,"A 27,delgahagoda,hingula",A-1656,shahmy77@gmail.com,Valid till 31st December 2027,http://srilanka.travel//image/cache/no_profile_image-235x145.jpg,226
GAMAGEDARA CHANDANA KUMARA BANDARANAYAKE,Area,English,0710797980,"No 22 a,thalkote,sigiriya",A-1659,chandanakumarasigiriya@gmail.com,Valid till 31st December 2027,http://srilanka.travel//image/cache/no_profile_image-235x145.jpg,226
P.M.GIHAN AJITH KUMARA,Area,English,0770703650,"No:5/89, upper lake road, nuwara eliya",A-1661,devappriyane@outlook.com,Valid till 31st December 2027,http://srilanka.travel//image/cache/no_profile_image-235x145.jpg,226
H.M.SARATH BANDARA,Area,English,0771252549,"864,aluvihare,matale",A-1657,sarathidusha@gmail.com,Valid till 31st December 2027,http://srilanka.travel//image/cache/no_profile_image-235x145.jpg,226
Search for a Tour Guide,,All Languages Arabic Chinese Dutch English French German Greek Hebrew Hindi Hungarian Italian Japanese Korean Mandarian Russian Spanish Swedish Tamil Thai Urdu Search,,,,,,http://www.srilanka.travel/images/theames-new/covidimg.png,226
Tour Guides,,,,,,,,http://www.srilanka.travel/images/theames-new/covidimg.png,226
DASUN BHASHITHA SENADHEERA,Area,English,0767286907,"788/2a/1/1,gatambe,kandy",A-1693,dasunsenadheera96@gmail.com,Valid till 31st December 2027,http://srilanka.travel//image/cache/no_profile_image-235x145.jpg,227
HERATH MUDIYANSELAGE KAPILA GNANATHILAKE,Area,English,0766233222,"No.26/5,keerthisri rajasinghe mw,kandy",A-1695,kapila.gna@gmail.com,Valid till 31st December 2027,http://srilanka.travel//image/cache/no_profile_image-235x145.jpg,227
RUPASINGHE ARACHCHILAGE SADATISSA RUPASINGHE,Area,English,0777664410,"No:26, jayathilake mawatha, wattegama",A-1688,sadalk@yahoo.com,Valid till 31st December 2027,http://srilanka.travel//image/cache/no_profile_image-235x145.jpg,227
RATHNAYAKA MUDIYANSELAGE UDAYA BANDARA RATHNAYAKA,Area,English,0778268311,"No:93, pichchamalwatta, gurudeniya, kandy",A-1670,udaya9312@gmail.com,Valid till 31st December 2027,http://srilanka.travel//image/cache/no_profile_image-235x145.jpg,227
V.PANNEER SELVAM,Area,English,0776326663,"Samanpura,,bangalahatha, nanuoya,nuwara eliya",A-1668,vpselvameddie@gmail.com,Valid till 31st December 2027,http://srilanka.travel//image/cache/no_profile_image-235x145.jpg,227
SELLAPPERUMAGE DINESH DUMINDA AMARASEKARA,Area,English,0777710044,"No.29/2 (26/5a),keerthi sri rajasinghe mw,kandy",A-1667,dinesh.du20@gmail.com,Valid till 31st December 2027,http://srilanka.travel//image/cache/no_profile_image-235x145.jpg,227
B.D.M.M.SHIRANTHA BANDARA DISSANAYAKA,Area,English,0711970106,"No-41, first lane,wellassa village ,yalabowa,wellawaya",A-1675,Thomashaholidayinn@gmail.com,Valid till 31st December 2027,http://srilanka.travel//image/cache/no_profile_image-235x145.jpg,227
H.M.PUSHPAKUMARA HERATH,Area,English,0718856993,"No 03,rail gettuwa ,welimada road,haputale",A-1673,sankaholidaytours@gmail.com,Valid till 31st December 2027,http://srilanka.travel//image/cache/no_profile_image-235x145.jpg,227
Search for a Tour Guide,,All Languages Arabic Chinese Dutch English French German Greek Hebrew Hindi Hungarian Italian Japanese Korean Mandarian Russian Spanish Swedish Tamil Thai Urdu Search,,,,,,http://www.srilanka.travel/images/theames-new/covidimg.png,227
Tour Guides,,,,,,,,http://www.srilanka.travel/images/theames-new/covidimg.png,227
R.D.AJITH PRASANA RAJASINGHE,Area,English,0773010122,"12,mille post,uva karadagolla,ella",A-1678,ajithprasa89@gmail.com,Valid till 31st December 2027,http://srilanka.travel//image/cache/no_profile_image-235x145.jpg,228
LIYANARACHCHIGE DHANUSHKA LIYANARACHCHI,Area,English,0767171924,"No 3/438, badulla road, kumbalwela, ella",A-1677,dhanushkala@gmail.com,Valid till 31st December 2027,http://srilanka.travel//image/cache/no_profile_image-235x145.jpg,228
A.M.I.P.DHARMADASA,Area,English,0718690837,"6/2 a ,,perera mawatha,bandarawela",A-1679,sltdaindika@gmail.com,Valid till 31st December 2027,http://srilanka.travel//image/cache/no_profile_image-235x145.jpg,228
WIJEKOON MUDIYANSELAGE CHANDIKA SAMPATH WIJEKOON,Area,English,0776723927,"No:105, kalapuraya, sigiriya",A-1702,chandikassigiriya@gmail.com,Valid till 31st December 2027,http://srilanka.travel//image/cache/no_profile_image-235x145.jpg,228
SAMARASINGHE ARACHCHILAGE DON GAMANI WICKUMRATHNE,Area,English,0776355972,"No:59, riverview garden, paingamuwa, gelioya",A-1700,gamininuwaraeliya@gmail.com,Valid till 31st December 2027,http://srilanka.travel//image/cache/no_profile_image-235x145.jpg,228
ALWATHTHE GEDARA AJITH KITHSIRI AMARATHUNGA,Area,English,0772198998,"No.9/35,,gajabapura, mahagasthota,,nuwara eliya",A-1706,enroutetours@gmail.com,Valid till 31st December 2027,http://srilanka.travel//image/cache/no_profile_image-235x145.jpg,228
M.SUBRAMANIYAM,Area,English,0770476769,"No.185/2a,,galway village,,nuwaraeliya",A-1708,chandran68ne@gmail.com,Valid till 31st December 2027,http://srilanka.travel//image/cache/no_profile_image-235x145.jpg,228
K.G.S.P.A.KUMARASINGHE,Area,English,0776631124,"180/a,67,mile post,,colombo road, edahaduwawa,,kiribathkumbura",A-1707,sana.kandy@gmail.com,Valid till 31st December 2027,http://srilanka.travel//image/cache/no_profile_image-235x145.jpg,228
Search for a Tour Guide,,All Languages Arabic Chinese Dutch English French German Greek Hebrew Hindi Hungarian Italian Japanese Korean Mandarian Russian Spanish Swedish Tamil Thai Urdu Search,,,,,,http://www.srilanka.travel/images/theames-new/covidimg.png,228
Tour Guides,,,,,,,,http://www.srilanka.travel/images/theames-new/covidimg.png,228
MOHOMED SANOON MOHOMED FAIZ,Area,English,0757077422,"75/8a, heerassagala rd, lane 3 kandy,heerassagala road,kandy",A-1712,rahilafaiz786@gmail.com,Valid till 31st December 2027,http://srilanka.travel//image/cache/no_profile_image-235x145.jpg,229
R.M. CHANDRASENA,Area,English,0701525255,"No. 18/c,,main street,nanuoya",A-1711,tourplussrilanka@yahoo.com,Valid till 31st December 2027,http://srilanka.travel//image/cache/no_profile_image-235x145.jpg,229
M.D.M.D.B.DISSANAYAKE,Area,English,0716110347,"No:73/2, riverside gardens, gohagoda rd, katugastota",A-1713,dhammikedissanayake@gmail.com,Valid till 31st December 2027,http://srilanka.travel//image/cache/no_profile_image-235x145.jpg,229
YATIYALAGALA KOMAMULLE AJANTHA KUMARA LAKSIRI WIJESINGHE,Area,English,0774604181,"No:357/2/a, waratenna, halloluwa",A-1697,lucky.wije73@gmail.com,Valid till 31st December 2027,http://srilanka.travel//image/cache/no_profile_image-235x145.jpg,229
W.M.M. GAYAN MUNASINGHE,Area,English,0721826333,"Seethagagulagama, nallathanniya",A-1696,mgayan97@gmail.com,Valid till 31st December 2027,http://srilanka.travel//image/cache/no_profile_image-235x145.jpg,229
MADDA GAMAGE SUNIL,Area,English,0776091953,"250/1,kuda rathwatta mawatha,dodamwala,kandy",A-1720,mgsandeepani89@gmail.com,Valid till 31st December 2026,http://srilanka.travel//image/cache/no_profile_image-235x145.jpg,229
RAJAPAKSHA MUDIYANSELAGE HEMANTHA LAKSHMAN KUMARA,Area,English,0701854968,"181/f,kayamwala,sigiriya",A-1719,hemanthasigiriya@gmail.com,Valid till 31st December 2027,http://srilanka.travel//image/cache/no_profile_image-235x145.jpg,229
THILAKSHA DILHAN SURAWEERA,Area,English,0713001374,"122/24, 2nd mile post,kumbiyangoda,matale",A-1715,dilhansuraweera@gmail.com,Valid till 31st December 2027,http://srilanka.travel//image/cache/no_profile_image-235x145.jpg,229
Search for a Tour Guide,,All Languages Arabic Chinese Dutch English French German Greek Hebrew Hindi Hungarian Italian Japanese Korean Mandarian Russian Spanish Swedish Tamil Thai Urdu Search,,,,,,http://www.srilanka.travel/images/theames-new/covidimg.png,229
Tour Guides,,,,,,,,http://www.srilanka.travel/images/theames-new/covidimg.png,229
D.M.D.N.K DISSANAYAKE,Area,English,0765666697,"No 29, kurundeniya road, akurana",A-1716,Danushkadissa@gmail.com,Valid till 31st December 2027,http://srilanka.travel//image/cache/no_profile_image-235x145.jpg,230
R M KRISHANTHA RATHNAYAKE,Area,English,0779180906,"No 15/b,sudharmarama mawatha,bowala,kandy",A-1722,kris.kandy76@gmail.com,Valid till 31st December 2027,http://srilanka.travel//image/cache/no_profile_image-235x145.jpg,230
JAYANTHA LALITH RANASINGHE,Area,English,0773079334,"No:132, kandy road, wattegama",A-1717,jayantha1530@gmail.com,Valid till 31st December 2027,http://srilanka.travel//image/cache/no_profile_image-235x145.jpg,230
HIKKADUWAGE NISHANTHA SAGARA,Area,English,0775462855,"61/2,t.b thennakoon road,sigiriya",A-1726,nishanthasigiriyasagara@gmail.com,Valid till 31st December 2027,http://srilanka.travel//image/cache/no_profile_image-235x145.jpg,230
ABDUL MALIK AHAMED SHANA,Area,English,0771843232,"No:146/10, mudaliwatta rd, kadugannawa",A-1725,shanamsj@gmail.com,Valid till 31st December 2027,http://srilanka.travel//image/cache/no_profile_image-235x145.jpg,230
MUTHTHUKARUPPIAH SIVAKUMAR,Area,English,0770414574,"247/2 kalugala watta, ranawana road katugastota,kandy",A-1732,Pro74tours@gmail.com,Valid till 31st December 2027,http://srilanka.travel//image/cache/no_profile_image-235x145.jpg,230
M.R.M. RAZEEM,Area,English,0775517687,"123,kawdupelella,matale",A-1729,razeemrafeek10@gmail.com,Valid till 31st December 2027,http://srilanka.travel//image/cache/no_profile_image-235x145.jpg,230
IHALA PATHIRANAGE CYRIL,Area,English,0776246666,"No:45/3b,bodhiyangana road,bowala,kandy",A-1733,cyrilpathirana2020@gmail.com,Valid till 31st December 2027,http://srilanka.travel//image/cache/no_profile_image-235x145.jpg,230
Search for a Tour Guide,,All Languages Arabic Chinese Dutch English French German Greek Hebrew Hindi Hungarian Italian Japanese Korean Mandarian Russian Spanish Swedish Tamil Thai Urdu Search,,,,,,http://www.srilanka.travel/images/theames-new/covidimg.png,230
Tour Guides,,,,,,,,http://www.srilanka.travel/images/theames-new/covidimg.png,230
Y.M.NUWAN ASELA YAPA,Area,English,0779144112,"112, hanthana road,kandy",A-1734,nuwanaselayapa@gmail.com,Valid till 31st December 2027,http://srilanka.travel//image/cache/no_profile_image-235x145.jpg,231
A.A.JESURAJA,Area,English,0771329195,"No.37, nayabedde, bandarawela.",A-1743,jesurajamark@gmail.com,Valid till 31st December 2027,http://srilanka.travel//image/cache/no_profile_image-235x145.jpg,231
GALMANGODA GURUGE NIHAL CHAMINDA,Area,English,0776955144,"579/11/b,pettigalawatta,hennathota,dodanduwa,hikkaduwa",A-1755,nihal.chami@gmail.com,Valid till 31st December 2027,http://srilanka.travel//image/cache/no_profile_image-235x145.jpg,231
KANNANGARA KORALALAGE MADUSHAN,Area,English,0776972874,"No. 34a,,sinharupagama,,bentota",A-1756,madushankannangara@gmail.com,Valid till 31st December 2027,http://srilanka.travel//image/cache/no_profile_image-235x145.jpg,231
GAYAN KUMARA KODIKARA,Area,English,0770764694,"Riladukanda koggala habaraduwa,riladukanda,habaraduwa",A-1759,gayankodikara94@gmail.com,Valid till 31st December 2027,http://srilanka.travel//image/cache/no_profile_image-235x145.jpg,231
THIRUMANI PULENDRAN,Area,English,0724808214,"No.4/25, newhouseline,dodangolla,heeloya,ella",A-1745,gobipulendran@gmail.com,Valid till 31st December 2027,http://srilanka.travel//image/cache/no_profile_image-235x145.jpg,231
SISIRA HEWANAYAKE,Area,English,0779341582,"126/4,,amaraweera rd, chithragala, ambalantoa.,",A-1749,sisirah45@gmail.com,Valid till 31st December 2027,http://srilanka.travel//image/cache/no_profile_image-235x145.jpg,231
YAKUPITI MANGALA DINESH DE SILVA,Area,English,0779873203,"Rajapaksha mawatah ahungalla,ahungalla,galla",A-1750,Ymddesilva@gmail.com,Valid till 31st December 2027,http://srilanka.travel//image/cache/no_profile_image-235x145.jpg,231
Search for a Tour Guide,,All Languages Arabic Chinese Dutch English French German Greek Hebrew Hindi Hungarian Italian Japanese Korean Mandarian Russian Spanish Swedish Tamil Thai Urdu Search,,,,,,http://www.srilanka.travel/images/theames-new/covidimg.png,231
Tour Guides,,,,,,,,http://www.srilanka.travel/images/theames-new/covidimg.png,231
W G AKILA VIMALSHANA,Area,English,0785904611,"No 02 ,sarwodaya mawatha ,yalabowa ,wellawaya",A-1761,akilavimalshana611@gmail.com,Valid till 31st December 2027,http://srilanka.travel//image/cache/no_profile_image-235x145.jpg,232
MANIMELWADU CHANAKA RATHNAPRIYA,Area,English,0770614374,"No 160,main street,ambalangoda",A-1781,rathnapriyachanaka982@gmail.com,Valid till 31st December 2027,http://srilanka.travel//image/cache/no_profile_image-235x145.jpg,232
CHIRATH DE SILVA,Area,English,0727595970,"10, light house street ,,fort,galle",A-1784,chirathadm@gmail.com,Valid till 31st December 2027,http://srilanka.travel//image/cache/no_profile_image-235x145.jpg,232
V. VIJAYKANTH,Area,English,0721192244,"Kinellan ella,,",A-1772,Vijaykanth985@gmail.com,Valid till 31st December 2027,http://srilanka.travel//image/cache/no_profile_image-235x145.jpg,232
R.D SAMPATH PRIYANKARA,Area,English,0713409875,"12 th mile post uva karadadagolla ella,,",A-1773,sampathpriyankara@rocketmail.com,Valid till 31st December 2027,http://srilanka.travel//image/cache/no_profile_image-235x145.jpg,232
M.I.M. SHIHAN,Area,English,0779536436,"70/3 mahawelamulla ,wellawaya",A-1775,Mohamedshihan75@gmail.com,Valid till 31st December 2027,http://srilanka.travel//image/cache/no_profile_image-235x145.jpg,232
A.W.LASANTHA NALIN,Area,English,0789968791,"Sellaba 2 road,yalabowa,wellawaya",A-1763,bindu56789@outlook.com,Valid till 31st December 2027,http://srilanka.travel//image/cache/no_profile_image-235x145.jpg,232
MOHOMED FARLIN,Area,English,0726229731,"203/53 ,magiripura,,haputale",A-1767,faleen.mohomed@gmail.com,Valid till 31st December 2027,http://srilanka.travel//image/cache/no_profile_image-235x145.jpg,232
Search for a Tour Guide,,All Languages Arabic Chinese Dutch English French German Greek Hebrew Hindi Hungarian Italian Japanese Korean Mandarian Russian Spanish Swedish Tamil Thai Urdu Search,,,,,,http://www.srilanka.travel/images/theames-new/covidimg.png,232
Tour Guides,,,,,,,,http://www.srilanka.travel/images/theames-new/covidimg.png,232
M.M.HAFEEL,Area,English,0779269198,"Monisha villa, hamparawa, bandarawela",A-1764,hafeeltrekking@gmail.com,Valid till 31st December 2027,http://srilanka.travel//image/cache/no_profile_image-235x145.jpg,233
I.M.FAIROOS,Area,English,0771164111,"399,ampitigoda,kahagolla,diyatalawa,,bandarawela",A-1770,mfairooz39@gmail.com,Valid till 31st December 2027,http://srilanka.travel//image/cache/no_profile_image-235x145.jpg,233
A.S.M.RIZAN,Area,English,0757513389,"399,ampitigoda,kahagolla,diyatalawa,,bandarawela",A-1766,mrizan359@gmail.com,Valid till 31st December 2027,http://srilanka.travel//image/cache/no_profile_image-235x145.jpg,233
R.A.CHANDRADASA,Area,English,0770650300,"54c,arippu para,thissa wewa,anuradhapura",A-1819,cdra5093@gmail.com,Valid till 31st December 2027,http://srilanka.travel//image/cache/no_profile_image-235x145.jpg,233
L.H. ATHULA PRASSANNA DE SILVA,Area,English,0765496566,"706,sangamiththa mawatha,anuradhapura",A-1823,athulapd73@gmail.com,Valid till 31st December 2026,http://srilanka.travel//image/cache/no_profile_image-235x145.jpg,233
G.J.K.S.C. JAYAWARDHANA,Area,English,0760434961,"387,3rd lane, kunchikulama, kurundamkulama,anuradhapura",A-1821,chamal.jayawardhana@gmail.com,Valid till 31st December 2027,http://srilanka.travel//image/cache/no_profile_image-235x145.jpg,233
K AMILA MADURANGA,Area,English,0773462585,"33/1, wasana niwasa,second canal,polonnaruwa",A-1824,amilamadu45678@gmail.com,Valid till 31st December 2027,http://srilanka.travel//image/cache/no_profile_image-235x145.jpg,233
H.A.S.P. HETTIARACHCHI,Area,English,0777800496,"605/4,galthambarawa,polonnaruwa",A-1820,sumindapalitha@gmail.com,Valid till 31st December 2027,http://srilanka.travel//image/cache/no_profile_image-235x145.jpg,233
Search for a Tour Guide,,All Languages Arabic Chinese Dutch English French German Greek Hebrew Hindi Hungarian Italian Japanese Korean Mandarian Russian Spanish Swedish Tamil Thai Urdu Search,,,,,,http://www.srilanka.travel/images/theames-new/covidimg.png,233
Tour Guides,,,,,,,,http://www.srilanka.travel/images/theames-new/covidimg.png,233
NILETHTHI PRASANNA MANURA  PREMARATHNE,Area,English,0724715703,No 68.galle road.ahungalla,A-1789,Manutuktuk@gmail.com,Valid till 31st December 2027,http://srilanka.travel//image/cache/no_profile_image-235x145.jpg,234
K.G NALAKA JAYAWEERA,Area,English,0775420852,"No 98/a,mudunegama, thalawa,anuradhapura",A-1795,nalakajayaweera3@gmail.com,Valid till 31st December 2027,http://srilanka.travel//image/cache/no_profile_image-235x145.jpg,234
M SAJITH PRIYANTHA,Area,English,0715169547,"62,samuddragama, jayanthipura,polonnaruwa",A-1818,mspriyanthama2019@gmail.com,Valid till 31st December 2027,http://srilanka.travel//image/cache/no_profile_image-235x145.jpg,234
MOHANDAS PATHMANABA SAHABANDU,Area,English,0716425345,"10/2, pothgul place,new town,polonnaruwa",A-1802,mohansahabandu@gmail.com,Valid till 31st December 2027,http://srilanka.travel//image/cache/no_profile_image-235x145.jpg,234
P. W. WASANTHA,Area,English,0769856605,"46/3 pallethota,thalgasgoda,ambalangoda",A-1791,paranawithanaw@yahoo.com,Valid till 31st December 2027,http://srilanka.travel//image/cache/no_profile_image-235x145.jpg,234
WEEDIYA BANDARA SAMARAKOON,Area,English,0776669195,"Mathale road,kurundankulama,anuradhapura",A-1812,weediyabandarasam@gmail.com,Valid till 31st December 2027,http://srilanka.travel//image/cache/no_profile_image-235x145.jpg,234
HANNADIGE PRIYASIRI NIMAL PEIRIS,Area,English,0713993182,"No: 2618,stage iii, new town,anuradhapura",A-1801,pnpeiris1950@gmail.com,Valid till 31st December 2027,http://srilanka.travel//image/cache/no_profile_image-235x145.jpg,234
CHINTHAKA SHEHAN HERATH,Area,English,0713818912,"395/10,bandaranayake mawatha, kada 50,anuradhapura",A-1799,shehanhan@gmail.com,Valid till 31st December 2027,http://srilanka.travel//image/cache/no_profile_image-235x145.jpg,234
Search for a Tour Guide,,All Languages Arabic Chinese Dutch English French German Greek Hebrew Hindi Hungarian Italian Japanese Korean Mandarian Russian Spanish Swedish Tamil Thai Urdu Search,,,,,,http://www.srilanka.travel/images/theames-new/covidimg.png,234
Tour Guides,,,,,,,,http://www.srilanka.travel/images/theames-new/covidimg.png,234
S.A MANJULA KUMARA JAYARATHNE,Area,English,777567720,"507/5,bandaranayke mawatha, airport road,anuradhapura",A-1793,mightytrail2@gmail.com,Valid till 31st December 2027,http://srilanka.travel//image/cache/no_profile_image-235x145.jpg,235
P.D.GAYAN UDAYAKUMARA,Area,English,0715452933,"No.44/b,samagipura, matale junction,anuradhapura",A-1796,udayakumarag77@gmail.com,Valid till 31st December 2027,http://srilanka.travel//image/cache/no_profile_image-235x145.jpg,235
H.A. CHAMPIKA WASANTHA KUMARA,Area,English,0718423940,"12b,nishshankamallpura,polonnaruwa",A-1807,wasanthachampika123@gmail.com,Valid till 31st December 2027,http://srilanka.travel//image/cache/no_profile_image-235x145.jpg,235
H.M.G.HEENKENDA,Area,English,0715935846,"No 30a,niwasa 100,talawa,anuradhapura",A-1797,hmgheenkenda@gmail.com,Valid till 31st December 2027,http://srilanka.travel//image/cache/no_profile_image-235x145.jpg,235
K HEMANANDA,Area,English,0777969755,"33/1, wasana niwasa,second canal,polonnaruwa",A-1806,khemanandaguide@gmail.com,Valid till 31st December 2027,http://srilanka.travel//image/cache/no_profile_image-235x145.jpg,235
R.P. PREMARATNA,Area,English,0770318003,"873/1/a,isipathana 3 rd lane,polonnaruwa",A-1805,tgpremarathna1951@gmail.com,Valid till 31st December 2027,http://srilanka.travel//image/cache/no_profile_image-235x145.jpg,235
M.VIMALADASA,Area,English,0724624077,"62,samuddragama,jayanthipura,polonnaruwa",A-1813,mallawawimaladasa@gmail.com,Valid till 31st December 2027,http://srilanka.travel//image/cache/no_profile_image-235x145.jpg,235
M.K.D.INDUNIL GUNASINGHE,Area,English,0772681248,"65,athumalpitiya,polonnaruwa",A-1809,indunilsrilanka7@gmail.com,Valid till 31st December 2027,http://srilanka.travel//image/cache/no_profile_image-235x145.jpg,235
Search for a Tour Guide,,All Languages Arabic Chinese Dutch English French German Greek Hebrew Hindi Hungarian Italian Japanese Korean Mandarian Russian Spanish Swedish Tamil Thai Urdu Search,,,,,,http://www.srilanka.travel/images/theames-new/covidimg.png,235
Tour Guides,,,,,,,,http://www.srilanka.travel/images/theames-new/covidimg.png,235
H.M. SUNIL HERATH,Area,English,0710819417,"Chanaka niwasa,behind the school, bendiwewa,jayanthipura,polonnaruwa",A-1811,sunilherath577@gmail.com,Valid till 31st December 2027,http://srilanka.travel//image/cache/no_profile_image-235x145.jpg,236
DINESH LIYANAGE,Area,English,0768799665,"No 1411, kadawalawewa,jayanthipura,polonnaruwa",A-1804,dineshslweb@gmail.com,Valid till 31st December 2027,http://srilanka.travel//image/cache/no_profile_image-235x145.jpg,236
R.A.C. THILAKASIRI,Area,English,0779694142,"No 44 e,gangoda,pilimathalawa",A-1829,randimathilakasiri123@gmail.com,Valid till 31st December 2027,http://srilanka.travel//image/cache/no_profile_image-235x145.jpg,236
WIJESOORIYA ARACHCHIGE ANURA NISHANTHA,Area,English,0767893906,"No:310, kalapuraya, sigiriya",A-1833,Anurasigiriya1986@gmail.com,Valid till 31st December 2027,http://srilanka.travel//image/cache/no_profile_image-235x145.jpg,236
EDIRISINGHE ARACHCHILAGE SUMITH JANAKEERTHI EDIRISINGHE,Area,English,0775919845,"No:215/b, kalapuraya, sigiriya",A-1834,sumithsigiriya@gmail.com,Valid till 31st December 2027,http://srilanka.travel//image/cache/no_profile_image-235x145.jpg,236
G V P A WICKRAMASINGHE,Area,English,0764993040,"382,circle road,polonnaruwa",A-1826,valantinewick@gmail.com,Valid till 31st December 2027,http://srilanka.travel//image/cache/no_profile_image-235x145.jpg,236
S.M.R.R. RATHNAYAKE,National,German,0779860458,"No:23, new city, allepolawatte, palapathwala, matale",N-1953,ratnayakerohan060@gmail.com,Valid till 31st December 2027,http://srilanka.travel//image/cache/no_profile_image-235x145.jpg,236
A.M.NISHANTHA CHAMINDA KUMARA,National,Korean,0712419797,"No:27/7, olu mw, muththettugala, kurunegala",N-1952,cynishan@hotmail.com,Valid till 31st December 2027,http://srilanka.travel//image/cache/no_profile_image-235x145.jpg,236
Search for a Tour Guide,,All Languages Arabic Chinese Dutch English French German Greek Hebrew Hindi Hungarian Italian Japanese Korean Mandarian Russian Spanish Swedish Tamil Thai Urdu Search,,,,,,http://www.srilanka.travel/images/theames-new/covidimg.png,236
Tour Guides,,,,,,,,http://www.srilanka.travel/images/theames-new/covidimg.png,236
RANASINGHE ARACHCHILAGE KANISHKA LAKMAL RUPASINGHE,National,Spanish,0778182852,"No:493/1, madawaththa, veyangoda",N-1954,rkanishkalakmalrupasinghe@gmail.com,Valid till 31st December 2027,http://srilanka.travel//image/cache/no_profile_image-235x145.jpg,237
PITIPANA ACHCHIGE THANUJA DAMMIKA,National,Spanish,0766677300,"No:302/12/25, sri gunananda nahimi mawatha, meegoda",N-1955,thanujpitipana@gmail.com,Valid till 31st December 2027,http://srilanka.travel//image/cache/no_profile_image-235x145.jpg,237
ALUTH GEDARA ASANKA LALITH KUMARA,National,"English, German",0778199307,"No:b/22/3/a,school rd, udamakadawara, hingula, mawanella",N-1956,aluthgedara87asanka@gmail.com,Valid till 31st December 2027,http://srilanka.travel//image/cache/no_profile_image-235x145.jpg,237
D M D T B MEDAGEDARA,National,German,0777866937,"No:127/3, imbulgasdeniya, kegalle",N-1957,dilankamedagedara@gmail.com,Valid till 31st December 2027,http://srilanka.travel//image/cache/no_profile_image-235x145.jpg,237
T.M.S.D. SEMASINGHE,National,"English, French",0772634954,"05, u.c, quarters, kalutara north",N-1964,tmsdsemasinghe@gmail.com,Valid till 31st December 2027,http://srilanka.travel//image/cache/no_profile_image-235x145.jpg,237
MAHASEN GEDARA UDENI KUMARA MARASINGHE,National,"English, French",0755001723,"No:129, biridewala, aluviharaya, matale",N-1965,marasingheudeni72@gmail.com,Valid till 31st December 2027,http://srilanka.travel//image/cache/no_profile_image-235x145.jpg,237
H.M.ASANKA KUMARA,National,Spanish,0766306746,"No:299, akurawa, madahapola",N-1963,asankah750@gmail.com,Valid till 31st December 2027,http://srilanka.travel//image/cache/no_profile_image-235x145.jpg,237
MUDALIGE NUWAN DILUSHA PERERA,National,"English, French, Hebrew",0714868351,"No:218/a, pattinigoda, dope, bentota",N-1966,nuwan81perera@gmail.com,Valid till 31st December 2027,http://srilanka.travel//image/cache/no_profile_image-235x145.jpg,237
Search for a Tour Guide,,All Languages Arabic Chinese Dutch English French German Greek Hebrew Hindi Hungarian Italian Japanese Korean Mandarian Russian Spanish Swedish Tamil Thai Urdu Search,,,,,,http://www.srilanka.travel/images/theames-new/covidimg.png,237
Tour Guides,,,,,,,,http://www.srilanka.travel/images/theames-new/covidimg.png,237
ROHANA UPUL HETTIARACHCHI,National,Japanese,0777378871,"No:103a/1, kotalawala, kaduwela",N-1958,rohanahet9@gmail.com,Valid till 31st December 2027,http://srilanka.travel//image/cache/no_profile_image-235x145.jpg,238
MAHAWEHERAGODA KAPUARACHCHILAGE MANGALA DAMAYANTHA,National,French,0774594647,"No:22/2, 4th mile post, bomadura park, meegama, dhargatown",N-1959,mangala3000@gmail.com,Valid till 31st December 2027,http://srilanka.travel//image/cache/no_profile_image-235x145.jpg,238
NISSANKA SANTHA SUNIL,National,"English, Russian, German",0771504467,"No:101/7, egoda melegama road, melegama, wadduwa",N-1960,nissankamisha@gmail.com,Valid till 31st December 2027,http://srilanka.travel//image/cache/no_profile_image-235x145.jpg,238
DENAGAMAGE JAYATH VISHVANATH DE SILVA,National,"English, Italian",777676200,"No:671, halgahadeniya, mulleriyawa, new town",N-1962,djvdesilva@gmail.com,Valid till 31st December 2027,http://srilanka.travel//image/cache/no_profile_image-235x145.jpg,238
L.M. AMARASURIYA,National,"English, Hindi",0772516484,"No:55/1, meda welikada road, rajagiriya",N-1968,mohanloku@gmail.com,Valid till 31st December 2027,http://srilanka.travel//image/cache/no_profile_image-235x145.jpg,238
RANGA THUSHARA WANIGASEKARA,National,"English, Hindi",0756019778,"No:41/2, shri wajirawansha mw, obesekara pura, rajagiriya",N-1967,rtwanigasekara2@gmail.com,Valid till 31st December 2027,http://srilanka.travel//image/cache/no_profile_image-235x145.jpg,238
T.N. SAMARANAYAKE,National,"English, German",0766981268,"No:55, mayura avenue, bellanwila, boralesgamuwa",N-1974,emailnishan@gmail.com,Valid till 31st December 2027,http://srilanka.travel//image/cache/no_profile_image-235x145.jpg,238
PALIPANA GAVILIPITIYAGE KRISHAN SHASHI PERERA,National,"English, Japanese",0757019396,"No:1084/1c, k.a.perera mawatha, malabe",N-1971,pgksperera7@gmail.com,Valid till 31st December 2027,http://srilanka.travel//image/cache/no_profile_image-235x145.jpg,238
Search for a Tour Guide,,All Languages Arabic Chinese Dutch English French German Greek Hebrew Hindi Hungarian Italian Japanese Korean Mandarian Russian Spanish Swedish Tamil Thai Urdu Search,,,,,,http://www.srilanka.travel/images/theames-new/covidimg.png,238
Tour Guides,,,,,,,,http://www.srilanka.travel/images/theames-new/covidimg.png,238
MADAGAMMADDE GEDARA CHANAKA PRABHATH EKANAYAKE,National,French,0702353340,"No:63, delta gemunupura, pussellawa",N-1972,prabhathc25@gmail.com,Valid till 31st December 2027,http://srilanka.travel//image/cache/no_profile_image-235x145.jpg,239
D. P. SANJEEWA NIROSH KUMAR,National,Spanish,0714618536,"No:30/2, sappuwatte, palapathwala, matale",N-1969,dps1972nirosh@gmail.com,Valid till 31st December 2027,http://srilanka.travel//image/cache/no_profile_image-235x145.jpg,239
THUSITHA DHAMMIKA WILLAMUNE,National,English,0776054816,"No:120, willamuna walauwa, kiribathkumbura",N-1970,thusithawillamune@gmail.com,Valid till 31st December 2026,http://srilanka.travel//image/cache/no_profile_image-235x145.jpg,239
VIPULA CHANNA HATHARASINGHE.,National,"English, French",0757263487,"No:345/16, kuruppu lane, colombo-08",N-1975,vipula.channaa@gmail.com,Valid till 31st December 2027,http://srilanka.travel//image/cache/no_profile_image-235x145.jpg,239
DISSANAYAKA MUDIYANSELAGE DAMMIKA DISSANAYAKA,National,English,0777995578,"37/1,randeniya road,mahakeliya, wariyapola",N-1977,kindtours777@gmail.com,Valid till 31st December 2027,http://srilanka.travel//image/cache/no_profile_image-235x145.jpg,239
W.M. MALINDA LAHIRU WEERASINGHE,National,"English, French",0774334147,"No:32/1, rajasinghegama, werellagama, kandy",N-1976,lahiruw537@gmail.com,Valid till 31st December 2027,http://srilanka.travel//image/cache/no_profile_image-235x145.jpg,239
MOHAMED MIHIRAJ ISMAIL,National,French,0777444042,"No:220/4, pathiragoda rd, pamunuwa, maharagama",N-1982,ismaillanka123@gmail.com,Valid till 31st December 2027,image/tourist_guides/U050050000004615478090.jpg,239
PUWAKDANDAWE MUHANDIRAMGE GISHAN PRABATH BANDARA,National,"English, Chinese",0772733987,"No:57/10-b, ranmuthugala state, ranmuthugala, kadawatha",N-1984,gishanprabath@gmail.com,Valid till 31st December 2027,http://srilanka.travel//image/cache/no_profile_image-235x145.jpg,239
Search for a Tour Guide,,All Languages Arabic Chinese Dutch English French German Greek Hebrew Hindi Hungarian Italian Japanese Korean Mandarian Russian Spanish Swedish Tamil Thai Urdu Search,,,,,,http://www.srilanka.travel/images/theames-new/covidimg.png,239
Tour Guides,,,,,,,,http://www.srilanka.travel/images/theames-new/covidimg.png,239
H.P. ASITHA PATHIRANA,National,"English, French",0778356757,"No:64/05, donald perera mw, kohilawatta, wellampitiya",N-1983,asithakpathirana@gmail.com,Valid till 31st December 2027,http://srilanka.travel//image/cache/no_profile_image-235x145.jpg,240
H.N.C. FERNANDO,National,Spanish,0774210350,"No. 18 church road, vishaka watta, ekala, ja ela",N-1981,travelwithnalin@gmail.com,Valid till 31st December 2027,http://srilanka.travel//image/cache/no_profile_image-235x145.jpg,240
M. G. RUMESH LAKSHITHA RAJARATHNA,National,Chinese,0760723475,"Gemunupaya,thalwattha road,madipola,matale",N-1980,rumeshlakshitha91@gmail.com,Valid till 31st December 2027,http://srilanka.travel//image/cache/no_profile_image-235x145.jpg,240
J.L.D. RATHNA KEERTHI,National,German,0771960699,"No:12/1/a, rangamulla, waikkala",N-1985,keerthiliyanage884@gmail.com,Valid till 31st December 2027,http://srilanka.travel//image/cache/no_profile_image-235x145.jpg,240
SALILA DISAL RANASINGHE,National,Spanish,0770420911,"No:13, jail road, kaluwella, galle",N-1979,salila94@gmail.com,Valid till 31st December 2027,http://srilanka.travel//image/cache/no_profile_image-235x145.jpg,240
R.M.P.W. RATHNAYAKE,National,English,0707268378,"No:351/5, munamalgahawatte road, dalugama, kelaniya",N-1978,pradeeprathnayake23@gmail.com,Valid till 31st December 2027,http://srilanka.travel//image/cache/no_profile_image-235x145.jpg,240
H.M.R.T.S. KUMARA,National,French,0715991765,"No:111/2, katumuluwa, kanaththewewa",N-1986,rasikatshiyan3@gmail.com,Valid till 31st December 2027,http://srilanka.travel//image/cache/no_profile_image-235x145.jpg,240
H.D.M.RIZVI,Area,English,0770564737,"No.63,gajabapura,mahagasthota,nuwara eliya",A-1838,mohomedrizvi333@gmail.com,Valid till 31st December 2027,http://srilanka.travel//image/cache/no_profile_image-235x145.jpg,240
Search for a Tour Guide,,All Languages Arabic Chinese Dutch English French German Greek Hebrew Hindi Hungarian Italian Japanese Korean Mandarian Russian Spanish Swedish Tamil Thai Urdu Search,,,,,,http://www.srilanka.travel/images/theames-new/covidimg.png,240
Tour Guides,,,,,,,,http://www.srilanka.travel/images/theames-new/covidimg.png,240
VISSUNDARA MUDIYANSELAGE NAYANAJITH ROSHAN KUMARADASA,Area,English,0718484841,"No. 149/15,railway station road,haliela",A-1857,nayanjithshan@gmail.com,Valid till 31st December 2027,http://srilanka.travel//image/cache/no_profile_image-235x145.jpg,241
ELLALAGODA GAMAGE SHANTHA KUMARA,Area,English,0775741077,"351/2b,,prabuddha suba sadaka place,gothatuwa, angoda.",A-1845,suvid.pm@gmail.com,Valid till 31st December 2027,http://srilanka.travel//image/cache/no_profile_image-235x145.jpg,241
RUWAN PRABATH HENERANGODA,Area,English,0773521902,"Duwawatta,makalanda,walallawita.,kaluthra",A-1844,ruwanheneran@gmail.com,Valid till 31st December 2027,http://srilanka.travel//image/cache/no_profile_image-235x145.jpg,241
GOMARAGE DON LADEEP KUMARA JAYAWARDENA,Area,English,0771276956,"154/6a,meegawatta ethnamadala kalutara north,kalutara",A-1846,ladeeptravel@gmail.com,Valid till 31st December 2027,http://srilanka.travel//image/cache/no_profile_image-235x145.jpg,241
SEVINDAHANDI  NANDANA  UPUL  SHANTHA  SILVA,Area,English,0766798196,"No. 202a, 07th lane,,moragalla,,beruwala",A-1851,nandanasilva1968@gmail.com,Valid till 31st December 2027,http://srilanka.travel//image/cache/no_profile_image-235x145.jpg,241
ANANDA SUDARSHANA GAMAGE,Area,English,0714021337,"503/7c ruwanpura aggona angoda,ruwanpura,angoda",A-1853,anagamage@gmail.com,Valid till 31st December 2027,http://srilanka.travel//image/cache/no_profile_image-235x145.jpg,241
BRINSLY CLARANCE MORRIS,Area,English,0777888819,"No-:85, malgama road, maawaththa , hibutana,maawaththa,mulleriyawa",A-1850,brinsly.morris@gmail.com,Valid till 31st December 2027,http://srilanka.travel//image/cache/no_profile_image-235x145.jpg,241
W A SUNIL,Area,English,0773992231,"19/3 e,madapatumaga,thalpitiya north, wadduwa",A-1862,wasunil19@gmail.com,Valid till 31st December 2027,http://srilanka.travel//image/cache/no_profile_image-235x145.jpg,241
Search for a Tour Guide,,All Languages Arabic Chinese Dutch English French German Greek Hebrew Hindi Hungarian Italian Japanese Korean Mandarian Russian Spanish Swedish Tamil Thai Urdu Search,,,,,,http://www.srilanka.travel/images/theames-new/covidimg.png,241
Tour Guides,,,,,,,,http://www.srilanka.travel/images/theames-new/covidimg.png,241
RATHNAYAKA MUDIYANSELAGE NIMAL WIJERATHNA,Area,English,0777956517,"No 92/2, kanaththa road,mavittara,piliyandala.",A-1864,nimalwijerathne1963@gmail.com,Valid till 31st December 2027,http://srilanka.travel//image/cache/no_profile_image-235x145.jpg,242
WANAHAPPUGE GEDARA MALAKA MIHIRA BANDARA,Area,English,0776662782,"No 100,kalapuraya,sigiriya",A-1876,malkasigiriya@gmail.com,Valid till 31st December 2027,http://srilanka.travel//image/cache/no_profile_image-235x145.jpg,242
MOHAMMAD NISTHAR SHARIF,Area,English,0776729542,"No:5/4,kawdupelella, matale",A-1868,Shafnaf67@gmail.com,Valid till 31st December 2027,http://srilanka.travel//image/cache/no_profile_image-235x145.jpg,242
RAJAPAKSHA MUDIYANELAGE DIMANTHA DAMITH KUMARA,Area,English,0766988988,"No. 14/12/a/1,gangaboda road,badulla",A-1877,d.draft.survey@gmail.com,Valid till 31st December 2027,http://srilanka.travel//image/cache/no_profile_image-235x145.jpg,242
ABESINGHE APPUHAMILAGE MAHINDA KUMARA,Area,English,0711391639,"No: 42,govijana mawatha, vijayapura,anuradhapura",A-1878,mahindakumara054@gmail.com,Valid till 31st December 2027,http://srilanka.travel//image/cache/no_profile_image-235x145.jpg,242
MALCOLM JOHN DANIEL,National,Italian,0713070239,"No:137/3, samanvilla watta, demanhandiya",N-1988,malcolmjohndaniel2@gmail.com,Valid till 31st December 2026,http://srilanka.travel//image/cache/no_profile_image-235x145.jpg,242
GHANY MOHOMED MUSTHAFA,Area,English,0776025557,"No: 20/11,wiliyamgopallwa mawatha, suduhumpola,kandy",A-1881,musthafakandy10@gmail.com,Valid till 31st December 2027,http://srilanka.travel//image/cache/no_profile_image-235x145.jpg,242
H M P D ALUTHGEDARA,Area,English,0775716008,"No 116,kalapuraya,sigiriya",A-1880,pdaluthgedara@gmail.com,Valid till 31st December 2027,http://srilanka.travel//image/cache/no_profile_image-235x145.jpg,242
Search for a Tour Guide,,All Languages Arabic Chinese Dutch English French German Greek Hebrew Hindi Hungarian Italian Japanese Korean Mandarian Russian Spanish Swedish Tamil Thai Urdu Search,,,,,,http://www.srilanka.travel/images/theames-new/covidimg.png,242
Tour Guides,,,,,,,,http://www.srilanka.travel/images/theames-new/covidimg.png,242
JAYAWARDANA GAMACHCHIGE JAGATH ROHANA,Area,English,0772331303,"Deepthi,mavita,neluwa",A-1886,jrjayawardana@yahoo.com,Valid till 31st December 2027,http://srilanka.travel//image/cache/no_profile_image-235x145.jpg,243
MALAMBAGE SUMUDU SUPUN SIRIMANNA,National,"English, Japanese",0773401122,"No:491/a, pannila, ruggahawila",N-1990,mssupun2015@gmail.com,Valid till 31st December 2027,http://srilanka.travel//image/cache/no_profile_image-235x145.jpg,243
H.A NADEESHA MADUSHANKA DIAS,Chauffeur,Japanese,0702858215,"Raja mawatha,kataragama",C-1737,nadeesha.dias12345@gmail.com,Valid till 31st December 2027,image/tourist_guides/U050050000004305476532.jpeg,243
BODAHANDI SHIRAN DARSHANA,Area,English,0774607454,"18,wathuregama,ahungalla",A-1897,info@bamboo-massage.com,Valid till 31st December 2027,http://srilanka.travel//image/cache/no_profile_image-235x145.jpg,243
JEEWENDRA DILHARA SAMPATH PITIGALA ARACHCHI,Area,English,0721361856,"125/2,,galle road,,ahungalla",A-1895,dlhrsmpth7@gmail.com,Valid till 31st December 2027,http://srilanka.travel//image/cache/no_profile_image-235x145.jpg,243
JILANJANA RAJITHA AMARASEKARA,Area,English,0779797166,"No.108, pitaramba,bentota",A-1899,jilanhomestay@gmail.com,Valid till 31st December 2027,http://srilanka.travel//image/cache/no_profile_image-235x145.jpg,243
KASTHURI ARACHCHIGE ANURANGA UDAYA BANDARA,Area,English,0712012555,"54/c saman, galle road,ahungalla",A-1900,Anurangab427@gmail.com,Valid till 31st December 2027,http://srilanka.travel//image/cache/no_profile_image-235x145.jpg,243
INDIKA NALIN KUMARA AMARATHUNGA,Area,English,0776208458,"No. 410a,,hunganthota,,bentota",A-1905,indikabenthara@gmail.com,Valid till 31st December 2027,http://srilanka.travel//image/cache/no_profile_image-235x145.jpg,243
Search for a Tour Guide,,All Languages Arabic Chinese Dutch English French German Greek Hebrew Hindi Hungarian Italian Japanese Korean Mandarian Russian Spanish Swedish Tamil Thai Urdu Search,,,,,,http://www.srilanka.travel/images/theames-new/covidimg.png,243
Tour Guides,,,,,,,,http://www.srilanka.travel/images/theames-new/covidimg.png,243
H. L. NISHANTHA RANJEEWA,Area,English,0779196764,"No. 602,sinharupagama, maddewela,bentota",A-1903,nishantharanjeewa5@gmail.com,Valid till 31st December 2027,http://srilanka.travel//image/cache/no_profile_image-235x145.jpg,244
H K HELANKA KUMARJEEWA,Area,English,0712077969,"297/a,godakumbura, heenatigala, talpe",A-1907,helanka99@gmail.com,Valid till 31st December 2027,http://srilanka.travel//image/cache/no_profile_image-235x145.jpg,244
SANJEEWA NUWAN RANKOTH,Area,English,0777749472,"Kandy road,thirappane,",A-1925,sanjeew1987rankoth@gmail.com,Valid till 31st December 2027,http://srilanka.travel//image/cache/no_profile_image-235x145.jpg,244
C.S.P.R.JAYAWARDANA,Area,English,0716581838,"3/2,perakum uyana,polonnaruwa",A-1913,jayawardaneranjith02@gmail.com,Valid till 31st December 2027,http://srilanka.travel//image/cache/no_profile_image-235x145.jpg,244
WITHANAGE LAHIRU CHAMMIKA RANATHUNGA,Area,English,0777725055,"No 163,4th mile post,,rajanganaya road,,thambuttegama",A-1914,lahiru.chammika@gmail.com,Valid till 31st December 2027,http://srilanka.travel//image/cache/no_profile_image-235x145.jpg,244
PAYAGALA SELLAGE SHIRAN DAMITH FERNANDO,Area,English,0779904702,"Dambulla road,habarana",A-1927,sdf.shiran@yahoo.com,Valid till 31st December 2027,http://srilanka.travel//image/cache/no_profile_image-235x145.jpg,244
WARNAKULASOORIYAGE NALINGA RUWAN CHAMARA FERNANDO,Area,English,0772438535,"Kokunnewa,,ranorawa,,nochchiyagama",A-1928,nalifernandof@gmail.com,Valid till 31st December 2027,http://srilanka.travel//image/cache/no_profile_image-235x145.jpg,244
VIDANEGE ROHITHA FENANDO,Area,English,0779263887,"No. 188,lolugaswewa para, abayawewa, anuradhapura",A-1929,rohithafw@gmail.com,Valid till 31st December 2026,http://srilanka.travel//image/cache/no_profile_image-235x145.jpg,244
Search for a Tour Guide,,All Languages Arabic Chinese Dutch English French German Greek Hebrew Hindi Hungarian Italian Japanese Korean Mandarian Russian Spanish Swedish Tamil Thai Urdu Search,,,,,,http://www.srilanka.travel/images/theames-new/covidimg.png,244
Tour Guides,,,,,,,,http://www.srilanka.travel/images/theames-new/covidimg.png,244
H.M.G.J ABEWARDHANA,Area,English,0770839059,"No 85 , 25th mile post, polonnaruwa",A-1932,ruinsdinux2001@gmail.com,Valid till 31st December 2027,http://srilanka.travel//image/cache/no_profile_image-235x145.jpg,245
R.M.B.N.B. RATHNAYAKA,Area,English,0713826635,"25/1, udugoda, wattegama,,kandy",A-1936,travelwithbuddhika@gmail.com,Valid till 31st December 2027,http://srilanka.travel//image/cache/no_profile_image-235x145.jpg,245
T.G.D.A.JAYASIRI,National,Japanese,773618532,"No:28/a/104, ""ransiri uyana"", horagasmulla, divulapitiya",N-1991,Jayasiriag@gmail.com,Valid till 31st December 2027,http://srilanka.travel//image/cache/no_profile_image-235x145.jpg,245
T.W.  RANGA HASANTHA,National,English,0702571606,"No:35, maha-ambalangoda, ambalangoda",N-1993,ryanhasa35@gmail.com,Valid till 31st December 2027,http://srilanka.travel//image/cache/no_profile_image-235x145.jpg,245
PASKUWAL HANDY ASOKA DHARMAPRIYA MENDIS,National,English,0777718518,"No:234/3, kitamalewatte, karamada, gelioya",N-1995,asokamendiz@gmail.com,Valid till 31st December 2027,http://srilanka.travel//image/cache/no_profile_image-235x145.jpg,245
G.K.A.SAMARASINGHE,Area,English,0718034522,"Hunuketiya, uva karandagolla,ella,uva",A-1942,anurudda.gkas@gmail.com,Valid till 31st December 2027,http://srilanka.travel//image/cache/no_profile_image-235x145.jpg,245
HERATH GAMAGE SAMANTHA JEEWAN JAYATHILAKA,Area,English,0771824847,"Temple road yahalegama, anuradhapura,",A-1941,madushicot@gmail.com,Valid till 31st December 2027,http://srilanka.travel//image/cache/no_profile_image-235x145.jpg,245
K. SHANTHA SENARATHNE,Area,English,0765234132,"No:190/1, thalihunne,kurunduwatte new town, kurunuduwatte,gampola",A-1943,shas0378@gmail.com,Valid till 31st December 2027,http://srilanka.travel//image/cache/no_profile_image-235x145.jpg,245
Search for a Tour Guide,,All Languages Arabic Chinese Dutch English French German Greek Hebrew Hindi Hungarian Italian Japanese Korean Mandarian Russian Spanish Swedish Tamil Thai Urdu Search,,,,,,http://www.srilanka.travel/images/theames-new/covidimg.png,245
Tour Guides,,,,,,,,http://www.srilanka.travel/images/theames-new/covidimg.png,245
L T P FERNANDO,Area,English,0776900713,"No. 362 kimbulapitiya,negombo,",A-1950,2024liyanage@gmail.com,Valid till 31st December 2027,http://srilanka.travel//image/cache/no_profile_image-235x145.jpg,246
DAPANA DURAGE  CHANDANA SURESH,Area,English,0779868112,"284,pullayar junction, mihinthale road,anuradhapura",A-1956,ddcsuresh82@gmail.com,Valid till 31st December 2027,http://srilanka.travel//image/cache/no_profile_image-235x145.jpg,246
LIYANAGE SURANGA NILANDA FERNANDO,National,English,0773386053,"No:471/1d, inigala road, katugastota",N-1996,nilonfernando@gmail.com,Valid till 31st December 2027,http://srilanka.travel//image/cache/no_profile_image-235x145.jpg,246
MODARAGE CHANDANA BESIL PRANANDO,Area,English,0775792928,"156, attaragama,ambathenna,kandy",A-1944,fanandobapil@gmail.com,Valid till 31st December 2027,http://srilanka.travel//image/cache/no_profile_image-235x145.jpg,246
DENVER AUBREY HAMER,Area,English,0773992274,"75/91c,gramasanwardhana road, polwatte,pannipitiya",A-1948,denverhamer1@gmail.com,Valid till 31st December 2027,http://srilanka.travel//image/cache/no_profile_image-235x145.jpg,246
HEWARATHNAGE MALAKA RUWAN HEWARATHNA,Area,English,0719123489,"Piya sewana,25 mile post,polonnaruwa",A-1961,malakaruwan8315@gmail.com,Valid till 31st December 2027,http://srilanka.travel//image/cache/no_profile_image-235x145.jpg,246
RANASINGHE ARACHCHIGE ANIL GAMINI,Area,English,0722088369,"341, thulana,  andarawewa",A-1962,anilgamini571@gmail.com,Valid till 31st December 2027,http://srilanka.travel//image/cache/no_profile_image-235x145.jpg,246
A.H.M.RIZWAN,Area,English,0775066147,"No 8,wattegedara,polgolla",A-1963,rizwan95vinco@gmail.com,Valid till 31st December 2027,http://srilanka.travel//image/cache/no_profile_image-235x145.jpg,246
Search for a Tour Guide,,All Languages Arabic Chinese Dutch English French German Greek Hebrew Hindi Hungarian Italian Japanese Korean Mandarian Russian Spanish Swedish Tamil Thai Urdu Search,,,,,,http://www.srilanka.travel/images/theames-new/covidimg.png,246
Tour Guides,,,,,,,,http://www.srilanka.travel/images/theames-new/covidimg.png,246
SRIYA KANKANI PATHMASIRI,Area,English,0779612780,"No:63, thuduwamulla road, maha ambalangoda, ambalangoda",A-1973,skdevilanka@yahoo.com,Valid till 31st December 2026,http://srilanka.travel//image/cache/no_profile_image-235x145.jpg,247
S.M.G.W.SUMEDA CHANDANA KUMARA GALPOTTAWALA .,Chauffeur,English,0770228693,"No 92,,galpottawala ,gallallagama ,,kandy .",C-1739,sumeda620@gmail.com,Valid till 31st December 2027,image/tourist_guides/U050050000004833475587.jpg,247
L.A.G FERNANDO,Chauffeur,English,0777569560,"No 564/a second kurana,colombo road,negombo",C-1743,antongretionfernando@gmail.com,Valid till 31st December 2027,image/tourist_guides/U050050000004849476048.jpg,247
K.D.L.K.RANDENIYA,Chauffeur,English,0775583366,"Wendesiwattha , warakawehera,morathiha,via / kurunegala",C-1742,leslykr@gmail.com,Valid till 31st December 2027,image/tourist_guides/U050050000004853476117.jpg,247
R.M.C.S RATHNAYAKE,Chauffeur,English,0776122357,"No:165/f, kekulangoda, gampaha",C-1745,chanchanka9@gmail.com,Valid till 31st December 2027,image/tourist_guides/U050050000004856473615.jpeg,247
MANNAMARAKKALAGE HARESH JAYAMAL COORAY,Chauffeur,English,0713490988,"68,,sobitha mawatha,wadduwa",C-1744,haresh.cooray@yahoo.com,Valid till 31st December 2027,image/tourist_guides/U050050000004857476101.jpg,247
A.K.R.T.B.SAMARASINGHE,Chauffeur,English,0773971746,"Principal's quarters, aththidiya model primary school, aththidiya, dehiwala",C-1741,rushdiscover71120@gmail.com,Valid till 31st December 2027,image/tourist_guides/U050050000004864473634.JPG,247
ANGAPPULI HEWAGE DAMITH DILSHAN,Chauffeur,English,0729171089,"No:148/c, sambuddidewahena, udumulla, padukka",C-1748,damithshan9286@gmail.com,Valid till 31st December 2027,image/tourist_guides/U050050000004837473813.jpg,247
Search for a Tour Guide,,All Languages Arabic Chinese Dutch English French German Greek Hebrew Hindi Hungarian Italian Japanese Korean Mandarian Russian Spanish Swedish Tamil Thai Urdu Search,,,,,,http://www.srilanka.travel/images/theames-new/covidimg.png,247
Tour Guides,,,,,,,,http://www.srilanka.travel/images/theames-new/covidimg.png,247
A.M.K.G.H.JAYASEKERA,Chauffeur,"English Tel 0772920696 Address 150/9/b,liyanagemulla,seeduwa Registration No C-1747 Email sumuduayachana@gmail.com Validity status of licence: Valid till 31st December 2027",0775798222,"No:127/5, rahula road, angoda",C-1746,hemantha.jayasekera@gmail.com,Valid till 31st December 2027,image/tourist_guides/U050050000004840473717.jpg,248
ALLENSIKUTTIGE THARAKA PRABATH FERNANDO,Chauffeur,English,0772920696,"150/9/b,liyanagemulla,seeduwa",C-1747,sumuduayachana@gmail.com,Valid till 31st December 2027,image/tourist_guides/U050050000004834473830.jpeg,248
DIGULMADU LIYANAGE AMIL CHAMARA,Chauffeur,English,0770791080,"23/6 a,katuwalamulla,ganemulla",C-1749,amilchamara@gmail.com,Valid till 31st December 2027,image/tourist_guides/U050050000004852474530.jpg,248
MANNAWALAGE NISAN FERNANDO,Chauffeur,English,0777868639,"No:33/6, makulugahawaththa rd, kelaniya",C-1752,nishanfernando.lk@gmail.com,Valid till 31st December 2027,image/tourist_guides/U050050000004851473311.png,248
E.I.K. DISSANAYAKA,Chauffeur,English,0774450445,"24/21/1,kospalanawatta, suwarapola,piliyandala",C-1750,indikadisa@icloud.com,Valid till 31st December 2027,image/tourist_guides/U050050000004869475746.jpg,248
SOHAN NALLAPERUMA,Chauffeur,English,0715567211,"Subarashi,unella,palatuwa,,matara",C-1754,sohannallaperuma1122@yahoo.com,Valid till 31st December 2027,image/tourist_guides/U050050000004846475191.jpg,248
DISSANAYAKE ARCHCHILAGE BUWANEKA SANDARUWAN DISSANAYAKE,Chauffeur,English,0712611102,"412/11,pahala imbulgoda,,imbulgoda",C-1755,Buwanekasd@gmail.com,Valid till 31st December 2027,image/tourist_guides/U050050000004861473767.jpg,248
DUMINDA MUNASINGHE,Chauffeur,English,0773423538,"209/2a, ""chamathkara"",p/karagahamuna,kadawatha",C-1753,dumindamuna2020@gmail.com,Valid till 31st December 2027,http://srilanka.travel//image/cache/no_profile_image-235x145.jpg,248
Search for a Tour Guide,,All Languages Arabic Chinese Dutch English French German Greek Hebrew Hindi Hungarian Italian Japanese Korean Mandarian Russian Spanish Swedish Tamil Thai Urdu Search,,,,,,http://www.srilanka.travel/images/theames-new/covidimg.png,248
Tour Guides,,,,,,,,http://www.srilanka.travel/images/theames-new/covidimg.png,248
S.SHANMUGARAJAH,Chauffeur,English,0778271954,"181/3c,naleemhajiyarpura,ihala  kottaramulla",C-1756,kishorbeach@yahoo.com,Valid till 31st December 2027,image/tourist_guides/U050050000004868474359.jpeg,249
P.L.K RUPASINGHE,Chauffeur,English,0773251391,"S - 41,nivasipura,kotugoda",C-1757,prathaprupasinghe@gmail.com,Valid till 31st December 2027,image/tourist_guides/U050050000004879474536.JPG,249
LENADUWE LOKUGE LAKVIJITHA LENADUWE,Chauffeur,English,0717339028,"108/3, 1st lane,,prabuddha mawatha, mampe, pliyandala.,",C-1759,gowithvijith@gmail.com,Valid till 31st December 2027,image/tourist_guides/U050050000004839475871.jpg,249
RANASINGHE MUDIYANSELAGE RANJITH,Area,English,0778997857,"No:41/20, hapugaspitiya, kandy",A-1982,saeraj2001@gmail.com,Valid till 31st December 2027,http://srilanka.travel//image/cache/no_profile_image-235x145.jpg,249
UNDIYE GEDARA ROHITHA LAL BANDARA,Area,English,0771671359,"No 34/1,thalkote,sigiriya",A-1981,rohithasigiriya@gmail.com,Valid till 31st December 2027,http://srilanka.travel//image/cache/no_profile_image-235x145.jpg,249
NILETHI YASATH PRAMITHA PRAMARATHNA,Site,,0770310149,"No.533, galle road, ahungalla",S-0153,pramithayasath@gmail.com,Valid till 31st December 2027,http://srilanka.travel//image/cache/no_profile_image-235x145.jpg,249
NANHEDIRI NALIN PRIYANKA SENANAYAKA,Site,"English Tel 0772855315 Address Makulugolla,kalapuraya,sigiriya Registration No A-1988 Email ravindrakumararpk@gmail.com Validity status of licence: Valid till 31st December 2027",0779504156,"No:136/3, thotawatta road, ahungalla",S-0152,Naleen.priyanga2018@gmail.com,Valid till 31st December 2027,http://srilanka.travel//image/cache/no_profile_image-235x145.jpg,249
RATHNAYAKE MUDIYANSELAGE RAVINDRA PUSHPAKUMARA,Area,English,0772855315,"Makulugolla,kalapuraya,sigiriya",A-1988,ravindrakumararpk@gmail.com,Valid till 31st December 2027,http://srilanka.travel//image/cache/no_profile_image-235x145.jpg,249
Search for a Tour Guide,,All Languages Arabic Chinese Dutch English French German Greek Hebrew Hindi Hungarian Italian Japanese Korean Mandarian Russian Spanish Swedish Tamil Thai Urdu Search,,,,,,http://www.srilanka.travel/images/theames-new/covidimg.png,249
Tour Guides,,,,,,,,http://www.srilanka.travel/images/theames-new/covidimg.png,249
S.A.N.ARAVINDA ARACHCHIGE,Chauffeur,English,0766132787,"48,gangasirigama,atabage",C-1761,nuwanaravinda929@gmail.com,Valid till 31st December 2027,image/tourist_guides/U050050000004872475649.jpg,250
PITIGALAGE VIPULA CHAMINDA KURERA,Chauffeur,English,0705957615,"No 17/3,ranaviru raj fernando mawatha, kurunegala road,chilaw",C-1766,pkurera054@gmail.com,Valid till 31st December 2027,image/tourist_guides/U050050000004847476194.jpg,250
H.A.C.G.HATHARASINGHA,Chauffeur,English,0716081008,"No:477/a/4, hadies estate, malawa, kuruwita",C-1763,matrixfourh@gmail.com,Valid till 31st December 2027,image/tourist_guides/U050050000004850474632.jpeg,250
AGAMPODI ASITHA ERANDA DE ZOYSA,Chauffeur,English,0713903318,"09 b,jayanthi mawatha,dadalla, galle",C-1770,asithazoysa3k@gmail.com,Valid till 31st December 2027,http://srilanka.travel//image/cache/no_profile_image-235x145.jpg,250
HENARATH MOHOTTIGE JEEVAKA HASHEIN SUDARSHANA,Chauffeur,English,0778741872,"Darshana banneggama estate,nikadalupotha,kurunegala",C-1769,jeevhash@gmail.com,Valid till 31st December 2027,image/tourist_guides/U050050000004866476273.jpg,250
WEERASINGHA PATHIRANAGE RENUKA RANATHUNGA,National,Chinese,0770709926,"No:177/b, raithalawela junction, ukuwela",N-1999,ranathunga1974@icloud.com,Valid till 31st December 2027,http://srilanka.travel//image/cache/no_profile_image-235x145.jpg,250
KALYANA SRI WIJETUNGE,Chauffeur,English,0777522556,"762a, wijetunge estate,anghanaketiya,karandeniya",C-1772,kalyanaspeedray@gmail.com,Valid till 31st December 2027,image/tourist_guides/U050050000004843474310.jpg,250
INDIKADULLA KANKANAMGE CHINTHAKA RUWAN KUMARA,Chauffeur,English,0773471582,"Waththahena,thalgampala,galle",C-1771,chinthaka.ikr@gmail.com,Valid till 31st December 2027,image/tourist_guides/U050050000004893475787.jpeg,250
Search for a Tour Guide,,All Languages Arabic Chinese Dutch English French German Greek Hebrew Hindi Hungarian Italian Japanese Korean Mandarian Russian Spanish Swedish Tamil Thai Urdu Search,,,,,,http://www.srilanka.travel/images/theames-new/covidimg.png,250
Tour Guides,,,,,,,,http://www.srilanka.travel/images/theames-new/covidimg.png,250
RAMMUNI HARUTH MALAN DE SILVA,Chauffeur,English,0779958325,"187/1,jayanthi mawatha,mahawaskaduwa, waskaduwa",C-1773,Haruthmallen@gmail.com,Valid till 31st December 2027,image/tourist_guides/U050050000004891474534.jpg,251
S.D. PRIYANTHA PEIRIS,Chauffeur,English,0773747332,"51/3,,chakindarama road,rathmalana",C-1775,priyanthapieris182@gmail.com,Valid till 31st December 2027,image/tourist_guides/U050050000004910476036.jpg,251
SUBAWEERA GAMAGE  MANJULA CHAMINDA,Chauffeur,English,0771860835,"C21, maha road,manning town,colombo 08",C-1776,manjulasubaweeraa@gmail.com,Valid till 31st December 2027,image/tourist_guides/U050050000004838475119.jpg,251
W.A.D.S.K..WICKRAMAARACHCHI,Chauffeur,English,0776943881,"No,33,araliya uyana,dummaladeniya,warakapola",C-1778,dhammikasanath286@gmail.com,Valid till 31st December 2027,image/tourist_guides/U050050000004914476017.jpg,251
V NALINDA PERERA,Chauffeur,English,0774240310,"30/1,,malalasekara mawetha ,,colombo 07",C-1777,nalindav@gmail.com,Valid till 31st December 2027,image/tourist_guides/U050050000004887476143.jpg,251
AMUNUGAMA GEDARA JAGATH KUMARA RANAWEERA,Chauffeur,English,0718658141,"98,bomaluwa road,,watapuluwa, kandy",C-1779,jagathr70@hotmail.com,Valid till 31st December 2027,image/tourist_guides/U050050000004898475931.jpg,251
HEWAGE MALEESHA LAKNATH HEWAGE,Area,English,0770374840,"10,halpola,pundaluoya",A-1996,maleeshadjs@gmail.com,Valid till 31st December 2027,http://srilanka.travel//image/cache/no_profile_image-235x145.jpg,251
HERATH MUDIYANSELAGE GAMAGEDARA UDAYA CHANDANA HERATH,Area,English,0713069771,"46/48,kashyapagama,sigiriya",A-1997,udayachandana1997@gmail.com,Valid till 31st December 2027,http://srilanka.travel//image/cache/no_profile_image-235x145.jpg,251
Search for a Tour Guide,,All Languages Arabic Chinese Dutch English French German Greek Hebrew Hindi Hungarian Italian Japanese Korean Mandarian Russian Spanish Swedish Tamil Thai Urdu Search,,,,,,http://www.srilanka.travel/images/theames-new/covidimg.png,251
Tour Guides,,,,,,,,http://www.srilanka.travel/images/theames-new/covidimg.png,251
ISURU MILINDA KUMARA HERATH,Chauffeur,English,0710630063,"43,pelawa pahalagama,muruthalawa",C-1780,isurumilinda552@gmail.com,Valid till 31st December 2027,image/tourist_guides/U050050000004916475192.jpg,252
THARINDU SAMPATH PAHALA GAMAGE,Chauffeur,English,0715557770,"988/a,ihalagama road,,deniyaya",C-1781,tharindug9@gmail.com,Valid till 31st December 2027,image/tourist_guides/U050050000004907475771.jpg,252
WALIMUNI CHAMINDA FONSEKA,National,English,0711196110,"No:69, ebert lane, kaldemulla, moratuwa",N-2000,fonsekachaminda149@gmail.com,Valid till 31st December 2027,http://srilanka.travel//image/cache/no_profile_image-235x145.jpg,252
OSHAN CHANAKA ATHUKORALA,Chauffeur,English,0773382702,"No.282c, samagimawatha, palayangoda, payagala.,payagala,kalutara",C-1783,oshanathukorala04@gmail.com,Valid till 31st December 2027,image/tourist_guides/U050050000004867475612.jpg,252
WATAGODAGE KELUM CHAMINDA BANDARA,Chauffeur,English,0777469391,"1/22, mountfranion,murutalawa,kandy",C-1782,kalumns5@yahoo.com,Valid till 31st December 2027,http://srilanka.travel//image/cache/no_profile_image-235x145.jpg,252
RAMANAYAKAGE ANANDA KUMARA SENEVIRATHNA,Chauffeur,"English, Russian",0770339303,"No:33/c, gonagalapura, bentota",C-1784,senevirathnaananda@gmail.com,Valid till 31st December 2027,image/tourist_guides/U050050000004825476280.jpg,252
N N KRISHAN FERNANDO,National,English,0777219330,"No:135/4, araliya uyana, melegama, wadduwa",N-2002,krishfe@gmail.com,Valid till 31st December 2027,image/tourist_guides/U050050000004918468741.jpg,252
UPUL JAGATH KUMARA PANDITHA,National,German,0758802999,"No:244/a, temple road, colombo-10",N-2004,upulpanditha@gmail.com,Valid till 31st December 2027,http://srilanka.travel//image/cache/no_profile_image-235x145.jpg,252
Search for a Tour Guide,,All Languages Arabic Chinese Dutch English French German Greek Hebrew Hindi Hungarian Italian Japanese Korean Mandarian Russian Spanish Swedish Tamil Thai Urdu Search,,,,,,http://www.srilanka.travel/images/theames-new/covidimg.png,252
Tour Guides,,,,,,,,http://www.srilanka.travel/images/theames-new/covidimg.png,252
SANJAY JAYAWARDENA,National,English,0763836100,"No:12, st.patrick's rd, molligoda,wadduwa",N-2009,sanjay.jayawardena81@gmail.com,Valid till 31st December 2027,http://srilanka.travel//image/cache/no_profile_image-235x145.jpg,253
LAXMAN KOSALA IDDAMALGODA,National,English,0772836007,"No:8/a/5, housing scheme, hanthana, kandy",N-2011,iddamalgodak2@gmail.com,Valid till 31st December 2027,http://srilanka.travel//image/cache/no_profile_image-235x145.jpg,253
H. SAMEERA ROSHAN DE SILVA,National,"English, Spanish",776011317,"No:33/3, manthrimulla road, attidiya, dehiwala",N-2010,sameeradesilva2005@gmail.com,Valid till 31st December 2027,http://srilanka.travel//image/cache/no_profile_image-235x145.jpg,253
KOTTE BULATHSINGHALAGE LAKSHAN YASITH MADHUSANKE,National,Chinese,0710968677,"No:16, kopiwaththa, galambalama, theldeniya",N-2012,infolakshanwang@gmail.com,Valid till 31st December 2027,http://srilanka.travel//image/cache/no_profile_image-235x145.jpg,253
THEEKSHANA SHASHIPRABHA WEERASINGHE,National,English,0719231010,"65/3,,old road,,kalutara south",N-2013,tsweerasinghe@gmail.com,Valid till 31st December 2027,http://srilanka.travel//image/cache/no_profile_image-235x145.jpg,253
S.A.D.CHAMILA KUSHAN SUWANDAARACHCHI,Area,English,0767093079,"165,subodi uyana, gamagoda,kalutara south",A-2007,chamilakushan.ck@gmail.com,Valid till 31st December 2027,http://srilanka.travel//image/cache/no_profile_image-235x145.jpg,253
MEEPE ARACHCHIGE HASITHA VISHWA WEERASOORIYA,National,English,0711814420,"No:1/1/c, cloda west, metihakka, matale",N-2014,ninjahasitha@gmail.com,Valid till 31st December 2027,http://srilanka.travel//image/cache/no_profile_image-235x145.jpg,253
T.M. KITHSIRI TENNAKOON,National,English,0718252223,"Kadurugahamaditte, ranjanagama",N-2015,kithsiri.slvp@gmail.com,Valid till 31st December 2027,http://srilanka.travel//image/cache/no_profile_image-235x145.jpg,253
Search for a Tour Guide,,All Languages Arabic Chinese Dutch English French German Greek Hebrew Hindi Hungarian Italian Japanese Korean Mandarian Russian Spanish Swedish Tamil Thai Urdu Search,,,,,,http://www.srilanka.travel/images/theames-new/covidimg.png,253
Tour Guides,,,,,,,,http://www.srilanka.travel/images/theames-new/covidimg.png,253
KOLAMBAGE CHAMARA KELUM KUMARA,National,Chinese,0768414956,"No:470/1, dadigama, malmessa, nelundeniya",N-2017,chami19920529@gmail.com,Valid till 31st December 2027,http://srilanka.travel//image/cache/no_profile_image-235x145.jpg,254
GAMAGE GREETH SUMUDU PERERA,National,Chinese,777770184,"No:159/b, ""samanka"", kothalawala, bandaragama",N-2021,geethperera7@gmail.com,Valid till 31st December 2027,http://srilanka.travel//image/cache/no_profile_image-235x145.jpg,254
ARIYAPPERUMA ARACHCHILAGE PEMIDU PAHAN KESHARA ARIYAPPERUMA,National,English,0767888496,"No:465/c, bambarakatupotha, galewela",N-2020,pahanbiz50@gmail.com,Valid till 31st December 2027,http://srilanka.travel//image/cache/no_profile_image-235x145.jpg,254
BUWANEKA PRATHAP JAYASINGHE,National,English,0773058695,"No:g/341, nivasipura, ja ela",N-2022,prathap.jayasinghe@gmail.com,Valid till 31st December 2027,http://srilanka.travel//image/cache/no_profile_image-235x145.jpg,254
M.R.D. BANDARA,National,English,0778125296,"No:b/54/3, nilwakka, kegalle",N-2023,mrdbntg@gmail.com,Valid till 31st December 2027,http://srilanka.travel//image/cache/no_profile_image-235x145.jpg,254
K S CHANDIMA,National,English,0775188753,"No:51/2, delvagura, via mirigama",N-2025,ksarathchandima@gmail.com,Valid till 31st December 2026,http://srilanka.travel//image/cache/no_profile_image-235x145.jpg,254
RIYANCY PRIYADARSHANA GANGEWATTA,National,English,0773597591,"No:10/10, narandanda lane, wattegama",N-2024,riyancyg1@gmail.com,Valid till 31st December 2027,http://srilanka.travel//image/cache/no_profile_image-235x145.jpg,254
R.M.C.M.K. RATHNAYAKE,National,Spanish,0703030200,"Sandatenna, 2nd lane, atamune rd, yaggapitiya, kurunagala",N-2026,charithmadusankarm78@gmail.com,Valid till 31st December 2027,http://srilanka.travel//image/cache/no_profile_image-235x145.jpg,254
Search for a Tour Guide,,All Languages Arabic Chinese Dutch English French German Greek Hebrew Hindi Hungarian Italian Japanese Korean Mandarian Russian Spanish Swedish Tamil Thai Urdu Search,,,,,,http://www.srilanka.travel/images/theames-new/covidimg.png,254
Tour Guides,,,,,,,,http://www.srilanka.travel/images/theames-new/covidimg.png,254
INDIKA PRABASH RANATUNGA,National,English,0772493185,"No:73/1, anagarika dharmapala mw, kandy",N-2027,ranatungaprabash@gmail.com,Valid till 31st December 2027,http://srilanka.travel//image/cache/no_profile_image-235x145.jpg,255
HASHINI RUWANTHIKA WEERAKOON,National,Spanish,0713595376,"No:372/3c, pitipana north, homagama",N-2030,weerakoonhr@gmail.com,Valid till 31st December 2027,http://srilanka.travel//image/cache/no_profile_image-235x145.jpg,255
RAJITHA LAKMAL ELPITIYA,National,Chinese,0716247424,"No:64, ambalammulla, seeduwa",N-2028,rle.rajitha@gmail.com,Valid till 31st December 2027,http://srilanka.travel//image/cache/no_profile_image-235x145.jpg,255
W.M.R.P.W.H.B.G.WALGAMPAYA,National,English,0767572378,"No:67/1, pihilladeniya, bowatta, ukuwela",N-2029,harindu@live.co.uk,Valid till 31st December 2027,http://srilanka.travel//image/cache/no_profile_image-235x145.jpg,255
R.A.A.WIJAYALAL,National,English,0776915984,"No:279, hansagiri road, gampaha",N-2033,wijayalal@gmail.com,Valid till 31st December 2027,http://srilanka.travel//image/cache/no_profile_image-235x145.jpg,255
H.P. WITHANAGE,National,"English, French",077-568093,"Tharanga, horawala junction, welipenna",N-2031,whiranya@hotmail.com,Valid till 31st December 2027,http://srilanka.travel//image/cache/no_profile_image-235x145.jpg,255
H.A.S.P.DE.SILVA,Chauffeur,English,0776211115,"275,lihiniyawa,mahakalupahana, mathugama,western",C-1785,rathnayakasithum75@gmail.com,Valid till 31st December 2027,image/tourist_guides/U050050000004977475193.jpg,255
C.U.R.JAYAWARDANE,Area,English,0777510940,"No:7/a, ketakumbura, kadugannawa",A-2008,chandanajayawardne@gmail.com,Valid till 31st December 2027,http://srilanka.travel//image/cache/no_profile_image-235x145.jpg,255
Search for a Tour Guide,,All Languages Arabic Chinese Dutch English French German Greek Hebrew Hindi Hungarian Italian Japanese Korean Mandarian Russian Spanish Swedish Tamil Thai Urdu Search,,,,,,http://www.srilanka.travel/images/theames-new/covidimg.png,255
Tour Guides,,,,,,,,http://www.srilanka.travel/images/theames-new/covidimg.png,255
ARACHCHIGE DISNAKA NISHANTHA AMARASINGHE,National,"English, German",0711530284,"No:46/5, liyanguwawatta, aruppassa, walgammulla, veyangoda",N-2034,disnakanisha@gmail.com,Valid till 31st December 2027,http://srilanka.travel//image/cache/no_profile_image-235x145.jpg,256
MAHASAMILLAGE DON SAHAN SANDAMAL,National,Spanish,0703908194,"No:41, siriniwasa, haburugala, bentota",N-2035,sahansandamal123@gmail.com,Valid till 31st December 2027,http://srilanka.travel//image/cache/no_profile_image-235x145.jpg,256
K.G.D. PRASAJITH,National,English,0773611644,"No:260/m/94, torinton road, colombo-05",N-2036,dpkg2020@gmail.com,Valid till 31st December 2027,http://srilanka.travel//image/cache/no_profile_image-235x145.jpg,256
DHANUSHKA PRADEEP,National,English,0770880068,"Isuru, amuhena watte,wariyapola",N-2037,dxpro625@gmail.com,Valid till 31st December 2026,http://srilanka.travel//image/cache/no_profile_image-235x145.jpg,256
WIJEKOON MUDIYANSELAGE JAYATHISSA WIJEKOON,Area,English,0777826363,"No.74,lewella road,kandy",A-2009,wijekoonwmj@gmail.com,Valid till 31st December 2027,http://srilanka.travel//image/cache/no_profile_image-235x145.jpg,256
K.M.M.P.RATNAYAKE,National,English,0715789219,"No:c/10/04, ganethenna, hingula",N-2039,ratnayakekmmp@gmail.com,Valid till 31st December 2027,http://srilanka.travel//image/cache/no_profile_image-235x145.jpg,256
I.D. CHAMEERA DHANANJAYA WEERASENA,National,English,0714925781,"No:45/5, panaliya road, polgahawela",N-2040,chameeraweerasena@gmail.com,Valid till 31st December 2027,http://srilanka.travel//image/cache/no_profile_image-235x145.jpg,256
SOORIYAPERUMAGE DAMITH IRASHA THILAKARATHNE,Chauffeur,English,0778791337,"No 53,sri dhammananda mawatha,templers road,mount lavinia",C-1786,irashathilakarathne@gmail.com,Valid till 31st December 2027,http://srilanka.travel//image/cache/no_profile_image-235x145.jpg,256
Search for a Tour Guide,,All Languages Arabic Chinese Dutch English French German Greek Hebrew Hindi Hungarian Italian Japanese Korean Mandarian Russian Spanish Swedish Tamil Thai Urdu Search,,,,,,http://www.srilanka.travel/images/theames-new/covidimg.png,256
Tour Guides,,,,,,,,http://www.srilanka.travel/images/theames-new/covidimg.png,256
THELGE SEWWANDI MADUSHIKA PEIRIS,National,Chinese,0703189372,"No:e/35/17/3/1, aramaya place, colombo 09",N-2041,sewsewwa1985@gmail.com,Valid till 31st December 2027,http://srilanka.travel//image/cache/no_profile_image-235x145.jpg,257
KOTTEGE MADUSANKA DANANJAYA PERERA,National,English,0766552346,"No:50/52/b, aponsu mw, de mel rd, lakshapathiya, moratuwa",N-2042,info@travelwithdearsrilanka.com,Valid till 31st December 2027,http://srilanka.travel//image/cache/no_profile_image-235x145.jpg,257
K.K. PUSHPAKUMARA,National,Korean,0714739826,"No:140, muthumala mawatha, miriswatta, beliatta",N-2043,kkpushpakuma@gmail.com,Valid till 31st December 2027,http://srilanka.travel//image/cache/no_profile_image-235x145.jpg,257
G.I.C. BANDARA,National,"English, French, Italian",0773615071,"No:32, convent lane, hendala, wattala",N-2045,sayumib@gmail.com,Valid till 31st December 2027,http://srilanka.travel//image/cache/no_profile_image-235x145.jpg,257
AKWATHTHA WITHARANAGE PASAN MADURANGA KEPPETIPOLA,National,German,0717251666,"No:a/119/5, kalugalla mw, pinnawala, rambukkana",N-2044,pasankeppetipola@outlook.com,Valid till 31st December 2027,http://srilanka.travel//image/cache/no_profile_image-235x145.jpg,257
SUMINDA NUWAN PREMACHANDRA,National,English,0771555626,"No:309/60, george e de silva mw, kandy",N-2046,uturnsu@gmail.com,Valid till 31st December 2027,http://srilanka.travel//image/cache/no_profile_image-235x145.jpg,257
D.M.DILUSHA MADUSHAN BANDARA,National,German,0769380155,"No:79, matale north, kaudupalalla, matale",N-2047,dilusha.bandara@yahoo.com,Valid till 31st December 2027,http://srilanka.travel//image/cache/no_profile_image-235x145.jpg,257
M.P.U.CHANDANA MARAMBEWELA,National,English,0717880125,"Farm village green, 169/20/2, farm estate, kadugannawa",N-2049,chandanmaara@gmail.com,Valid till 31st December 2027,http://srilanka.travel//image/cache/no_profile_image-235x145.jpg,257
Search for a Tour Guide,,All Languages Arabic Chinese Dutch English French German Greek Hebrew Hindi Hungarian Italian Japanese Korean Mandarian Russian Spanish Swedish Tamil Thai Urdu Search,,,,,,http://www.srilanka.travel/images/theames-new/covidimg.png,257
Tour Guides,,,,,,,,http://www.srilanka.travel/images/theames-new/covidimg.png,257
CHANDIKA A. GALLAGE,National,English,0706847300,"No:210, olympus res, millenium city, oruwala, athurugiriya",N-2050,chandika38@hotmail.com,Valid till 31st December 2027,http://srilanka.travel//image/cache/no_profile_image-235x145.jpg,258
LAKMAL WITHANACHCHI,National,English,0770411463,"No:970, 3rd lane, zone 3, millennium city, athurugiriya",N-2048,lakmal.wsl@gmail.com,Valid till 31st December 2027,http://srilanka.travel//image/cache/no_profile_image-235x145.jpg,258
CHANDIMA RAVI JAYASEKARA,National,English,0773011991,"No:567/1/h,majestic villa's,halgahadeniya rd, kalapaluwawa, rajagiriya",N-2051,ravijayasekara63@gmail.com,Valid till 31st December 2027,http://srilanka.travel//image/cache/no_profile_image-235x145.jpg,258
K.D.R.C.KALUTHANTHRI,Chauffeur,English,0779306526,"No.195/g/1,nilmini mawatha,batuwatta",C-1787,ruchika.tourism@gmail.com,Valid till 31st December 2027,image/tourist_guides/U050050000004999476493.jpg,258
BUDDHIKA CHATHURA BASNAYAKA,National,English,0767468899,"No:33, kebellewa, nikaweratiya",N-2054,ceylonhorizonsholidays@gmail.com,Valid till 31st December 2027,http://srilanka.travel//image/cache/no_profile_image-235x145.jpg,258
D.D.L. DE SILVA,National,English,0702721274,"No:33, pathiraja road, keraminiya, ambalangoda",N-2057,dewadinusha@gmail.com,Valid till 31st December 2027,http://srilanka.travel//image/cache/no_profile_image-235x145.jpg,258
M.A. UDITHA PRIYANKARA,National,English,0710811254,"No:117/d, kosgahawatta, watinapaha, veyangoda",N-2059,Priyankarauditha961@gmail.com,Valid till 31st December 2027,http://srilanka.travel//image/cache/no_profile_image-235x145.jpg,258
I.G.DILSHAN THILINA BANDARA,National,English,0766137289,"No:295/1/1, mahalwarawa rd, kottawa, pannipitiya",N-2060,dilshanthilinabandara@gmail.com,Valid till 31st December 2027,http://srilanka.travel//image/cache/no_profile_image-235x145.jpg,258
Search for a Tour Guide,,All Languages Arabic Chinese Dutch English French German Greek Hebrew Hindi Hungarian Italian Japanese Korean Mandarian Russian Spanish Swedish Tamil Thai Urdu Search,,,,,,http://www.srilanka.travel/images/theames-new/covidimg.png,258
Tour Guides,,,,,,,,http://www.srilanka.travel/images/theames-new/covidimg.png,258
UDAWITA APPUHAMILAGE THARINDU LAKSHAN KAUSHALYA UDAWITA,Area,English,0713662373,"Sandya,,dehigolle, springvalley,,badulla",A-2015,tharindulk@icloud.com,Valid till 31st December 2027,http://srilanka.travel//image/cache/no_profile_image-235x145.jpg,259
VISMITH GEESARA RATHNAYAKE,Area,English,0754222826,"130,hingurugamuwa,badulla",A-2016,vismithgeesara96@gmail.com,Valid till 31st December 2027,http://srilanka.travel//image/cache/no_profile_image-235x145.jpg,259
AMITH KUMARA JAYASUNDARA,Area,English,0715143987,"Thunpela ,,i /kahaththewela,bandarwela",A-2017,ajayasundara62@gmail.com,Valid till 31st December 2027,http://srilanka.travel//image/cache/no_profile_image-235x145.jpg,259
T G SAMINDIKA  CHANDRAKANTHI WIJERATHNE,Area,"Japanese Tel 0752264718 Address Araliya uyana, dampitiya road, uhumeeya Registration No N-2063 Email buddika.sput@gmail.com Validity status of licence: Valid till 31st December 2027",0774818430,"No 3/438, badulla road, kumbalwela,ella",A-2027,saminditg@gmail.com,Valid till 31st December 2027,http://srilanka.travel//image/cache/no_profile_image-235x145.jpg,259
D. M. CHAMINDA BUDDIKA SAMARAKOON,National,Japanese,0752264718,"Araliya uyana, dampitiya road, uhumeeya",N-2063,buddika.sput@gmail.com,Valid till 31st December 2027,http://srilanka.travel//image/cache/no_profile_image-235x145.jpg,259
A.L.MAHINDA KUMARA RAJAPAKSHA,National,"English, German",0718514800,"27/3e,sapugaskanda,makola",N-2064,mkrajapaksha750@gmail.com,Valid till 31st December 2027,http://srilanka.travel//image/cache/no_profile_image-235x145.jpg,259
METIWALA KUMBURE GEDARAGAYAN MAKOLAGE,Area,English,0727564698,"5th lane,samagipura, mathale junction,anuradhapura",A-2030,makolagegayan81@gmail.com,Valid till 31st December 2027,http://srilanka.travel//image/cache/no_profile_image-235x145.jpg,259
RATHRAN KAPUGE DON ROLAND GUNAWARDANA,Area,English,0712678017,"708/1 ,second cross lane,,circular road,,polonnaruwa",A-2031,zencosmetics@hotmail.com,Valid till 31st December 2027,http://srilanka.travel//image/cache/no_profile_image-235x145.jpg,259
Search for a Tour Guide,,All Languages Arabic Chinese Dutch English French German Greek Hebrew Hindi Hungarian Italian Japanese Korean Mandarian Russian Spanish Swedish Tamil Thai Urdu Search,,,,,,http://www.srilanka.travel/images/theames-new/covidimg.png,259
Tour Guides,,,,,,,,http://www.srilanka.travel/images/theames-new/covidimg.png,259
SENEVIRATHNA ADIKARI MUDALIGE ANUJA ADIKARI,Area,English,0755843518,"487/2, lokanwatta road,,bogahapitiya.,ahungalla.",A-2032,anujaadikari@icloud.com,Valid till 31st December 2027,http://srilanka.travel//image/cache/no_profile_image-235x145.jpg,260
JUDE PUSHPAKUMAR RODRIGO,Chauffeur,English,0719935119,"35/1,,katana north,,katana",C-1788,judeprodrigo@gmail.com,Valid till 31st December 2027,image/tourist_guides/U050050000005000473822.jpg,260
RAJAPAKSHA MUDHIYANSELAGE NISAL DHANUSHA RAJAPAKSHA,National,"English, French",0778350398,"No:1/2, mount pleasent estate, bowalawaththa, kandy",N-2065,nisaldanu20@gmail.com,Valid till 31st December 2027,http://srilanka.travel//image/cache/no_profile_image-235x145.jpg,260
G.M.N.P. KARUNARATHNE,National,English,0773771992,"No:45/8, bodhirajarama mawatha, divulapitiya, boralasgamuwa",N-2066,nalakagamata@gmail.com,Valid till 31st December 2027,http://srilanka.travel//image/cache/no_profile_image-235x145.jpg,260
W.H.M.INDIKA BANDARA WEEBADDAGE,Area,English,0776655690,"142/2,kudugalawatta,,polgolla,kandy.",A-2040,indikacshan@gmail.com,Valid till 31st December 2027,http://srilanka.travel//image/cache/no_profile_image-235x145.jpg,260
DELKANDURA ARACHCHIGE MAHEN LAKMAL SILVA GUNARATHNA,National,English,0779091984,"Aurther gunathilaka mw, kalamulla, kalutara",N-2069,mahen.lakmal94@gmail.com,Valid till 31st December 2027,http://srilanka.travel//image/cache/no_profile_image-235x145.jpg,260
B.M.LAKRUWAN PERERA,National,"English, Hindi",0762365437,"No:24/258, gothami rd, borella, colombo-08",N-2071,bmlakruwanperera@gmail.com,Valid till 31st December 2027,http://srilanka.travel//image/cache/no_profile_image-235x145.jpg,260
P. NIMALSIRI DE SILVA,Area,English,0779118912,"No.526/c/3,randil, galle raod, welikanda,,ahungalla.",A-2043,nimalsiridesilva1968@gmail.com,Valid till 31st December 2027,http://srilanka.travel//image/cache/no_profile_image-235x145.jpg,260
Search for a Tour Guide,,All Languages Arabic Chinese Dutch English French German Greek Hebrew Hindi Hungarian Italian Japanese Korean Mandarian Russian Spanish Swedish Tamil Thai Urdu Search,,,,,,http://www.srilanka.travel/images/theames-new/covidimg.png,260
Tour Guides,,,,,,,,http://www.srilanka.travel/images/theames-new/covidimg.png,260
MUTHUGAL PATHIRANNEHELAGE SAGARA WAJIRALAL PREMARATHNA,Chauffeur,English,0763110889,"134/20/1 ,sekkuwatta,ballapana,divulapitiya",C-1803,52wajiralalsagara@gmail.com,Valid till 31st December 2027,image/tourist_guides/U050050000005141473638.jpg,261
W.P SURESH CHANDANA,Chauffeur,English,0772075966,"168/6-c,sisil uyana,ranna",C-1792,sureshchandanawp@gmail.com,Valid till 31st December 2027,image/tourist_guides/U050050000005128474369.jpg,261
J.MAHESH UDAYA PRIYANKARA,Chauffeur,German,0774529592,"No 269/b,govindawatta,padagoda. beruwala",C-1797,maheshudaya2024@gmail.com,Valid till 31st December 2027,image/tourist_guides/U050050000005124475157.jpg,261
S. DAMMIKA ROSANTHE DE SILVA,Chauffeur,German,0777117590,"No:326/a, seelananda road, kaluwamodara, aluthgama",C-1799,dominikdesilva@yahoo.com,Valid till 31st December 2027,image/tourist_guides/U050050000005105473631.jpg,261
SUGATH ROHAN DE LIVERA,Chauffeur,Italian,0777195149,"No:85/49/c, karuna mawatha, gonawala, kelaniya",C-1796,rdelivera1914@gmail.com,Valid till 31st December 2027,image/tourist_guides/U050050000005069473625.jpg,261
B C W PALLIYAGURUGE,Chauffeur,English,0773370970,"No.10/c, station road,richmond hill,galle",C-1798,bhathiyatours@gmail.com,Valid till 31st December 2027,image/tourist_guides/U050050000005063473349.jpg,261
DISSANAYAKE MUDIYANSELAGE INDIKA ROHANA KUMARA DISSANAYAKE,Chauffeur,English,0772920387,"138/t,sadhaham mawatha,kanduboda - delgoda",C-1802,indikadissanayake99@gmail.com,Valid till 31st December 2027,image/tourist_guides/U050050000005066475196.jpeg,261
DINUSHA SUMUDU RANASINGHE,Chauffeur,English,0776335590,"455/4,waragoda estate,kelaniya",C-1815,dinushad044@gmail.com,Valid till 31st December 2027,image/tourist_guides/U050050000005140474394.jpg,261
Search for a Tour Guide,,All Languages Arabic Chinese Dutch English French German Greek Hebrew Hindi Hungarian Italian Japanese Korean Mandarian Russian Spanish Swedish Tamil Thai Urdu Search,,,,,,http://www.srilanka.travel/images/theames-new/covidimg.png,261
Tour Guides,,,,,,,,http://www.srilanka.travel/images/theames-new/covidimg.png,261
PRADEEP SAMAN KUMARA RAJAPAKSHA,Chauffeur,English,0768680578,"3 thalgasgoda,meegama,dharga town",C-1816,pradeepceylon123@gmail.com,Valid till 31st December 2027,image/tourist_guides/U050050000005170475218.jpg,262
K. SANJEEWA HARSHANATH DE SILVA,Chauffeur,English,0776726717,"No:51/a/1, near kandeviharaya, mullapitiya, beruwala",C-1817,sanjeewa_silva@yahoo.com,Valid till 31st December 2027,image/tourist_guides/U050050000005102473500.jpg,262
R R DEVAMULLA,Chauffeur,English,0777164784,"No/255/c,dampe,meegoda",C-1818,ruchika.devamulla@gmail.com,Valid till 31st December 2027,image/tourist_guides/U050050000005087473478.jpg,262
G.A. DEEPAL,Chauffeur,English,0715416907,"241,moratuwahena road,athurugiriya",C-1807,ashanika79428@gmail.com,Valid till 31st December 2027,image/tourist_guides/U050050000005062476070.jpg,262
G. K. MANIK VIDURAGA RATHNASIRI,Chauffeur,English,0776108392,"No.129,paradise gate, palatota road,kaluthara south",C-1808,manikrathnasiri@gmail.com,Valid till 31st December 2027,image/tourist_guides/U050050000005074476135.jpg,262
TUAN FAREED RAMLI SOURJAH,Chauffeur,English,0773846507,"P19,,10th lane,,nivasipura, kotugoda.",C-1809,lionholidayss@gmail.com,Valid till 31st December 2027,image/tourist_guides/U050050000005114473320.jpg,262
MALITH FERNANDO,Chauffeur,English,0776781279,"6b/1,lurdu mawatha,kochchikade",C-1810,malithf8588@yahoo.com,Valid till 31st December 2027,image/tourist_guides/U050050000005096473364.jpg,262
D.A.P.S.PATHUM DISSANAYAKE,Chauffeur,English,0772773710,"No:211/b, pannipitiya road, thalawathugoda",C-1811,jjpathum@gmail.com,Valid till 31st December 2027,image/tourist_guides/U050050000005133473332.jpg,262
Search for a Tour Guide,,All Languages Arabic Chinese Dutch English French German Greek Hebrew Hindi Hungarian Italian Japanese Korean Mandarian Russian Spanish Swedish Tamil Thai Urdu Search,,,,,,http://www.srilanka.travel/images/theames-new/covidimg.png,262
Tour Guides,,,,,,,,http://www.srilanka.travel/images/theames-new/covidimg.png,262
ILLANGAGE JAYANTHA PERERA,Chauffeur,English,0776559613,"155c, gramasanwardana road,,molligoda,,wadduwa",C-1812,jayanthaperera155@gmail.com,Valid till 31st December 2026,image/tourist_guides/U050050000005151475117.jpg,263
MANIKPURAGE SAMPATH SRI SAMAN,Chauffeur,English,0766768925,"300/2,wakwella road,galle",C-1814,mpsampathsrisaman@gmail.com,Valid till 31st December 2027,image/tourist_guides/U050050000005089473824.jpeg,263
BAMBARENDAGE DON ISHAN PERERA,Chauffeur,Spanish,0768873989,"No.408/a/05,old batapotha road,talangama north,,bttaramulla",C-1822,ishanrecorders@hotmail.com,Valid till 31st December 2027,image/tourist_guides/U050050000005073473808.jpeg,263
T.M.N.G.C. MUNASINGHE,National,English,0770714246,"No:33/1a, swarna place, honnanthara south, piliyandala",N-2072,munesri@gmail.com,Valid till 31st December 2027,http://srilanka.travel//image/cache/no_profile_image-235x145.jpg,263
T.N.P. DE SILVA,Chauffeur,English,0713861590,"No:16, sathsewana mw, melagama, wadduwa",C-1823,nandikastravels@gmail.com,Valid till 31st December 2027,image/tourist_guides/U050050000005121473640.jpg,263
BENARAGAMA VIDANELAGE ISURU SAMPATH,Chauffeur,English,0777640867,"09,,st. mary's church road,maggona",C-1824,isuruben@hotmail.co.uk,Valid till 31st December 2027,image/tourist_guides/U050050000005168474364.jpeg,263
D.GAYAN LAKMAL SILVA,Chauffeur,German,0775199046,"No:57/3,hospital road,seenawatta , aluthgama",C-1819,gayanlakmal233@gmail.com,Valid till 31st December 2027,image/tourist_guides/U050050000005106475195.jpg,263
R. D. MANOJ PRASANGA RAJAKARUNA,Chauffeur,"English, German",0717887887,"22/3 kekulawala place,old kesbewa road, gangodawila,nugegoda",C-1821,maggieprasanaga@icloud.com,Valid till 31st December 2027,image/tourist_guides/U050050000005135473406.jpeg,263
Search for a Tour Guide,,All Languages Arabic Chinese Dutch English French German Greek Hebrew Hindi Hungarian Italian Japanese Korean Mandarian Russian Spanish Swedish Tamil Thai Urdu Search,,,,,,http://www.srilanka.travel/images/theames-new/covidimg.png,263
Tour Guides,,,,,,,,http://www.srilanka.travel/images/theames-new/covidimg.png,263
K.A.THILAN KASTHURIARACHCHI,National,English,0718979909,"No:162, laulupitiya, wathurugama",N-2076,thilanwow@gmail.com,Valid till 31st December 2027,http://srilanka.travel//image/cache/no_profile_image-235x145.jpg,264
J.H.A.K.N. JAYASINGHE,National,English,0766708745,"No:b/38, dadigama home, godapola, imbulgasdeniya",N-2073,kelumnj@gmail.com,Valid till 31st December 2027,http://srilanka.travel//image/cache/no_profile_image-235x145.jpg,264
A.M.K.G.H.JAYASEKERA,National,English,0775798222,"No:127/5, rahula road, angoda",N-2075,hebaholidays@gmail.com,Valid till 31st December 2027,http://srilanka.travel//image/cache/no_profile_image-235x145.jpg,264
LIYANGASWILAGE THUSHARA SAMPATH LIYANAGE,National,English,0714461888,"No:380/4, kumbalporuwa, walpola, bamunakotuwa",N-2079,tliyanage800@gmail.com,Valid till 31st December 2027,http://srilanka.travel//image/cache/no_profile_image-235x145.jpg,264
N SANJEEWA AMBAGAHAWATTAGE,National,English,0777281345,"No 111,batagama charch road,rilaulla kadana",N-2077,ambagaha@gmail.com,Valid till 31st December 2027,http://srilanka.travel//image/cache/no_profile_image-235x145.jpg,264
L.M. AJITH WICKRAMASINGHE,National,English,0714922356,"No:185, kanampitiya road, galle",N-2078,aja.wickramasinghe1@gmail.com,Valid till 31st December 2027,http://srilanka.travel//image/cache/no_profile_image-235x145.jpg,264
H.D.O.DILAN,Chauffeur,Japanese,0777228360,"No:615/15, sri sugatharama road, seeduwa",C-1827,oskadilan6@gmail.com,Valid till 31st December 2027,image/tourist_guides/U050050000005139473815.jpg,264
A GUNAWARDANA,Chauffeur,Arabic,0767641516,"No: 25/2/c,millagahawaththa , mawiththara,piliyandala",C-1826,anuragunawardana70@gmail.com,Valid till 31st December 2027,image/tourist_guides/U050050000005082475725.jpg,264
Search for a Tour Guide,,All Languages Arabic Chinese Dutch English French German Greek Hebrew Hindi Hungarian Italian Japanese Korean Mandarian Russian Spanish Swedish Tamil Thai Urdu Search,,,,,,http://www.srilanka.travel/images/theames-new/covidimg.png,264
Tour Guides,,,,,,,,http://www.srilanka.travel/images/theames-new/covidimg.png,264
WIJETHUNGA ARACHCHIGE MALITH ERANGA HARSHAJITH,National,English,0766686537,"Navinna road,kithulampitiya,uluwitike",N-2080,erangawijethunga2@gmail.com,Valid till 31st December 2027,http://srilanka.travel//image/cache/no_profile_image-235x145.jpg,265
K.M. GAYAN SUMEDA FERNANDO,National,English,0712391424,"No:08, dahamipura, dharmodaya rd, ethagama, kalutara",N-2082,gayansumeda28@gmail.com,Valid till 31st December 2027,http://srilanka.travel//image/cache/no_profile_image-235x145.jpg,265
T.M.S.U.B.THENNAKOON,National,English,0767345690,"Narankaduwa, meeruppa, marassana",N-2084,trekkingsuranga@gmail.com,Valid till 31st December 2027,http://srilanka.travel//image/cache/no_profile_image-235x145.jpg,265
JOHN EDWARD STORK,National,English,0714032660,"No:79/1/e, gramasanwardena mw, polwatte, pannipitiya",N-2083,johnstork1982@gmail.com,Valid till 31st December 2027,http://srilanka.travel//image/cache/no_profile_image-235x145.jpg,265
KONGALA KODIKARA ARACHCHIGE CHAMINDA KUMARA,Chauffeur,English,0716014300,"211/1, palliyawatta,,polwatta,,weligama.",C-1829,csathishka@gmail.com,Valid till 31st December 2027,image/tourist_guides/U050050000005218475180.jpg,265
R.M.R ANURUDDHA,Chauffeur,Korean,0767865796,"No:164/2, calvari road, bopitiya, pamunugama",C-1828,ravindrarathnayaka306@gmail.com,Valid till 31st December 2027,image/tourist_guides/U050050000005113474105.jpg,265
RANDEEPA DANANJAYA SOORIYA ARACHCHI,National,English,0711947154,"Gallegewatta, totagoda, akmeemana",N-2091,randeepaarachchi@gmail.com,Valid till 31st December 2027,http://srilanka.travel//image/cache/no_profile_image-235x145.jpg,265
S.S.R.S. DE SILVA,National,English,0766966063,"No:165/a, kandevihara road, kaluwamodara, aluthgama",N-2093,sadararandunu@gmail.com,Valid till 31st December 2027,http://srilanka.travel//image/cache/no_profile_image-235x145.jpg,265
Search for a Tour Guide,,All Languages Arabic Chinese Dutch English French German Greek Hebrew Hindi Hungarian Italian Japanese Korean Mandarian Russian Spanish Swedish Tamil Thai Urdu Search,,,,,,http://www.srilanka.travel/images/theames-new/covidimg.png,265
Tour Guides,,,,,,,,http://www.srilanka.travel/images/theames-new/covidimg.png,265
JUDE ROSHAN MIRANDA,National,English,0777548182,"No:309/7, farm road, kattuwa, negombo",N-2094,juderoshan47@gmail.com,Valid till 31st December 2027,http://srilanka.travel//image/cache/no_profile_image-235x145.jpg,266
SHARANI INDIKA MEDAGANGODA,National,English,777415298,"No:28, s.t.f road, nagoda, kalutara",N-2092,sharani.medagangoda@gmail.com,Valid till 31st December 2027,http://srilanka.travel//image/cache/no_profile_image-235x145.jpg,266
K.A HEMANTHA SANDARUWAN WICKRAMASINGHE,National,English,0775188270,"No:d/39, dharmapala mw, nattandiya",N-2088,hemantha735@gmail.com,Valid till 31st December 2027,http://srilanka.travel//image/cache/no_profile_image-235x145.jpg,266
D. DHANUSHKA SANJEEWA,National,English,0776091793,"New city, kalawila, beruwala",N-2089,danusanjeewa2021@gmail.com,Valid till 31st December 2027,http://srilanka.travel//image/cache/no_profile_image-235x145.jpg,266
S.S.A.J. CHANDRASEKARA,National,English,0776903201,"No:3/c, girawangewatta, menikhinna",N-2087,sanjayanationalg@gmail.com,Valid till 31st December 2027,http://srilanka.travel//image/cache/no_profile_image-235x145.jpg,266
A.M. NIRASHMAL PRASANSITHA BANDARA ADIKARAM,National,English,0777105794,"No:09, mahaweli breeze, maligatenna, gurudeniya",N-2086,nirashadikaram2086@gmail.com,Valid till 31st December 2027,http://srilanka.travel//image/cache/no_profile_image-235x145.jpg,266
DISSANAYAKA MUDIYANSELAGE PIYASUNDARA CHANDRAPALA DISSANAYAKA,National,English,0771957784,"No:1/16, new colony rd, ruwan eliya, nuwara eliya",N-2090,dmpcdissa@gmail.com,Valid till 31st December 2027,http://srilanka.travel//image/cache/no_profile_image-235x145.jpg,266
K.P.H.DHAMMIKA DE SILVA,National,English,0763739425,"No:19/7/a, 2nd lane, jayapura, bangalawatta, kottawa",N-2085,harrydhammikadesilva@gmail.com,Valid till 31st December 2027,http://srilanka.travel//image/cache/no_profile_image-235x145.jpg,266
Search for a Tour Guide,,All Languages Arabic Chinese Dutch English French German Greek Hebrew Hindi Hungarian Italian Japanese Korean Mandarian Russian Spanish Swedish Tamil Thai Urdu Search,,,,,,http://www.srilanka.travel/images/theames-new/covidimg.png,266
Tour Guides,,,,,,,,http://www.srilanka.travel/images/theames-new/covidimg.png,266
D.M.S.N.B.DISSANAYAKE,National,Japanese,0718370381,"No:g-362, niwasipura, kotugoda",N-2095,niwanthakadmsnb@gmail.com,Valid till 31st December 2027,http://srilanka.travel//image/cache/no_profile_image-235x145.jpg,267
S W P BUDDHIKA,National,"English Tel 0772896065 Address 6/8,st.joseph mawatha,ettukala, negombo Registration No C-1830 Email vaz2021@gmail.com Validity status of licence: Valid till 31st December 2027",0710658886,"No:31/1, ekamuthu place, hathbodiya road, beliatta",N-2096,Buddhiswp@gmail.com,Valid till 31st December 2027,http://srilanka.travel//image/cache/no_profile_image-235x145.jpg,267
ROSHAN NIRANJAN VAZ,Chauffeur,English,0772896065,"6/8,st.joseph mawatha,ettukala, negombo",C-1830,vaz2021@gmail.com,Valid till 31st December 2027,image/tourist_guides/U050050000005099475704.jpg,267
M.P.B.P.K.  PERERA,Chauffeur,English,0773760600,"No : 531/9d,12th lane, daminnagaha waththa,kimbulapitiya",C-1831,prrbandula@gmail.com,Valid till 31st December 2027,image/tourist_guides/U050050000005097474363.jpg,267
SINHARA MALINDU HARSHAKA DE SILVA,Chauffeur,German,0778005800,"""malindu"", galhena, beruwala",C-1832,malindudesilva87@gmail.com,Valid till 31st December 2027,image/tourist_guides/U050050000005202476312.jpg,267
D.M.U.S.B.DISSANAYAKE,Chauffeur,English,0770059912,"No 63/3,mathale road,ambathanna",C-1833,samydissanayake01@gmail.com,Valid till 31st December 2027,image/tourist_guides/U050050000005129474118.jpg,267
BOGAHAWATTAGE NISHANTHA FERNANDO,National,English,0777678598,"No:118/3/1, prajamandala mawatha, hokandara south",N-2101,ranvidunish@gmail.com,Valid till 31st December 2027,http://srilanka.travel//image/cache/no_profile_image-235x145.jpg,267
W.R.A.P.T. RATHNAYAKA,National,English,0753399259,"No:65/d, mabima, makewita",N-2102,thilinara1988@gmail.com,Valid till 31st December 2027,http://srilanka.travel//image/cache/no_profile_image-235x145.jpg,267
Search for a Tour Guide,,All Languages Arabic Chinese Dutch English French German Greek Hebrew Hindi Hungarian Italian Japanese Korean Mandarian Russian Spanish Swedish Tamil Thai Urdu Search,,,,,,http://www.srilanka.travel/images/theames-new/covidimg.png,267
Tour Guides,,,,,,,,http://www.srilanka.travel/images/theames-new/covidimg.png,267
YAPA APPUHAMILAGE ASANKA WARNA KUMARA,National,French,0779399503,"No:174/1, phalayagoda, ganemulla",N-2099,colourprinces@gmail.com,Valid till 31st December 2027,http://srilanka.travel//image/cache/no_profile_image-235x145.jpg,268
ELPITIYA BADHUGE GEETH PRIYAN ELPITIYA,National,Chinese,0756477284,"No:2/5, 4th lane, totagamuwa, palapathwela, matale",N-2098,gamlathdayani2221@gmail.com,Valid till 31st December 2027,http://srilanka.travel//image/cache/no_profile_image-235x145.jpg,268
M.A.K. MALLIKARACHCHI,National,English,0714424385,"No:166/1/b, himbutana lane, mulleriyawa, new town",N-2100,karucaa@yahoo.com,Valid till 31st December 2027,http://srilanka.travel//image/cache/no_profile_image-235x145.jpg,268
GUNETHTHI RUWAN LAKMAL WICKRAMASINGHE,Chauffeur,Russian,0777064004,"No. 251/b, maradana road,,moragalla,beruwala",C-1834,ruwan.rathu@gmail.com,Valid till 31st December 2027,image/tourist_guides/U050050000005076475772.jpeg,268
L.M.S WIJAYASINGHE,National,English,0718606123,"No:124/5/c, siri mangala road, makola south, makola",N-2105,wijayasinghesuren@gmail.com,Valid till 31st December 2027,http://srilanka.travel//image/cache/no_profile_image-235x145.jpg,268
MANANNALAGE ANOJ RANGANA,National,Russian,0779742263,"No:20/4/a, kumarathunga munidasa rd, gorakapola, panadura",N-2104,ranganatours@gmail.com,Valid till 31st December 2027,image/tourist_guides/U050050000005199478063.jpg,268
R. D. C.R FERNANDO,National,Russian,0778608900,"No:326/6, arawwala, pannipitiya",N-2103,Chamindaranjan@gmail.com,Valid till 31st December 2027,http://srilanka.travel//image/cache/no_profile_image-235x145.jpg,268
H.B.S.N. DILHARA,National,English,0771621501,"No:256/21, kaldemulla, moratuwa",N-2106,sameerabatagoda@gmail.com,Valid till 31st December 2027,http://srilanka.travel//image/cache/no_profile_image-235x145.jpg,268
Search for a Tour Guide,,All Languages Arabic Chinese Dutch English French German Greek Hebrew Hindi Hungarian Italian Japanese Korean Mandarian Russian Spanish Swedish Tamil Thai Urdu Search,,,,,,http://www.srilanka.travel/images/theames-new/covidimg.png,268
Tour Guides,,,,,,,,http://www.srilanka.travel/images/theames-new/covidimg.png,268
DON ELROY HASITH WIJESURIYA,Chauffeur,English,0767000978,"240/5/9 david appuhami avenue,,ethgala,,katana",C-1835,hasith700@gmail.com,Valid till 31st December 2027,image/tourist_guides/U050050000005115476178.jpeg,269
A.M.G.P. ATTANAYAKE,National,English,0713854707,"No:01, nugegoda, katugastota, kandy",N-2107,gpattanayake1964@gmail.com,Valid till 31st December 2026,http://srilanka.travel//image/cache/no_profile_image-235x145.jpg,269
T.P.U.P. KUMARA,Chauffeur,Arabic,0772219896,"No.982, maeliya , jaela.",C-1836,preethikumara18@gmail.com,Valid till 31st December 2027,image/tourist_guides/U050050000005083475160.jpg,269
N.T.P.C. NANAYAKKARA,National,English,0372251158,"No:24, matale road, dodamgaslanda",N-2109,chaminana81@gmail.com,Valid till 31st December 2027,http://srilanka.travel//image/cache/no_profile_image-235x145.jpg,269
AZAD DILSHAN MANNAN,National,"English, French",0716960286,"No:407, heenkenda, ragama",N-2110,dilshanaz@gmail.com,Valid till 31st December 2027,http://srilanka.travel//image/cache/no_profile_image-235x145.jpg,269
ELUWAWALAGE SANATH PRASANNA KUMARA,National,English,0762233486,"No:293, galle road, walliwala, weligama",N-2108,sanathkumara389@gmail.com,Valid till 31st December 2027,http://srilanka.travel//image/cache/no_profile_image-235x145.jpg,269
SUMITH SHANTHA UDUGAMA VITHANA,Area,English,0779858417,"Galkanda,urala,wanduramba",A-2044,chamuudugamavithana@gmail.com,Valid till 31st December 2027,http://srilanka.travel//image/cache/no_profile_image-235x145.jpg,269
K.P.C.A.GUNAWARDANA,National,Russian,0773749260,"No:15/3, river avenue, aluthgama",N-2111,champaka.147@gmail.com,Valid till 31st December 2026,http://srilanka.travel//image/cache/no_profile_image-235x145.jpg,269
Search for a Tour Guide,,All Languages Arabic Chinese Dutch English French German Greek Hebrew Hindi Hungarian Italian Japanese Korean Mandarian Russian Spanish Swedish Tamil Thai Urdu Search,,,,,,http://www.srilanka.travel/images/theames-new/covidimg.png,269
Tour Guides,,,,,,,,http://www.srilanka.travel/images/theames-new/covidimg.png,269
KUMARAGE MAXWELL NIROSHAN PERERA,National,German,0761891588,"No:37/7, temple road, kalutara north",N-2113,maxwellperera@yahoo.com,Valid till 31st December 2027,http://srilanka.travel//image/cache/no_profile_image-235x145.jpg,270
L.P.CHITHRASOMA,Chauffeur,French,0777118172,"212/b,madikalewatta,halakandana, horampalla,madikalewatta,all island",C-1838,lalindatour@gmail.com,Valid till 31st December 2027,image/tourist_guides/U050050000005116476092.jpg,270
DON CHANNA ALVITIGALAGE,National,Russian,0703508750,"No:149/3a, daham mawatha, maharagama",N-2114,channasrilanka@gmail.com,Valid till 31st December 2027,http://srilanka.travel//image/cache/no_profile_image-235x145.jpg,270
K.A.D.D.ATHUKORALA,National,English,0710147585,"No:383, ihala biyanwila, kadawatha",N-2118,dhammikaa@gmail.com,Valid till 31st December 2027,http://srilanka.travel//image/cache/no_profile_image-235x145.jpg,270
N.H. RUCHAKA MADUSANKA,National,English,0776964745,"No:211, sunil paya, kaburugamuwa",N-2119,nhruchaka@gmail.com,Valid till 31st December 2027,http://srilanka.travel//image/cache/no_profile_image-235x145.jpg,270
SAMPATH PREMAKUMARA GAMAGE,National,German,0767420215,"No:87/9, kurunda, kalavila, beruwala",N-2116,sampathg493@gmail.com,Valid till 31st December 2027,http://srilanka.travel//image/cache/no_profile_image-235x145.jpg,270
PELPOLA LOKULIYANAGE ANJANA GITHENDRANATH ALWIS,National,English,0770634058,"No:327/15, suramya mawatha, magammana, homagama",N-2117,osharatravels@gmail.com,Valid till 31st December 2027,http://srilanka.travel//image/cache/no_profile_image-235x145.jpg,270
KURUPPU ARACHCHILAGE SHEHAN KURUPPU,National,English,0762976295,"Kiralabokkagama, moragollagama",N-2121,shanekuruppu@gmail.com,Valid till 31st December 2027,http://srilanka.travel//image/cache/no_profile_image-235x145.jpg,270
Search for a Tour Guide,,All Languages Arabic Chinese Dutch English French German Greek Hebrew Hindi Hungarian Italian Japanese Korean Mandarian Russian Spanish Swedish Tamil Thai Urdu Search,,,,,,http://www.srilanka.travel/images/theames-new/covidimg.png,270
Tour Guides,,,,,,,,http://www.srilanka.travel/images/theames-new/covidimg.png,270
KONANAYAGAM PRASHANTHAN,National,Russian,0773350737,"No:48a, sumithraramaya mw, college street, colombo 13",N-2122,kprashanthan6@gmail.com,Valid till 31st December 2026,http://srilanka.travel//image/cache/no_profile_image-235x145.jpg,271
MOHAMED RAMZEEN MOHAMED RAZANY,National,English,0712343456,"No:15/11, jaya mawatha, cross rd, wattalpola, panadura",N-2125,info.razany@gmail.com,Valid till 31st December 2027,http://srilanka.travel//image/cache/no_profile_image-235x145.jpg,271
ARUMAPPERUMA KANKANAMGE DHANUSHKA SANDARUWAN,National,English,0755478352,"No:261, edandukitha - east, alapaladeniya",N-2123,akdsandaruwan@gmail.com,Valid till 31st December 2027,http://srilanka.travel//image/cache/no_profile_image-235x145.jpg,271
MALIN MADHAWA PATHIRATHNA,National,English,0767899961,"No:179, uthuwanbogahawaththa, veyangoda",N-2124,malinmadhawa@gmail.com,Valid till 31st December 2027,http://srilanka.travel//image/cache/no_profile_image-235x145.jpg,271
DHANUSHKA GAYAN RAJAPAKSHA,National,French,0772843266,"No:125/3/a, doolwala, haloluwa",N-2126,dgrajapaksha@gmail.com,Valid till 31st December 2027,http://srilanka.travel//image/cache/no_profile_image-235x145.jpg,271
SHANAKA PRASANNA DE SILVA,National,English,0773766497,"No:31/12, nagahamulla road, wellampitiya, kolonnawa",N-2130,Shanaka70prasanna@gmail.com,Valid till 31st December 2027,http://srilanka.travel//image/cache/no_profile_image-235x145.jpg,271
DINUKA LAKSHAN DANAPALA WIJESINGHE,National,Spanish,0714123985,"""sithum"", ihalagama, hungama",N-2129,dld.wijesinghe@gmail.com,Valid till 31st December 2027,http://srilanka.travel//image/cache/no_profile_image-235x145.jpg,271
RAMLI RABAN,National,English,0712331377,"No:16/a, old temple road, katugastota",N-2131,ramliffffl2g@gmail.com,Valid till 31st December 2027,http://srilanka.travel//image/cache/no_profile_image-235x145.jpg,271
Search for a Tour Guide,,All Languages Arabic Chinese Dutch English French German Greek Hebrew Hindi Hungarian Italian Japanese Korean Mandarian Russian Spanish Swedish Tamil Thai Urdu Search,,,,,,http://www.srilanka.travel/images/theames-new/covidimg.png,271
Tour Guides,,,,,,,,http://www.srilanka.travel/images/theames-new/covidimg.png,271
H.D.D.W.PERERA,Chauffeur,"English, Hindi",0766135279,"No 268/4d,samagi mawatha,ranawana,katugastota",C-1841,wperera81@gmail.com,Valid till 31st December 2027,image/tourist_guides/U050050000005084476219.jpg,272
JAGODAGE RAVINDU SAMPATH JAGODA,National,English,0703192845,"Gallanahena, thalawa, wandurambe, galle",N-2132,ravindujagoda1994@gmail.com,Valid till 31st December 2027,http://srilanka.travel//image/cache/no_profile_image-235x145.jpg,272
MUTHUWADURA UVINDU NUWANKAL RATHMINI DE SILVA,National,"English, German Tel 0774967746 Address No:44, 'sanka', paratharakaya, kosgoda Registration No N-2134 Email thamalijayasekarasenapathi@gmail.com Validity status of licence: Valid till 31st December 2027",0741343003,"No:15/a/2, abhinawarama rd, modarawatta, balapitiya",N-2133,uvindudesilva2057@gmail.com,Valid till 31st December 2027,http://srilanka.travel//image/cache/no_profile_image-235x145.jpg,272
S.M. DE SILVA,National,"English, German",0774967746,"No:44, 'sanka', paratharakaya, kosgoda",N-2134,thamalijayasekarasenapathi@gmail.com,Valid till 31st December 2027,http://srilanka.travel//image/cache/no_profile_image-235x145.jpg,272
W P D C WEERASUNDARA,Chauffeur,English,0777322544,"444/5,makola south,makola",C-1842,Chiranga69@yahoo.com,Valid till 31st December 2027,image/tourist_guides/U050050000005110473367.jpg,272
SAMANTHA  INDRAJITH GAMMANPILA,Chauffeur,Arabic,0776435643,"56/9a,sri sumangala road north,kaluthara north",C-1843,Samagama411@gmail.com,Valid till 31st December 2027,image/tourist_guides/U050050000005271474378.jpeg,272
THARINDU RANGANA SAMARAWICKRAMA,Chauffeur,English,0710157302,"Heendola, kokmaduwa, weligama",C-1844,thirusamarawickrama@yahoo.com,Valid till 31st December 2027,image/tourist_guides/U050050000005077476310.jpeg,272
CHANDANA PATHMA KUMARA,National,English,0716343161,"''chandana'' barsaldeniya, weihena, baddegama, galle",N-2137,chandanakalpan@gmail.com,Valid till 31st December 2027,http://srilanka.travel//image/cache/no_profile_image-235x145.jpg,272
Search for a Tour Guide,,All Languages Arabic Chinese Dutch English French German Greek Hebrew Hindi Hungarian Italian Japanese Korean Mandarian Russian Spanish Swedish Tamil Thai Urdu Search,,,,,,http://www.srilanka.travel/images/theames-new/covidimg.png,272
Tour Guides,,,,,,,,http://www.srilanka.travel/images/theames-new/covidimg.png,272
GALBOKKE HEWAGE LAPALU HIRANYA WIJESOORIYA,National,Hindi,0712288192,"No 08, sandalu palace,,mahawatta,batapola",N-2138,hiranshon@gmail.com,Valid till 31st December 2027,http://srilanka.travel//image/cache/no_profile_image-235x145.jpg,273
ELLAWELA PAHALAGE SAMAN NISHANTHA,Chauffeur,German,0763354881,"No. 363, sramadana mawatha,kaluwamodara,aluthgama",C-1845,shanchat11@gmail.com,Valid till 31st December 2027,image/tourist_guides/U050050000005251476298.jpg,273
W.A.S.L.WEERASOORIYA,National,Chinese,0779847080,"No:29, vijaya road, gampaha",N-2140,shahenweer@gmail.com,Valid till 31st December 2027,http://srilanka.travel//image/cache/no_profile_image-235x145.jpg,273
H.M.D.B.HERATH,National,Chinese,0716608808,"No:107/15, sumangala mawatha, bambaragammana",N-2142,dhanushka608@gmail.com,Valid till 31st December 2027,http://srilanka.travel//image/cache/no_profile_image-235x145.jpg,273
PERAMUNA KANKANAMGE MIUSHAN GINUKA,National,"English Tel 0766759469 Address No:147/1, thummanhandiya, polgahanga, weligalla Registration No N-2144 Email sunsrilankaholidays@gmail.com Validity status of licence: Valid till 31st December 2027",0777168240,"No:1/1, quinlan avenue, pitakotte",N-2143,mginuka1@gmail.com,Valid till 31st December 2027,http://srilanka.travel//image/cache/no_profile_image-235x145.jpg,273
K. K. LAHIRU MALSHAN DISSANAYAKE,National,English,0766759469,"No:147/1, thummanhandiya, polgahanga, weligalla",N-2144,sunsrilankaholidays@gmail.com,Valid till 31st December 2027,http://srilanka.travel//image/cache/no_profile_image-235x145.jpg,273
K G LAKSHAN SUREKHA,National,English,0778878723,"No 557,thapassarakanda,kalawana",N-2145,sureakal@ymail.com,Valid till 31st December 2027,http://srilanka.travel//image/cache/no_profile_image-235x145.jpg,273
S.D.T. SAMPATH,National,Russian,0778008050,"No:36/1, iswetiya waththa, narammala",N-2148,dumindathushara18@gmail.com,Valid till 31st December 2027,http://srilanka.travel//image/cache/no_profile_image-235x145.jpg,273
Search for a Tour Guide,,All Languages Arabic Chinese Dutch English French German Greek Hebrew Hindi Hungarian Italian Japanese Korean Mandarian Russian Spanish Swedish Tamil Thai Urdu Search,,,,,,http://www.srilanka.travel/images/theames-new/covidimg.png,273
Tour Guides,,,,,,,,http://www.srilanka.travel/images/theames-new/covidimg.png,273
SURIYAPPERUMA ARACHCHIGE THUSARA INDUNIL KANCHANA,National,English,0772705405,"No:218/7, sea beach rd, kalutara-northr",N-2147,satikanchana@gmail.com,Valid till 31st December 2027,http://srilanka.travel//image/cache/no_profile_image-235x145.jpg,274
H.G.E. GEMUNU HALGAHAWELA,Chauffeur,English,07750557,"No:170/a, adideniya, kahataliyadda",C-1848,kapilaeranjan86@gmail.com,Valid till 31st December 2027,image/tourist_guides/U050050000005290476274.jpg,274
MAYADUNNAGE PRAGNARATHNA,National,English,0777254982,"No:40/1b, nagolla road, matale",N-2151,mayadunnepmb@yahoo.com.sg,Valid till 31st December 2027,http://srilanka.travel//image/cache/no_profile_image-235x145.jpg,274
M.D.K.MADHUSHANKA,Chauffeur,English,0741436567,"No. 140/e/7,usgodella waththa, panapitiya,waskaduwa",C-1850,mdkmadhu84@gmail.com,Valid till 31st December 2027,image/tourist_guides/U050050000005157475605.jpg,274
PAHALAGE SHANKA MADUSHAN DE SILVA,Chauffeur,English,0777491249,"No:190/4, shanka, kaluwamodara, aluthgama",C-1851,carspa9000@gmail.com,Valid till 31st December 2027,image/tourist_guides/U050050000005337473747.jpg,274
WINSTON SAMARASINGHA,Chauffeur,English,0772848415,"284, pitipana north,hettigoda,homagama",C-1852,winssamarasinghe@yahoo.com,Valid till 31st December 2027,image/tourist_guides/U050050000005160473356.jpg,274
H.P.NIRANDA LAKMAL DHARMASIRI,Chauffeur,English,0767190893,No 12 greslin watta randeniya hiriwadunna kegalle.,C-1853,nirandalakmal10@gmail.com,Valid till 31st December 2027,image/tourist_guides/U050050000005158475923.jpg,274
G.K.N.C.GAJANAYAKA,Chauffeur,English,0772917795,"255/24, green park,,dawatagahawatta, thimbirigaskatuwa,negombo",C-1854,nuwan.gajanayaka@gmail.com,Valid till 31st December 2027,image/tourist_guides/U050050000005349476261.jpg,274
Search for a Tour Guide,,All Languages Arabic Chinese Dutch English French German Greek Hebrew Hindi Hungarian Italian Japanese Korean Mandarian Russian Spanish Swedish Tamil Thai Urdu Search,,,,,,http://www.srilanka.travel/images/theames-new/covidimg.png,274
Tour Guides,,,,,,,,http://www.srilanka.travel/images/theames-new/covidimg.png,274
KALUHARA CHAMARA JANAPRIYA,Chauffeur,German,0774618755,"Thilakarathna mawatha,middaramulla,ahungalla",C-1860,maduwanthih877@gmail.com,Valid till 31st December 2027,http://srilanka.travel//image/cache/no_profile_image-235x145.jpg,275
M.T. M. ARIFF,Chauffeur,English,0771100807,"20/2,hirimbura cross road, deddugoda lane,,galle",C-1855,ariffrisas112@gmail.com,Valid till 31st December 2027,image/tourist_guides/U050050000005173474168.jpg,275
N.D. PERERA,Chauffeur,English,0763780245,"No:170/2, school rd, pitawalawaththa, gelioya, kandy",C-1857,numalperera@yahoo.com,Valid till 31st December 2027,image/tourist_guides/U050050000005346476325.jpg,275
PONNAVILA VIDANELAGE DON NILAN ANUPAMA SAPARAMADU,National,Russian,0775282082,"No:225/10, lotus road, nagoda, kandana",N-2152,nilansaparamadu85@gmail.com,Valid till 31st December 2027,http://srilanka.travel//image/cache/no_profile_image-235x145.jpg,275
MOHAMED ANSAR DORAY,Chauffeur,English,0776644240,"207/6c, off rathna mawatha,dullammahara,bokundara, piliyandala",C-1858,ans.dor06@gmail.com,Valid till 31st December 2027,image/tourist_guides/U050050000005067474529.jpg,275
W.D.ANUSHA INDIKA GUNAWARDANA,Chauffeur,English,0718096933,"No84,panvila terrace ,kaluthara south,,kaluthara",C-1859,imandigunawardena@gmail.com,Valid till 31st December 2026,image/tourist_guides/U050050000005120473832.jpeg,275
MUDALIGE SUJEEWA JAYATHILAKA,Chauffeur,English,0765817444,"56, st ritas road, rathmalana.",C-1862,suj.jayathilaka@gmail.com,Valid till 31st December 2027,image/tourist_guides/U050050000005108476487.jpg,275
A. CHATHUKA LAKSHAN SILVA,Chauffeur,German,0766042572,"No. 43/2, mullawatta,,mullapitiya,,beruwala",C-1863,chathuka.lucky@gmail.com,Valid till 31st December 2027,image/tourist_guides/U050050000005348474121.jpeg,275
Search for a Tour Guide,,All Languages Arabic Chinese Dutch English French German Greek Hebrew Hindi Hungarian Italian Japanese Korean Mandarian Russian Spanish Swedish Tamil Thai Urdu Search,,,,,,http://www.srilanka.travel/images/theames-new/covidimg.png,275
Tour Guides,,,,,,,,http://www.srilanka.travel/images/theames-new/covidimg.png,275
PRIYANTHA LAL MAHAKUMBURA,National,English,0757883908,"No:106/h, lahiru garden, danture",N-2154,priyanthanationaltg@gmail.com,Valid till 31st December 2027,http://srilanka.travel//image/cache/no_profile_image-235x145.jpg,276
HERATH MUDIYANSELAGE UPUL KUMARA BANDARANAYAKE,Chauffeur,English,0778810959,"459/3,kep ela, kandalama,dambulla",C-1865,upulkbandaranayake@gmail.com,Valid till 31st December 2027,image/tourist_guides/U050050000005080476102.jpg,276
THUIYA HANNADIGE JAYANTHA SANJEEWA FERNANDO,Chauffeur,English,0778352612,"425/15,galle road,aluthgama",C-1864,jayafernando1980@icloud.com,Valid till 31st December 2027,image/tourist_guides/U050050000005357475911.jpg,276
D.P SUPUN SANDARUWAN JINATHILAKE,National,English,0769630250,"No:115/2, neligama, mirigama",N-2155,supuntravel0421@gmail.com,Valid till 31st December 2027,http://srilanka.travel//image/cache/no_profile_image-235x145.jpg,276
SOORIYA ARACHCHILAGE NALIN INDIKA,Chauffeur,English,0773626506,"227/3, nalinpriya mawatha,siyabalagoda,polgasowita",C-1866,samnalinindika@gmail.com,Valid till 31st December 2027,image/tourist_guides/U050050000005361475905.jpg,276
WIJESINGHE WASALA MUDIYANSELAGE NALAKA GEMUNU,National,English,0773712793,"No:480/2/a, siyambalape north, siyambalape",N-2157,nalakaw43@gmail.com,Valid till 31st December 2027,http://srilanka.travel//image/cache/no_profile_image-235x145.jpg,276
RATHNAYAKA MUDIYANSELAGE SUJITH RATHNAYAKE,National,English,0766270784,"No:64/1, wanatha road, maharagama",N-2158,sujithr.travels@gmail.com,Valid till 31st December 2027,http://srilanka.travel//image/cache/no_profile_image-235x145.jpg,276
W . G . M . A . WELIKATIYA,Chauffeur,English,0773457496,"No,58 , 3rd mile post muruthalawa, kandy.",C-1867,asanka.welikatiya@yahoo.com,Valid till 31st December 2027,image/tourist_guides/U050050000005355475181.jpg,276
Search for a Tour Guide,,All Languages Arabic Chinese Dutch English French German Greek Hebrew Hindi Hungarian Italian Japanese Korean Mandarian Russian Spanish Swedish Tamil Thai Urdu Search,,,,,,http://www.srilanka.travel/images/theames-new/covidimg.png,276
Tour Guides,,,,,,,,http://www.srilanka.travel/images/theames-new/covidimg.png,276
QUINTUS PUNCHIHEWA PERERA,Chauffeur,English,0715244900,"140/a/3,,munuwangoda",C-1869,quintus68@icloud.com,Valid till 31st December 2027,image/tourist_guides/U050050000005117476484.jpeg,277
SUHITH LALAKA ERAGODA,Chauffeur,English,0772618745,"No:78/7, batakettara, madapatha",C-1868,suhithe@gmail.com,Valid till 31st December 2027,image/tourist_guides/U050050000005148476299.jpg,277
T.M.G.T.NAMAL MALLAWARACHCHI,Area,English,0776618292,"No 124/c,wathuwala,katugastota",A-2050,thissamallawaarachchi05@gmail.com,Valid till 31st December 2027,http://srilanka.travel//image/cache/no_profile_image-235x145.jpg,277
DON WICKRAMASINGHALAGE SAMAN NALINDA JAYASEKARA,Chauffeur,"English, Japanese",0715950561,"No,118/4 , henegama (w.p) po/code 11715,,",C-1870,dowisanajayasekara@gmail.com,Valid till 31st December 2027,image/tourist_guides/U050050000005356474306.jpg,277
T.A.P. PERERA,National,English,0773570444,"No:15/15, dharmapala mawatha, madiwela, kotte",N-2159,anandaperera240@gmail.com,Valid till 31st December 2027,http://srilanka.travel//image/cache/no_profile_image-235x145.jpg,277
SAMANTHA INDUNIL PULATHISI WIJESEKARA,Chauffeur,English,0762331214,No 8a katagoda watte ambapussa warakapola.,C-1871,wijayagest@gmail.com,Valid till 31st December 2027,image/tourist_guides/U050050000005350476132.jpg,277
HEWESSA GAMAGE PUSHPA KUMARA,Area,English,0779141298,"388,,,akadegoda,maha induruwa",A-2051,hgpkumara@gmail.com,Valid till 31st December 2026,http://srilanka.travel//image/cache/no_profile_image-235x145.jpg,277
B.T.SAMPATH DAYARATHNA,Chauffeur,English,0779515557,"Kahawathugoda.ahangama,,ahangama",C-1872,dayasampath3040@gmail.com,Valid till 31st December 2027,image/tourist_guides/U050050000005352475991.jpeg,277
Search for a Tour Guide,,All Languages Arabic Chinese Dutch English French German Greek Hebrew Hindi Hungarian Italian Japanese Korean Mandarian Russian Spanish Swedish Tamil Thai Urdu Search,,,,,,http://www.srilanka.travel/images/theames-new/covidimg.png,277
Tour Guides,,,,,,,,http://www.srilanka.travel/images/theames-new/covidimg.png,277
KANANKE GAMAGE NAYANAJITH SRIMAL,Chauffeur,English,0762168402,"1/19, u,l,l perera mawatha,thudella,jaela.",C-1873,fernandoshalani0518@gmail.com,Valid till 31st December 2027,image/tourist_guides/U050050000005370476285.jpg,278
M.H.M.C.S THILAKARATHNA,National,English,0778668556,"No:107, galpottawatta, hindagolla, kurunegala",N-2160,order.kamadasa@gmail.com,Valid till 31st December 2027,http://srilanka.travel//image/cache/no_profile_image-235x145.jpg,278
K.T.N.S. JAYAWARDANA,National,Russian,0768717458,"No:61, moragoda, ranthotuvila, wardana",N-2162,niranjaye@gmail.com,Valid till 31st December 2027,http://srilanka.travel//image/cache/no_profile_image-235x145.jpg,278
S.M DINESH LAKSHAN,Chauffeur,Russian,0712626668,"300/2,morahelakanda, wellewa,polgahawela",C-1874,dineshlakshan1995@icloud.com,Valid till 31st December 2027,http://srilanka.travel//image/cache/no_profile_image-235x145.jpg,278
P. DHAMMIKA PINNAWALA,Area,English,0778528122,"Aruna pre school, infront of the giritalegama mv, giritale",A-2056,amandhipinnawala@gmail.com,Valid till 31st December 2027,http://srilanka.travel//image/cache/no_profile_image-235x145.jpg,278
GNANALINGAM SUGHANTHAN,Area,English,0773623069,"19/1, thirumal street , trincomalee,,trincomalee",A-2059,guide.east@gmail.com,Valid till 31st December 2027,http://srilanka.travel//image/cache/no_profile_image-235x145.jpg,278
ARUMATHURAI IGNATIOUS GNANASEELAN,Area,English,0715797443,"132/2, 1/1,lake road no-02,batticaloa,",A-2058,ignatious1978@gmail.com,Valid till 31st December 2027,http://srilanka.travel//image/cache/no_profile_image-235x145.jpg,278
KANDASAMY SENDOORAN,Area,English,0773160125,"29,nalliah road,batticaloa",A-2060,ksenduhardy@gmail.com,Valid till 31st December 2027,http://srilanka.travel//image/cache/no_profile_image-235x145.jpg,278
Search for a Tour Guide,,All Languages Arabic Chinese Dutch English French German Greek Hebrew Hindi Hungarian Italian Japanese Korean Mandarian Russian Spanish Swedish Tamil Thai Urdu Search,,,,,,http://www.srilanka.travel/images/theames-new/covidimg.png,278
Tour Guides,,,,,,,,http://www.srilanka.travel/images/theames-new/covidimg.png,278
M.N.A.K.ABERATHNE,Area,English,0772019628,"No.15,kudugala road,wattegama",A-2061,ajithabeyrathna74@gmail.com,Valid till 31st December 2027,http://srilanka.travel//image/cache/no_profile_image-235x145.jpg,279
SAGARA MIHIDU KULASOORIYA,Area,English,0779774616,"No.66. victoriya garden,pallegama, ampitiya,kandy",A-2063,mihidutours@gmail.com,Valid till 31st December 2027,http://srilanka.travel//image/cache/no_profile_image-235x145.jpg,279
MAHANAGA ARACHCHILAGE KAMAL ATILA MARK PERERA,Area,English,0773856119,"18/3,,horn castle waththa, kanuwana,ja-ela",A-2064,kamalperera09@gmail.com,Valid till 31st December 2027,http://srilanka.travel//image/cache/no_profile_image-235x145.jpg,279
UDAGEDARA MUDIYANSELAGE SAMPATH PRASANNA ABEYWICKRAMA,Area,English,0776619983,"No.38 uyanwatte,amunugama,gunnepana",A-2066,abep389@gmail.com,Valid till 31st December 2027,http://srilanka.travel//image/cache/no_profile_image-235x145.jpg,279
BOYA GODAGE DINESH PRIYANKARA,National,English,0714525146,"No:193/b, airport road, kibissa",N-2167,dinesh.priya678@gmail.com,Valid till 31st December 2027,http://srilanka.travel//image/cache/no_profile_image-235x145.jpg,279
R.M.EDIRISINGHE,Chauffeur,English,0772668637,"44,welmilla junction,bandaragama",C-1875,mangalaedirisinghe0@gmail.com,Valid till 31st December 2027,image/tourist_guides/U050050000005407474531.jpg,279
R.A.S. BOPEARACHCHI,National,Italian,0762315348,"Dalupathawatta, kuda bopitiya",N-2168,roshanbope@gmail.com,Valid till 31st December 2027,http://srilanka.travel//image/cache/no_profile_image-235x145.jpg,279
NALIN PANDITHA,National,"English, Dutch",0719265352,"No:227-2, richmond hill road, galle",N-2165,nalinpanditha@yahoo.com,Valid till 31st December 2027,http://srilanka.travel//image/cache/no_profile_image-235x145.jpg,279
Search for a Tour Guide,,All Languages Arabic Chinese Dutch English French German Greek Hebrew Hindi Hungarian Italian Japanese Korean Mandarian Russian Spanish Swedish Tamil Thai Urdu Search,,,,,,http://www.srilanka.travel/images/theames-new/covidimg.png,279
Tour Guides,,,,,,,,http://www.srilanka.travel/images/theames-new/covidimg.png,279
SUNIL RATHNAYAKA,Area,English,0774656477,"85/5, perera mawatha,new town,polonnaruwa",A-2068,rwsrathnayaka@gmail.com,Valid till 31st December 2027,http://srilanka.travel//image/cache/no_profile_image-235x145.jpg,280
D. R. ANURA ELVITIGALA,Area,English,0710392175,"No:49/16, penideniya, peradeniya",A-2071,loyalcafe0755@gmail.com,Valid till 31st December 2027,http://srilanka.travel//image/cache/no_profile_image-235x145.jpg,280
K P ARANDARA,Area,English,770814088,"15/9/b,3,post ampitiya,kandy",A-2074,sameeraprasadarandara19711129@gmail.com,Valid till 31st December 2027,http://srilanka.travel//image/cache/no_profile_image-235x145.jpg,280
JAYAMPATHI NADITH WIJESEKERA,Area,English,0772838727,"No. 17/12 galkanda road, aniwatte, kandy,galkanda road,aniwatte",A-2073,nadithwijesekera4@gmail.com,Valid till 31st December 2027,http://srilanka.travel//image/cache/no_profile_image-235x145.jpg,280
ASHOKA HENDAWITHARANA,Chauffeur,English,0773932442,"No 14, second lane,,widarshana mawatha, galawilawaththa,,homagama",C-1882,ukdihenda@gmail.com,Valid till 31st December 2027,image/tourist_guides/U050050000005521473327.jpg,280
NAYANA RANGA BANDARANAYAKE,Chauffeur,Japanese,0771611150,"749/b,,samurdhi mawatha,,heiyanthuduwa",C-1878,rangabandaranayake815@gmail.com,Valid till 31st December 2027,http://srilanka.travel//image/cache/no_profile_image-235x145.jpg,280
ROSHANE MADURANGA CHRISTOFFELSZ,Chauffeur,English,0774462019,"19/22, alehiwatta road,,welisara,ragama",C-1879,rchristoffelsz@gmail.com,Valid till 31st December 2027,image/tourist_guides/U050050000005500476284.jpg,280
S.RASIKA PRIYANTHA SILVA,Chauffeur,English,0701493328,"14,jaya mawatha,payagala",C-1877,torasikasilva@gmail.com,Valid till 31st December 2027,image/tourist_guides/U050050000005485476081.jpg,280
Search for a Tour Guide,,All Languages Arabic Chinese Dutch English French German Greek Hebrew Hindi Hungarian Italian Japanese Korean Mandarian Russian Spanish Swedish Tamil Thai Urdu Search,,,,,,http://www.srilanka.travel/images/theames-new/covidimg.png,280
Tour Guides,,,,,,,,http://www.srilanka.travel/images/theames-new/covidimg.png,280
P.T.T.D PERERA,Chauffeur,Japanese,0718705243,"No 253, udaya mawatha,heiyanthuduwa",C-1880,thilinatharaka123@gmail.com,Valid till 31st December 2027,image/tourist_guides/U050050000005486476339.jpg,281
ANTHONIDURA CHAMARA  PRADEEPA DE SILVA,Chauffeur,Japanese,0766888497,"No:184/a, sooriyagama kadawatha, ganemulla road, kadawatha",C-1884,Chamarakanko1@gmail.com,Valid till 31st December 2027,image/tourist_guides/U050050000005528476177.jpg,281
E.A.D.N.J.G EDIRISINGHE,Chauffeur,Greek,0771510886,"14/a/9, asgiriya gardens,kiridiwita road,udugampola",C-1886,nayanajithjanaka3@gmail.com,Valid till 31st December 2027,image/tourist_guides/U050050000005494474552.jpg,281
A.M NISHSHANKA MADUKUMARA EKANAYAKA,Chauffeur,English,0718426195,"No36, hegalle,piyagama,kosgoda,,galle",C-1883,nishshankanme@gmail.com,Valid till 31st December 2027,image/tourist_guides/U050050000005490475976.jpg,281
R.MILTON,Chauffeur,English,0718588364,"56,moronthuduwa road, melagama,wadduwa",C-1885,rmilton0067@gmail.com,Valid till 31st December 2027,image/tourist_guides/U050050000005474474538.jpg,281
M.R.PRADEEP KUMARA,National,English,0778863200,"No:35/4, nittawela, kandy",N-2171,cooldeep5@yahoo.com,Valid till 31st December 2027,http://srilanka.travel//image/cache/no_profile_image-235x145.jpg,281
INDIKA MATHANGAWEERA,Chauffeur,English,0777075939,"7/b,palathuduwa ,tangalle,palathuduwa road,tangalle",C-1887,indika.weera1979@gmail.com,Valid till 31st December 2027,image/tourist_guides/U050050000005536474379.jpg,281
D.D.PRADEEP JAYANETTHI,Chauffeur,English,0777068731,"No:388/a,,kamburagalla,rugghawila",C-1888,pradeepdj2023@gmail.com,Valid till 31st December 2027,image/tourist_guides/U050050000005523475784.jpeg,281
Search for a Tour Guide,,All Languages Arabic Chinese Dutch English French German Greek Hebrew Hindi Hungarian Italian Japanese Korean Mandarian Russian Spanish Swedish Tamil Thai Urdu Search,,,,,,http://www.srilanka.travel/images/theames-new/covidimg.png,281
Tour Guides,,,,,,,,http://www.srilanka.travel/images/theames-new/covidimg.png,281
H.G. LAHIRU CHAMEERA,Chauffeur,English,0779400633,"No:86/b, horagampita, ginimellagaha, galle",C-1889,lahiruhg92@gmail.com,Valid till 31st December 2027,image/tourist_guides/U050050000005510474155.jpeg,282
RUPASINGHE MOHANDIRAMALAGE THAMARA INDIKA JAYAWARDANA,Chauffeur,Arabic,719997733,"228/b,,ihala mabula,waga",C-1890,thamaraindika1969@gmail.com,Valid till 31st December 2027,image/tourist_guides/U050050000005541473511.jpg,282
G.N.U.DE SILVA,Chauffeur,English,0777948503,"356,main street,ambalangoda",C-1891,udayakanthadesilvaniranjan@gmail.com,Valid till 31st December 2027,image/tourist_guides/U050050000005508476042.jpg,282
CHAMINDA KUMARA THABREW,Chauffeur,English,0773303406,"No:213, naranwala, galagedara, kandy",C-1892,chami.nature@gmail.com,Valid till 31st December 2027,image/tourist_guides/U050050000005503474634.jpg,282
I P WARUNA NALEENDRA,Chauffeur,"English, Spanish",0773480123,"58/1/1,sri sidharatha road,,kirulapana,colombo 05",C-1893,warunanaleendra123@gmail.com,Valid till 31st December 2027,image/tourist_guides/U050050000005531474576.jpeg,282
NUWAN JANESH,Chauffeur,English,0716270759,"No 40/b,panawenna,kahawatta.,,kahawatta",C-1894,janeshnuwan@gmail.com,Valid till 31st December 2027,image/tourist_guides/U050050000005502474336.jpg,282
D.A.A.P. DASANAYAKE,Chauffeur,English,0779643132,"No 428,othara kiruwanpola,keppitiwalane",C-1897,arunadasaayake@gmail.com,Valid till 31st December 2027,image/tourist_guides/U050050000005513475661.jpg,282
JAGATH PRIYANKARA WEERASINGHE,Chauffeur,English,0703822281,"15,,christ the king avenue.,mahabage, ragama.",C-1898,jagathpriyankara101@gmail.com,Valid till 31st December 2027,image/tourist_guides/U050050000005535476127.jpg,282
Search for a Tour Guide,,All Languages Arabic Chinese Dutch English French German Greek Hebrew Hindi Hungarian Italian Japanese Korean Mandarian Russian Spanish Swedish Tamil Thai Urdu Search,,,,,,http://www.srilanka.travel/images/theames-new/covidimg.png,282
Tour Guides,,,,,,,,http://www.srilanka.travel/images/theames-new/covidimg.png,282
KEKIRIWARAGODAGE SUJEEWA DAMMIKA DIAS,Chauffeur,English,0703790075,"No 8a,moragahapitiya watta , balagolla.,kandy road,kandy",C-1908,sujeewadias1969@gmail.com,Valid till 31st December 2027,image/tourist_guides/U050050000005532476286.jpg,283
M.D.S.ARUNASIRI,Chauffeur,English,0776608876,"11, rajagama, bandaragama,,",C-1910,sanath.arunasiri2012@gmail.com,Valid till 31st December 2027,image/tourist_guides/U050050000005558475947.jpeg,283
N.V NIMANTHA NIDARSHANA PRABHATH BANDARA,Chauffeur,English,0710799021,"No 140/1,,kotikapola, mawathagama,kurunegala",C-1900,nimanthaofficial@gmail.com,Valid till 31st December 2027,image/tourist_guides/U050050000005540476110.jpeg,283
PULDAMSI HEWA WICKRAMATHUNGA,Chauffeur,Russian,0776718799,"No:- 108/c,mada mawatha ,akkara 80,uduwila,tissamaharama",C-1904,kaweeshawickrama@gmail.com,Valid till 31st December 2027,image/tourist_guides/U050050000005534476205.jpg,283
R. HESHAN JAYAKODY,Chauffeur,English,0718888808,"No:20 ,rosamund place, george e de silva mawatha, kandy",C-1902,heshanjk@gmail.com,Valid till 31st December 2027,image/tourist_guides/U050050000005520476492.jpeg,283
S.C.BODHIPAKSHA,Chauffeur,English,0775430238,"No.129/i,,kotakedeniya road,,weligalla",C-1901,senarath640@gmail.com,Valid till 31st December 2027,image/tourist_guides/U050050000005519474307.jpg,283
D.V.PRARTHANA KARUNARATHNA,Chauffeur,English,0771689611,"No:211/1, bangalawattha, uluvitike, galle",C-1905,slmemories.pra@gmail.com,Valid till 31st December 2027,image/tourist_guides/U050050000005546476182.jpg,283
PALAGASINGHA GAMACHCHIGE ADEESHA ANSHUPATHI,Chauffeur,English,0719760917,"Bandarahena,piyadigana,ahangama",C-1906,adeeshaanshupathi@gmail.com,Valid till 31st December 2027,image/tourist_guides/U050050000005518476335.jpeg,283
Search for a Tour Guide,,All Languages Arabic Chinese Dutch English French German Greek Hebrew Hindi Hungarian Italian Japanese Korean Mandarian Russian Spanish Swedish Tamil Thai Urdu Search,,,,,,http://www.srilanka.travel/images/theames-new/covidimg.png,283
Tour Guides,,,,,,,,http://www.srilanka.travel/images/theames-new/covidimg.png,283
PROMOD SRI MANGALA NAOTUNNA,Chauffeur,Russian,0782038550,"No:41, welipanna road, aluthgama",C-1907,promodnaotunna@gmail.com,Valid till 31st December 2027,image/tourist_guides/U050050000005516474334.jpg,284
R.W.K.CHATHURANGA GUNARATHNA,Chauffeur,English,0777159649,"No:407/13, etambagahalanda watta, pitipana south, homagama",C-1913,kalikachathuranga@gmail.com,Valid till 31st December 2027,image/tourist_guides/U050050000005565476531.jpg,284
HORATHALGE MADHURA PRIYANJITH SENAVIRATHNA,Chauffeur,English,0717684316,"No, 24/3a, berawawala,,madapatha,piliyandala",C-1914,danushi516@gmail.com,Valid till 31st December 2027,image/tourist_guides/U050050000005549475758.jpg,284
THIMAL PONNAMPERUMA,Chauffeur,English,0712967487,"3-c 107 national housing scheme, matthegoda,",C-1915,thimal1988@gmail.com,Valid till 31st December 2027,image/tourist_guides/U050050000005554476272.jpg,284
A.P ANJANA ROSHAN,Chauffeur,English,0770313910,"Upeka,ganegama north,,liyanaduwa,baddegama,galle",C-1916,anjanaroshan1999@gmail.com,Valid till 31st December 2027,image/tourist_guides/U050050000005514476489.jpg,284
D. K. D. KUMARASINGHE,Chauffeur,English,0716959154,"14/1, wewagedara, kurunegala,,kurunegala",C-1911,dhananjayakumarasingha82@gmail.com,Valid till 31st December 2027,image/tourist_guides/U050050000005561474622.jpeg,284
L.K.A JAYASINGHE,Chauffeur,English,0707317950,"131, lunugamveheraroad, kandasuridugama,  katharagama,,",C-1917,jayasinghe.lka@gmail.com,Valid till 31st December 2026,image/tourist_guides/U050050000005574475770.jpg,284
W.G.G.A.ARUNA KUMARA,Chauffeur,English,0779707336,"Wadigawatta, diyagama, galpatha, kaluthara north",C-1918,Wggaaruna2@gmail.com,Valid till 31st December 2027,image/tourist_guides/U050050000005525473508.jpg,284
Search for a Tour Guide,,All Languages Arabic Chinese Dutch English French German Greek Hebrew Hindi Hungarian Italian Japanese Korean Mandarian Russian Spanish Swedish Tamil Thai Urdu Search,,,,,,http://www.srilanka.travel/images/theames-new/covidimg.png,284
Tour Guides,,,,,,,,http://www.srilanka.travel/images/theames-new/covidimg.png,284
B.M.MAHESH KASTHURI,Chauffeur,English,0773927759,"360/6/a,magammana,homagama",C-1919,maashcooldna@gmail.com,Valid till 31st December 2027,image/tourist_guides/U050050000005509476019.jpeg,285
H. M. T.H. MINUWANDENIYA,Chauffeur,English,0777917971,"No: 50a/54, 7th lane,,hansagiri road,gampaha",C-1921,terrinm@gmail.com,Valid till 31st December 2027,image/tourist_guides/U050050000005493474372.jpg,285
DILAN CHAMARA HETTIARACHCHI,Chauffeur,English,0763619183,"No.08 sooriya sewana,udugama,essella",C-1920,dctechc@msn.com,Valid till 31st December 2027,image/tourist_guides/U050050000005489475906.jpeg,285
GEORGE PRIYANTHA NIROSH,Chauffeur,English,0703129846,"169/23, mukalangamuwa, seeduwa,,",C-1922,gnirosh3@gmail.com,Valid till 31st December 2027,image/tourist_guides/U050050000005560473812.jpg,285
NEEL RANJITH KUMARASINGHE,Chauffeur,Arabic,0779032057,"No 144/1,gramodaya mawatha,bandarabatawala,bemmulla",C-1924,ranjithneel96@gmail.com,Valid till 31st December 2027,image/tourist_guides/U050050000005577474633.jpg,285
MADAWALA PATHIRAGE PRASANJITH MADAWALA,Chauffeur,English,0703527371,"No : 122/10,dilsiri garden, howpe,galle",C-1923,info.nationwalker@gmail.com,Valid till 31st December 2027,image/tourist_guides/U050050000005538476540.jpg,285
T.M.OSHADHA YASANTHA NILANJITH,Chauffeur,English,0774718672,"No:77a/42, orchid park, kuswala, raddholugama",C-1925,nilanjithoshada@gmail.com,Valid till 31st December 2027,image/tourist_guides/U050050000005569476113.jpg,285
K.B.G.ANURADHA SRIYANGA PREMAL,Chauffeur,English,0760191355,"Kopiwatta,nandasara mawatha,kahawa ambalangoda",C-1926,anuradhadilsara@gmail.com,Valid till 31st December 2027,image/tourist_guides/U050050000005517474472.jpeg,285
Search for a Tour Guide,,All Languages Arabic Chinese Dutch English French German Greek Hebrew Hindi Hungarian Italian Japanese Korean Mandarian Russian Spanish Swedish Tamil Thai Urdu Search,,,,,,http://www.srilanka.travel/images/theames-new/covidimg.png,285
Tour Guides,,,,,,,,http://www.srilanka.travel/images/theames-new/covidimg.png,285
B.A.P VINAYAKANTHA,National,English,0701549029,"N0:31, sucharithagama, nugatalawa",N-2172,piumalv91@gmail.com,Valid till 31st December 2027,http://srilanka.travel//image/cache/no_profile_image-235x145.jpg,286
W.M. LAHIRU AYESHA WEERASOORIYA,Chauffeur,English,0774897768,"No:135/b, bambaradeniya, leemagahakotuwa",C-1928,weayesh111@gmail.com,Valid till 31st December 2027,image/tourist_guides/U050050000005526476303.jpg,286
CHITHRA ARACHCHIGE GAYAN WIKASITHA CHITHRASENA,Chauffeur,English,0716906652,"Wikasitha, sucharithagama rd, ghanikkulama, anuradhapura",C-1927,gayan66070wikasitha@gmail.com,Valid till 31st December 2027,http://srilanka.travel//image/cache/no_profile_image-235x145.jpg,286
S.M.NANDASENA,Chauffeur,French,0756040613,"N0 .72/4,kanda , doluwa , menikdiwela,kandy",C-1929,madushanshalika@gmail.com,Valid till 31st December 2027,image/tourist_guides/U050050000005551476138.jpeg,286
ONILA DANODYA HANDAPANGODA,National,Chinese,0712218494,"Shantha,bogoda,,jangulla,hali-ela,,badulla",N-2174,oniladh2019@gmail.com,Valid till 31st December 2027,http://srilanka.travel//image/cache/no_profile_image-235x145.jpg,286
R.M. PIYATHILAKA,National,Spanish,0717461920,"No:80/55/34, panaluwa, padukka",N-2173,ranjith12348@gmail.com,Valid till 31st December 2027,http://srilanka.travel//image/cache/no_profile_image-235x145.jpg,286
E.A. KALANA SANDEEP EPASINGHE,National,Spanish,0775104617,"No:74/14/1, medikele waththa, madithiyawala, banduragoda",N-2179,Hinterland2586@gmail.com,Valid till 31st December 2027,http://srilanka.travel//image/cache/no_profile_image-235x145.jpg,286
KURUKULASURIYA RANIL NILANTHA FERNANDO,Chauffeur,English,0777104333,"No:174, bandirippuwa road, haldanduwana, lunuwila",C-1930,ranilnilanthafernando@gmail.com,Valid till 31st December 2027,image/tourist_guides/U050050000005571476439.jpg,286
Search for a Tour Guide,,All Languages Arabic Chinese Dutch English French German Greek Hebrew Hindi Hungarian Italian Japanese Korean Mandarian Russian Spanish Swedish Tamil Thai Urdu Search,,,,,,http://www.srilanka.travel/images/theames-new/covidimg.png,286
Tour Guides,,,,,,,,http://www.srilanka.travel/images/theames-new/covidimg.png,286
S.D.S.PADMASIRI,National,English,0779979422,"No:74/a/2, kaju/pi/, kadalagoda, dedduwa, haburugala",N-2175,sudeshsltda@gmail.com,Valid till 31st December 2027,http://srilanka.travel//image/cache/no_profile_image-235x145.jpg,287
GAMINI JAYASURIYA,National,English,0773698447,"No:202/a-2, madahena, hirana, panadura",N-2176,gaminijayasuriya707@gmail.com,Valid till 31st December 2026,http://srilanka.travel//image/cache/no_profile_image-235x145.jpg,287
KORALE GEDARA MALITH SENANAYAKE,National,French,0770188707,"No 06, track 06, bakamoona",N-2177,senanayake.malith@gmail.com,Valid till 31st December 2027,http://srilanka.travel//image/cache/no_profile_image-235x145.jpg,287
THENKUTTI KAMAL INDIKA DE SILVA,Chauffeur,English,0762899423,"Kamal sewana,,kaluwamodara,,aluthgama",C-1932,kamaldesilva19720620@gmail.com,Valid till 31st December 2027,image/tourist_guides/U050050000005581474094.jpg,287
W. SHIHAN LAKSHITHA DE SILVA,National,English,0717631563,"Sri rathanajothi mawatha, kuda waskaduwa,waskaduwa",N-2181,shihanlakshitha@gmail.com,Valid till 31st December 2027,http://srilanka.travel//image/cache/no_profile_image-235x145.jpg,287
MAHESH ANURUDDA YAPA,National,Japanese,0778838131,"No:160/a, udabowala, kandy",N-2180,anuruddayapa1@gmail.com,Valid till 31st December 2027,http://srilanka.travel//image/cache/no_profile_image-235x145.jpg,287
U.N.G.J.C.WIJERATHNA,National,English,0777488267,"No:56/6, m.g. mawatha, rilaulla, kandana",N-2183,janakahigu@gmail.com,Valid till 31st December 2027,http://srilanka.travel//image/cache/no_profile_image-235x145.jpg,287
W.A.M.W. KARUNARATHNA,National,Chinese,0764192636,"No:208/04, uduwila road, godigamuwa, akaragama",N-2184,wanigasekaramadushan8@gmail.com,Valid till 31st December 2027,http://srilanka.travel//image/cache/no_profile_image-235x145.jpg,287
Search for a Tour Guide,,All Languages Arabic Chinese Dutch English French German Greek Hebrew Hindi Hungarian Italian Japanese Korean Mandarian Russian Spanish Swedish Tamil Thai Urdu Search,,,,,,http://www.srilanka.travel/images/theames-new/covidimg.png,287
Tour Guides,,,,,,,,http://www.srilanka.travel/images/theames-new/covidimg.png,287
R.LOCHANA MADHUSHANI RATHNAYAKE,National,English,0719802018,"No:188, thalapitiya, melpitiya, matale",N-2197,lochanamadhushani@gmail.com,Valid till 31st December 2027,http://srilanka.travel//image/cache/no_profile_image-235x145.jpg,288
G.H.SAMEERA BUDDHIKE JAYARATHNE,National,English,0713938860,"No:71, 4th mile post, sigiriya",N-2198,buddhikesam290@gmail.com,Valid till 31st December 2027,http://srilanka.travel//image/cache/no_profile_image-235x145.jpg,288
L.A.S. FERNANDO,National,Italian,0702060314,"No:25/2, kapalakanda road, ja-ela",N-2199,shamindra.fdo@gmail.com,Valid till 31st December 2027,http://srilanka.travel//image/cache/no_profile_image-235x145.jpg,288
AGAMPODI TIRON MANOJ KUMARASENA SILVA,National,English,0772319477,"No:80/18, new neegrodharma rd, kalutara-north",N-2200,manojtiron@gmail.com,Valid till 31st December 2027,http://srilanka.travel//image/cache/no_profile_image-235x145.jpg,288
B A PRASANNA TISSERA,National,English,0777284878,"No:181/a, kehelbadhara west, udugampola",N-2185,prasannareebok@gmail.com,Valid till 31st December 2027,http://srilanka.travel//image/cache/no_profile_image-235x145.jpg,288
KAPILA KUMARA JAYAWARDANA,National,English,0777397123,"No:166/2, bulumulla, kiribathkumbura",N-2186,sur.destinations@gmail.com,Valid till 31st December 2027,http://srilanka.travel//image/cache/no_profile_image-235x145.jpg,288
RAJAPAKSHA LIYANAGE KAPAILA KUMARA RAJAPAKSHA,National,English,0773604313,"No:14/6, vijaya road, gampaha",N-2187,kapilakumararajapaksha@gmail.com,Valid till 31st December 2027,http://srilanka.travel//image/cache/no_profile_image-235x145.jpg,288
PELAWATTA HETTIARACHCHIGE MAHESH PRADEEP,National,English,0773219580,"No:15, saunders road, negombo",N-2188,pradeephettiarachchi111@gmail.com,Valid till 31st December 2027,image/tourist_guides/U050050000005614478067.jpg,288
Search for a Tour Guide,,All Languages Arabic Chinese Dutch English French German Greek Hebrew Hindi Hungarian Italian Japanese Korean Mandarian Russian Spanish Swedish Tamil Thai Urdu Search,,,,,,http://www.srilanka.travel/images/theames-new/covidimg.png,288
Tour Guides,,,,,,,,http://www.srilanka.travel/images/theames-new/covidimg.png,288
MOHAMED SHUMS AHMED,National,English,0778581188,"No:3/16, katugoda passage, katugoda, galle",N-2189,fahmidhaahmed9394@gmail.com,Valid till 31st December 2027,http://srilanka.travel//image/cache/no_profile_image-235x145.jpg,289
A.B CHANUKA KAVINDA WEERASINGE,National,English,0775355889,"Nimantha, furnipures, wewagedara, kurunegala",N-2190,cwchanu@gmail.com,Valid till 31st December 2026,http://srilanka.travel//image/cache/no_profile_image-235x145.jpg,289
A.D.M.C.B ABERATHNA,National,English,0717501229,"No:545/1, jalasha rd, dambulla",N-2191,Feelmysrilanka@gmail.com,Valid till 31st December 2027,http://srilanka.travel//image/cache/no_profile_image-235x145.jpg,289
RAJAPAKSHA MUDIYANSELAGE GAYAN SAMPATH RATHNAYAKA,National,Spanish,0774684697,"No:13/1, rideegama, kumbukgate",N-2193,rmgayansr@gmail.com,Valid till 31st December 2027,http://srilanka.travel//image/cache/no_profile_image-235x145.jpg,289
GEEKIYANAGE DON DHANUKA KELUM,National,"English, Korean",0714919299,"No:186/2, polhena, akurukalawita, anguruwathota",N-2194,kiarageekiyanage@gmail.com,Valid till 31st December 2027,http://srilanka.travel//image/cache/no_profile_image-235x145.jpg,289
KUMUDU LASANTHA PERERA SAMARANAYAKE,National,English,0714803081,"No:92, kuruppumulla, panadura",N-2195,lasantha.samaranayake@gmail.com,Valid till 31st December 2027,image/tourist_guides/U050050000005610478068.jpg,289
KODITUWAKKU ARACHCHIGE THILANKA EDIRISINGHE,National,English,0702372945,"No:59/2, chapel road, nugegoda",N-2196,thilankae@hotmail.com,Valid till 31st December 2027,http://srilanka.travel//image/cache/no_profile_image-235x145.jpg,289
KARIYAWASAM KATUKOLIHA GAMAGE ASHAN SHAMINDA WIJETILLEKE,National,English,0713483648,"No:70/d, l.pathirage mawatha, gangodawila, nugegoda",N-2201,ashanwijetilleke@gmail.com,Valid till 31st December 2027,http://srilanka.travel//image/cache/no_profile_image-235x145.jpg,289
Search for a Tour Guide,,All Languages Arabic Chinese Dutch English French German Greek Hebrew Hindi Hungarian Italian Japanese Korean Mandarian Russian Spanish Swedish Tamil Thai Urdu Search,,,,,,http://www.srilanka.travel/images/theames-new/covidimg.png,289
Tour Guides,,,,,,,,http://www.srilanka.travel/images/theames-new/covidimg.png,289
CHAMODI LAKSHANI WEERATHUNGA,National,"English, Hindi",0766003389,"5th lane, bulugahawaththa, malkaduwawa, kurunegala",N-2202,chamodiweerathunga@gmail.com,Valid till 31st December 2027,http://srilanka.travel//image/cache/no_profile_image-235x145.jpg,290
J.A.SUPUN DINUSHA,National,German,0710464657,"No:622, elegoda east, mamadala",N-2203,jasdinusha93@gmail.com,Valid till 31st December 2027,http://srilanka.travel//image/cache/no_profile_image-235x145.jpg,290
INDIKA NERANJANA RUPASINGHE BANDARA,National,English,0778778211,"No:110/2/1, pellapitiya janapadaya, kurunduwatte bazar",N-2204,inrvista@gmail.com,Valid till 31st December 2027,http://srilanka.travel//image/cache/no_profile_image-235x145.jpg,290
KOTHALAWALAGE SUSAN CHAMMIKA DAYARATHNA,National,English,0762173710,"No:333-b, kanahentota, miriswatta, bentota",N-2205,Chammikaharitha@gmail.com,Valid till 31st December 2027,http://srilanka.travel//image/cache/no_profile_image-235x145.jpg,290
H.PRABATH RAVINDRA DE ALWIS,National,German,0786240661,"De alwis road, warahena, benthota",N-2210,ravindraprabath1234@gmail.com,Valid till 31st December 2027,http://srilanka.travel//image/cache/no_profile_image-235x145.jpg,290
E.M.S.M EKANAYAKA,National,French,0787738220,"No:63/a, digampathaha, kimbissa",N-2206,sandarumadushan266@gmail.com,Valid till 31st December 2027,http://srilanka.travel//image/cache/no_profile_image-235x145.jpg,290
P.G. MANOJ ASANKA KARUNARATHNE,National,Japanese,0777746302,"No:261/a/2, marekale watta rd, parakaduwa",N-2207,mano.tourism@gmail.com,Valid till 31st December 2027,image/tourist_guides/U050050000005628478071.jpg,290
W.P.S.P.FERNANDO,National,Chinese,0774392333,"No:75, madu kumari mawatha, thoduwawa south, thoduwawa",N-2215,susilfdo73@gmail.com,Valid till 31st December 2027,http://srilanka.travel//image/cache/no_profile_image-235x145.jpg,290
Search for a Tour Guide,,All Languages Arabic Chinese Dutch English French German Greek Hebrew Hindi Hungarian Italian Japanese Korean Mandarian Russian Spanish Swedish Tamil Thai Urdu Search,,,,,,http://www.srilanka.travel/images/theames-new/covidimg.png,290
Tour Guides,,,,,,,,http://www.srilanka.travel/images/theames-new/covidimg.png,290
K.L.HASANTHA LOKUGAMAGE,National,English,0777255256,"No:25/121/1, maligawa road, etul kotte, kotte",N-2211,hasloku@yahoo.co.uk,Valid till 31st December 2027,http://srilanka.travel//image/cache/no_profile_image-235x145.jpg,291
PALANDEGEDARA CHULAKA DEWAPRIYA,National,"English, Russian",0773595349,"No:189/3, ""heumali"", chilaw road, katuneriya",N-2212,chulakadew@gmail.com,Valid till 31st December 2027,http://srilanka.travel//image/cache/no_profile_image-235x145.jpg,291
VIDUSHA PRABATH WIJEWARDANA,National,English,0777036296,"No:152, 6th lane, kajugahawatta, idh",N-2213,vidusha77@hotmail.com,Valid till 31st December 2027,http://srilanka.travel//image/cache/no_profile_image-235x145.jpg,291
PASINDU HANSAJITH RANASINGHE,National,Japanese,0770808551,"No:159/a/1, temple road, aluthgama, bandaragama",N-2218,indigolankatravel@gmail.com,Valid till 31st December 2027,http://srilanka.travel//image/cache/no_profile_image-235x145.jpg,291
SURANGA PUSHPAKUMARA TENNAKOON,National,French,0716398891,"Mudannagoda,gonagalapura,bentota",N-2216,guidesuranga@gmail.com,Valid till 31st December 2027,http://srilanka.travel//image/cache/no_profile_image-235x145.jpg,291
M.K.C.S. SENEVIRATHNE,National,English,0715247504,"No:104/01, ushenawaththa, gorokgasdeniya, alawwa",N-2217,mailchaly1995@gmail.com,Valid till 31st December 2027,http://srilanka.travel//image/cache/no_profile_image-235x145.jpg,291
M.M.BHAGYA CHAMINDA BANDARA,National,Chinese,0704123878,"No:124, dambawela, gurudeniya",N-2192,chinesebachi@gmail.com,Valid till 31st December 2027,http://srilanka.travel//image/cache/no_profile_image-235x145.jpg,291
U.A.RAJAPAKSHE,Chauffeur,English,0718101228,"No .52,ukwatta, koholana,,kalutara south",C-1934,rajapakshez@yahoo.com,Valid till 31st December 2027,image/tourist_guides/U050050000005664475550.jpg,291
Search for a Tour Guide,,All Languages Arabic Chinese Dutch English French German Greek Hebrew Hindi Hungarian Italian Japanese Korean Mandarian Russian Spanish Swedish Tamil Thai Urdu Search,,,,,,http://www.srilanka.travel/images/theames-new/covidimg.png,291
Tour Guides,,,,,,,,http://www.srilanka.travel/images/theames-new/covidimg.png,291
MUNASINGHE ARACHCHIGE SAJITH,Area,English,0772243106,"No 4,tank road,rajanganaya,anuradhapura",A-2078,sajithmunasinghe333@gmail.com,Valid till 31st December 2027,http://srilanka.travel//image/cache/no_profile_image-235x145.jpg,292
R. NIMAL RAJAPAKSHA,Area,English,0726180321,"No. 21,,wewethanna,polonnaruwa",A-2077,nimalrajapaksha006@gmail.com,Valid till 31st December 2027,http://srilanka.travel//image/cache/no_profile_image-235x145.jpg,292
R.M.SANJAYA BANDARA WEERARATHNA,National,French,0765438238,"No:795/6, 8th lane, jayamalapura, gampola",N-2222,srilankaadventureclub@gmail.com,Valid till 31st December 2027,http://srilanka.travel//image/cache/no_profile_image-235x145.jpg,292
K.H. SACHINTHA MADUSHAN KODAGODA,National,French,0776962769,"No:28/7, 8th lane, jayamalapura, gampola",N-2223,sachinkoda2@gmail.com,Valid till 31st December 2027,http://srilanka.travel//image/cache/no_profile_image-235x145.jpg,292
A.U.S.I ATHUKORALA,National,Korean,0770813219,"No 89/f,,panawala road ,kongasdeniya,nittambwa",N-2214,sasikaimosh@ymail.com,Valid till 31st December 2027,image/tourist_guides/U050050000005630475692.jpeg,292
MOHAMMED SADURDEEN MOHAMMED KIYAS,National,English,0773571761,"No:25, fatima road, periyamulla, negombo",N-2219,kiyas.sadurdeen@gmail.com,Valid till 31st December 2027,http://srilanka.travel//image/cache/no_profile_image-235x145.jpg,292
TANTHRIWATTAGE DON SHANAKA,National,Russian,0777245570,"No:320/a, dehiwala rd, bellanwila, boralesgamuwa",N-2220,shantd03@gmail.com,Valid till 31st December 2027,http://srilanka.travel//image/cache/no_profile_image-235x145.jpg,292
AJITH DEVENDRA,National,English,0729593422,"No:7/4, galagedara lane, katugastota",N-2221,naturetravels1@gmail.com,Valid till 31st December 2027,http://srilanka.travel//image/cache/no_profile_image-235x145.jpg,292
Search for a Tour Guide,,All Languages Arabic Chinese Dutch English French German Greek Hebrew Hindi Hungarian Italian Japanese Korean Mandarian Russian Spanish Swedish Tamil Thai Urdu Search,,,,,,http://www.srilanka.travel/images/theames-new/covidimg.png,292
Tour Guides,,,,,,,,http://www.srilanka.travel/images/theames-new/covidimg.png,292
WIDANALAGE LAKMAL SAMANTHA DE MEL,National,English,0777142303,"No:216/2, ""sumudu uyana"", nedagamuwa, kotugoda",N-2224,lakmaldemel5@gmail.com,Valid till 31st December 2027,http://srilanka.travel//image/cache/no_profile_image-235x145.jpg,293
WARNAKULASURIYA SUDATH CHRISHAN LOWE,National,English,0773012261,"No:113, anhampitiya, east waikkala",N-2225,sudathclowe@gmail.com,Valid till 31st December 2027,http://srilanka.travel//image/cache/no_profile_image-235x145.jpg,293
ADRIAN AYESH VANSANDEN,National,English,0776202192,"No:32/6, luurdu mw, bandara wattha, kochchikade",N-2226,ash93.av@gmail.com,Valid till 31st December 2027,http://srilanka.travel//image/cache/no_profile_image-235x145.jpg,293
HASANTHA  HARISHCHANDRA DE SILVA,National,English,0705028282,"No:351/6, n.h.s. road, raddolugama",N-2227,hasseydesilva@gmail.com,Valid till 31st December 2027,http://srilanka.travel//image/cache/no_profile_image-235x145.jpg,293
H.G.N. KITHSIRI,National,English,0712732762,"No:208, papaya farm, samudhi wewa, gotamigama, kataragama",N-2228,tltsltours@gmail.com,Valid till 31st December 2027,http://srilanka.travel//image/cache/no_profile_image-235x145.jpg,293
DASSANAYAKA MUDIYANSELAGE MOHAMMED SHIHAN,Chauffeur,English,0774499442,"308 bishop lane kerawalapitiya road,hendala,wattala",C-1935,shihan159@gmail.com,Valid till 31st December 2027,image/tourist_guides/U050050000005107474592.jpeg,293
Y.W.M.K. SAMANTHA BANDARA RAMBUKWELLA,Area,English,0767261874,"No:258/1, galagedara road, katugastota",A-2082,saman_rambukwella@yahoo.com,Valid till 31st December 2027,http://srilanka.travel//image/cache/no_profile_image-235x145.jpg,293
R.E.M.NIHAL SUJEEWA EKANAYAKE,Area,English,0778236172,"No.196,ihala owala, kaikawala,matale",A-2083,nihal.ekanayaka50@gmail.com,Valid till 31st December 2027,http://srilanka.travel//image/cache/no_profile_image-235x145.jpg,293
Search for a Tour Guide,,All Languages Arabic Chinese Dutch English French German Greek Hebrew Hindi Hungarian Italian Japanese Korean Mandarian Russian Spanish Swedish Tamil Thai Urdu Search,,,,,,http://www.srilanka.travel/images/theames-new/covidimg.png,293
Tour Guides,,,,,,,,http://www.srilanka.travel/images/theames-new/covidimg.png,293
BULATHSINHALAGE HASHAN KAVINDA PERERA,National,English,0771472672,"No:74/d/1, ramukkana, bandaragama",N-2232,hashanpereratrekker@gmail.com,Valid till 31st December 2026,http://srilanka.travel//image/cache/no_profile_image-235x145.jpg,294
MARAKKALA MANAGE SHANAKA VIRAJ PREMATUNGE,National,English,0775899165,"""shangrila"", arachchiwatta, pinkanda, galle",N-2233,virajdod@gmail.com,Valid till 31st December 2027,http://srilanka.travel//image/cache/no_profile_image-235x145.jpg,294
JEMIS JESUDHASAN JOHA TIRAN,National,English,0719235099,"No:156/5, lewis place, kudapaduwa, negombo",N-2230,johatiran@yahoo.com,Valid till 31st December 2027,http://srilanka.travel//image/cache/no_profile_image-235x145.jpg,294
HEWA GEEGANAGE UPALI NAWARATHNA,National,German,0778534303,"No:205/38, leenawaththa, narigama, hikkaduwa",N-2229,hgunawarathna2@gmail.com,Valid till 31st December 2027,http://srilanka.travel//image/cache/no_profile_image-235x145.jpg,294
WARNAKULASURIYA  HERMAL THUNSHANTHA FERNANDO,National,English,0707635700,"No:16(51/10), st.anthoneys, 1st lane, periyamulla, negombo",N-2231,hermalthush@gmail.com,Valid till 31st December 2027,http://srilanka.travel//image/cache/no_profile_image-235x145.jpg,294
JAYAKODI ARCHCHILAGE KANISHKA DULAJ GUNATHILAKA,Chauffeur,English,0776323514,"No:94, dewagiripura, galgamuwa",C-1936,kanishkadulaj45@gmail.com,Valid till 31st December 2027,image/tourist_guides/U050050000005497476074.jpg,294
HERATH MUDIYANSELAGE PREMATHILAKA,Area,English,772905007,"No. 14/3,1st canal road,kumara pokuna,polonnaruwa",A-2085,hmpremathilaka1968@gmail.com,Valid till 31st December 2027,http://srilanka.travel//image/cache/no_profile_image-235x145.jpg,294
KOCHCHIGODA KANKANAMGE DASUN THARANGA,National,English,0778254184,"No:30, maithree road, weedagama, bandaragama",N-2234,kkdasuntharanga@gmail.com,Valid till 31st December 2027,http://srilanka.travel//image/cache/no_profile_image-235x145.jpg,294
Search for a Tour Guide,,All Languages Arabic Chinese Dutch English French German Greek Hebrew Hindi Hungarian Italian Japanese Korean Mandarian Russian Spanish Swedish Tamil Thai Urdu Search,,,,,,http://www.srilanka.travel/images/theames-new/covidimg.png,294
Tour Guides,,,,,,,,http://www.srilanka.travel/images/theames-new/covidimg.png,294
RAJAPAKSHA MANIKKUNAMBI KRISHANI,Chauffeur,Chinese,0778580306,"No 72/2/a,,vilegoda,,ambalangoda",C-1938,krishanirajapaksha2024@gmail.com,Valid till 31st December 2027,image/tourist_guides/U050050000005676476496.jpg,295
M.L.CHANDANA PUSHPA KUMARA,Chauffeur,English,0711833905,"No 227 c/2,kossovita,gampaha",C-1937,chandanaku2018@gmail.com,Valid till 31st December 2027,image/tourist_guides/U050050000005527475645.jpg,295
WEVITA VIDANALAGE MADHAWA KEERTHI SURANJITH WEVITA,National,English,0750304448,"No:9, kitulmulla, galaha",N-2235,hanthanadome@gmail.com,Valid till 31st December 2027,http://srilanka.travel//image/cache/no_profile_image-235x145.jpg,295
NAKANDALAGE DON HARUN RASIKA,Area,English,0779122346,"476/b,samagi mawatha,elamodara,awiththawa,ganegoda",A-2093,harunnakandala1971@gmail.com,Valid till 31st December 2027,http://srilanka.travel//image/cache/no_profile_image-235x145.jpg,295
MANILAL  DOMINIC DE SILVA RANASINGHE,National,English,0773233595,"No:3, charls place, dehiwala",N-2236,manilaldesilva762@gmail.com,Valid till 31st December 2027,http://srilanka.travel//image/cache/no_profile_image-235x145.jpg,295
GAJAMAN HEWAGE NISHAN PRASAD KUMAR,Area,English,0718182762,"169/4,tissa road,ranna",A-2087,ghnishanprasad7880@gmail.com,Valid till 31st December 2027,http://srilanka.travel//image/cache/no_profile_image-235x145.jpg,295
HEWA ASURACHCHIGE SUSIL,Area,English,071911822,"2,pinkrow city, puwakwatta,wevurukannala, dickwella",A-2090,silunivinhara@gmail.com,Valid till 31st December 2027,http://srilanka.travel//image/cache/no_profile_image-235x145.jpg,295
POL DHANARAJA PATHIRATHNA DE SILVA,Area,English,0718166141,"331,galle road wellawatta,balapitiya",A-2099,pathirathnapd@gmail.com,Valid till 31st December 2027,http://srilanka.travel//image/cache/no_profile_image-235x145.jpg,295
Search for a Tour Guide,,All Languages Arabic Chinese Dutch English French German Greek Hebrew Hindi Hungarian Italian Japanese Korean Mandarian Russian Spanish Swedish Tamil Thai Urdu Search,,,,,,http://www.srilanka.travel/images/theames-new/covidimg.png,295
Tour Guides,,,,,,,,http://www.srilanka.travel/images/theames-new/covidimg.png,295
WANNIARACHCHIGE DARMASENA,Area,English,776092957,839/1 akurugoda handiya tissamaharama,A-2100,wanniarachchi906@gmail.com,Valid till 31st December 2027,http://srilanka.travel//image/cache/no_profile_image-235x145.jpg,296
WARAKAGODA WETANALAGA DON THUSHARA JAYATHILAKA,Area,,0773701466,"No/g/66/3,,hulangasdaluwa,,eheliyagoda",A-2106,tjayathilake097@gmail.com,Valid till 31st December 2027,http://srilanka.travel//image/cache/no_profile_image-235x145.jpg,296
JAGODAGE CHATHURI WINDYANI DE SILVA,Site,"English Tel 0772672872 Address No:56, galwalalanda, padiyathalawa Registration No N-2239 Email dushmanthasrimalinga@gmail.com Validity status of licence: Valid till 31st December 2027",0773860632,"No:191/6, mahsenpura, thissamaharama",S-0161,chathurivindyani@gmail.com,Valid till 31st December 2027,http://srilanka.travel//image/cache/no_profile_image-235x145.jpg,296
WEDIWELA MUDIYANSELAGE DUSMANTHA MALINGA,National,English,0772672872,"No:56, galwalalanda, padiyathalawa",N-2239,dushmanthasrimalinga@gmail.com,Valid till 31st December 2027,http://srilanka.travel//image/cache/no_profile_image-235x145.jpg,296
SAMARAKOONGE NIROSHAN,National,English,0773296510,"No:15, gurunnansege watta, mewella rd, pethiyagoda, kelaniya",N-2237,niroshanuoc@gmail.com,Valid till 31st December 2027,http://srilanka.travel//image/cache/no_profile_image-235x145.jpg,296
PANAMBARAGE HIROSH SAMINDA GUNASEKARA,National,English,0778807589,"No:76, delwagura, via mirigama",N-2240,hiroshg9@gmail.com,Valid till 31st December 2027,http://srilanka.travel//image/cache/no_profile_image-235x145.jpg,296
MOHAMED ANVER ANVER HUSSAIN,Area,English,0760924445,"57/6,muslim street,tangalle",A-2108,eyelandguy@gmail.com,Valid till 31st December 2027,http://srilanka.travel//image/cache/no_profile_image-235x145.jpg,296
WANNINAYAKE MUDIYANSELAGE  HIRUNA  MALMITHA WANNINAYAKE,National,,0766665818,"""pradeepapaya"", makandura, gonawila",N-2241,malmitha@gmail.com,Valid till 31st December 2027,http://srilanka.travel//image/cache/no_profile_image-235x145.jpg,296
Search for a Tour Guide,,All Languages Arabic Chinese Dutch English French German Greek Hebrew Hindi Hungarian Italian Japanese Korean Mandarian Russian Spanish Swedish Tamil Thai Urdu Search,,,,,,http://www.srilanka.travel/images/theames-new/covidimg.png,296
Tour Guides,,,,,,,,http://www.srilanka.travel/images/theames-new/covidimg.png,296
SAMARATHUNGA LIYANA MOHTTIGE DON LALITH ARUNA SHANTHA SAMARATHUNGA,Chauffeur,English,0761010216,"486, aruna, embaraluwa south, weliweriya.,gampaha",C-1940,samarathunga56lalith@gmail.com,Valid till 31st December 2027,image/tourist_guides/U050050000005698474340.jpg,297
UDUGAMA SURIYAGE NANDANA MAHINDA RATHNA,Chauffeur,German,0777047910,"No. 193/a,,kalugala,dobagahawatta,gonagalapura",C-1941,nandanamahindarathna2023@gmail.com,Valid till 31st December 2027,image/tourist_guides/U050050000005691476160.jpg,297
KAMMELLAWEERAGE SRINATH RUWAN DE SILVA,Chauffeur,English,0771299400,"Piyuswaththa, millawa,kurunegala",C-1942,srd3773@gmail.com,Valid till 31st December 2027,image/tourist_guides/U050050000005687476003.jpg,297
BERTRAM MADURANGA IMBULAGODA,Chauffeur,English,0713499804,"12,bolossagama , kalutara south",C-1944,maduimbulagoda@gmail.com,Valid till 31st December 2027,image/tourist_guides/U050050000005688475629.jpg,297
PETHTHAHANDI CHERAN THARINDU DE SILVA,Chauffeur,English,0775409033,"No.232,welipenna road,aluthgama",C-1945,cherandesilva1126@gmail.com,Valid till 31st December 2027,image/tourist_guides/U050050000005672476266.jpg,297
MILLAGALE WEDARALALAGE PRABHATH BUDDHIKA SENEVIRATHNA,National,English,0711203644,"No:i-16, thebuwatta, mahabage, kithulgala",N-2243,dreamlankatravels@gmail.com,Valid till 31st December 2027,http://srilanka.travel//image/cache/no_profile_image-235x145.jpg,297
KALAHE ARCHARIGE SURESH PUSHPA KUMARA,Chauffeur,English,0779480294,"76/2,arrachikanda,hikkaduwa",C-1946,sureshkalehe@gmail.com,Valid till 31st December 2027,image/tourist_guides/U050050000005580476559.jpeg,297
EKANAYAKE MUDIYANSELAGE AMARASIRI,Area,English,0712571472,"104,missaka mawatha,mihinthale",A-2115,eamarasiri915@gmail.com,Valid till 31st December 2027,http://srilanka.travel//image/cache/no_profile_image-235x145.jpg,297
Search for a Tour Guide,,All Languages Arabic Chinese Dutch English French German Greek Hebrew Hindi Hungarian Italian Japanese Korean Mandarian Russian Spanish Swedish Tamil Thai Urdu Search,,,,,,http://www.srilanka.travel/images/theames-new/covidimg.png,297
Tour Guides,,,,,,,,http://www.srilanka.travel/images/theames-new/covidimg.png,297
DISSANAYAKE HENDRIKLAGE CHANDIKA LAKMAL,Area,English,0771451022,"No 44,sri piyathissapura ,nuwara eliya.",A-2116,chandikadissanayake@yahoo.com,Valid till 31st December 2027,http://srilanka.travel//image/cache/no_profile_image-235x145.jpg,298
P. B. G. RAJITHA THEEKSHANA  BALASOORIYA,Area,"English Tel 0718162927 Address No:75/f/2, new town, rukmale, panniptiya Registration No N-2244 Email sumith19fernando@gmail.com Validity status of licence: Valid till 31st December 2027",0770806213,"21/8a,2nd lane,aruppola, kandy",A-2117,rajitha9088@gmail.com,Valid till 31st December 2027,http://srilanka.travel//image/cache/no_profile_image-235x145.jpg,298
K. A. SUMITH LESLEY FERNANDO,National,English,0718162927,"No:75/f/2, new town, rukmale, panniptiya",N-2244,sumith19fernando@gmail.com,Valid till 31st December 2027,http://srilanka.travel//image/cache/no_profile_image-235x145.jpg,298
DIMUTHU KASUN DAMAYANTHA WAHALATHANTHRI,Chauffeur,English,0771956318,"No:54,kandakurunduwatte,dediyawala.waskaduwa,kalutara north",C-1947,wdkasundamayantha@gmail.com,Valid till 31st December 2027,image/tourist_guides/U050050000005726473492.jpg,298
KAMATHAWATTE GEDARA SUSANTHA KUMARA,Area,English,0778289862,"10,kalalpitiya,ukuwela",A-2119,wintour200@gmail.com,Valid till 31st December 2027,http://srilanka.travel//image/cache/no_profile_image-235x145.jpg,298
GALAPPATHTHI MERENCHIGE PRADEEP KUMARA,Chauffeur,English,0776081266,"No 39/1,samaraweera pl,weligama",C-1948,info.ceylonsightseers@gmail.com,Valid till 31st December 2027,image/tourist_guides/U050050000005686476491.jpeg,298
DANANSOORIYA ARACHCHIGE WICKRAMASINGHE FELIX ANTON JAYAWARDENA,Area,English,0707591000,"15/26,thibirigaha watta,welisara ,ragama",A-2127,felixjayawardena@yahoo.com,Valid till 31st December 2027,http://srilanka.travel//image/cache/no_profile_image-235x145.jpg,298
MODARAGE HARISON JANAKA MARTIS,Area,English,0777168171,"91-c,mullapitiya,beruwala",A-2122,janakamartis68@gmail.com,Valid till 31st December 2027,http://srilanka.travel//image/cache/no_profile_image-235x145.jpg,298
Search for a Tour Guide,,All Languages Arabic Chinese Dutch English French German Greek Hebrew Hindi Hungarian Italian Japanese Korean Mandarian Russian Spanish Swedish Tamil Thai Urdu Search,,,,,,http://www.srilanka.travel/images/theames-new/covidimg.png,298
Tour Guides,,,,,,,,http://www.srilanka.travel/images/theames-new/covidimg.png,298
MAPALAGAMA MANAGE DINESH KUMARA,Area,English,0777734520,"No. 16,kalinga mawatha, polhengoda road,colombo 05",A-2126,mmdkuma@gmail.com,Valid till 31st December 2027,http://srilanka.travel//image/cache/no_profile_image-235x145.jpg,299
DEDIYAWALAGE DON PRIYAL SISIRA KUMARA SUBASINGHE,Area,English,0777182045,"Godakelewatta panvila,kalutara south",A-2123,subasinghepriyal@gmail.com,Valid till 31st December 2027,http://srilanka.travel//image/cache/no_profile_image-235x145.jpg,299
RUKSHAN PRAGEETH KAHAPALAGE,Area,English,0767003719,"No 222, dalthara  piliyandala,",A-2128,rukshanprageeth8@gmail.com,Valid till 31st December 2026,http://srilanka.travel//image/cache/no_profile_image-235x145.jpg,299
THANURA JAYANTHA WEERASEKARA,Area,English,0772711089,"910/2,pannipitiya road,battaramulla",A-2130,tjweerasekara0221@gmail.com,Valid till 31st December 2027,http://srilanka.travel//image/cache/no_profile_image-235x145.jpg,299
MEURU CHANDIMAL SOORIYAPATABADI,Area,English,0777650950,"206/2 , 9th lane,saraboomi, kotagedara, madapatha,piliyandala",A-2131,chandimalmeuru@gmail.com,Valid till 31st December 2027,http://srilanka.travel//image/cache/no_profile_image-235x145.jpg,299
WEERAPPULIGE RIYANZIE SAMAN JAYATHUNGA,Chauffeur,English,0766883476,"Malwana waththa, giriulla",C-1949,rienziewrsjayathunga@gmail.com,Valid till 31st December 2027,image/tourist_guides/U050050000005739476555.jpg,299
GAMAGE SAMANTHA UPUL KUMARA RANASINGHE,National,English,0719372021,"No:b36/1, boyagama, galigamuwa town",N-2248,ranasinghe74@gmail.com,Valid till 31st December 2027,http://srilanka.travel//image/cache/no_profile_image-235x145.jpg,299
IHALAGE HASALA ERANDA RAJAPAKSHA,National,English,0772277588,"No:02, kendagollamada, wehigala",N-2249,hasala90@gmail.com,Valid till 31st December 2027,http://srilanka.travel//image/cache/no_profile_image-235x145.jpg,299
Search for a Tour Guide,,All Languages Arabic Chinese Dutch English French German Greek Hebrew Hindi Hungarian Italian Japanese Korean Mandarian Russian Spanish Swedish Tamil Thai Urdu Search,,,,,,http://www.srilanka.travel/images/theames-new/covidimg.png,299
Tour Guides,,,,,,,,http://www.srilanka.travel/images/theames-new/covidimg.png,299
WAGAPELIYA GEDARA ROHANA KUMARA WIJESINGHE,Area,English,0776056820,"No:24/b, sangabogama, handessa",A-2134,wijesinghe_rohana@yahoo.com,Valid till 31st December 2027,http://srilanka.travel//image/cache/no_profile_image-235x145.jpg,300
THUSHARA SANDALANKA  KODITHUWAKKU,Area,"English Tel 0777076473 Address No. 215/1,,yaya 01, silumini saya, pimpuraththawa, aralaganvila,polonnaruwa Registration No A-2138 Email ranjan.kumara66@gmail.com Validity status of licence: Valid till 31st December 2027",0779948532,"No. 701/b,school lane, polonnaruwa.",A-2137,kingswaypolo@gmail.com,Valid till 31st December 2027,http://srilanka.travel//image/cache/no_profile_image-235x145.jpg,300
EDIPPULI ARACHCHIGE RANJAN PUSHPA KUMARA,Area,English,0777076473,"No. 215/1,,yaya 01, silumini saya, pimpuraththawa, aralaganvila,polonnaruwa",A-2138,ranjan.kumara66@gmail.com,Valid till 31st December 2027,http://srilanka.travel//image/cache/no_profile_image-235x145.jpg,300
EDANDAWE  WIJETHUNGA  MUDIYANSELAGHE  NIHAL  DHAMMIKA,Area,English,0776943530,"No:88, sripiyathisipura, nuwara eliya",A-2139,ewmnihaldhammika@gmail.com,Valid till 31st December 2027,http://srilanka.travel//image/cache/no_profile_image-235x145.jpg,300
EDHIRISINGHE MUDIYANSELAGE CHANAKA KUMARA EDHIRISINGHE,National,English,0775564964,"No:304/1, kadiharaya, bamunakotuwa",N-2252,chanakaedhirisinghe.ck@gmail.com,Valid till 31st December 2027,http://srilanka.travel//image/cache/no_profile_image-235x145.jpg,300
SELLAPPERUMAGE  ASOKA  AMARASEKARA,Site,"English Tel 0777965998 Address No:71, heerassagala road, kandy Registration No A-2141 Email ntkandy@gmail.com Validity status of licence: Valid till 31st December 2027",0776301090,"No:29/2, (39/05/), keerthisri rajasinghe mw, kandy",S-0162,asoka.am20@gmail.com,Valid till 31st December 2027,http://srilanka.travel//image/cache/no_profile_image-235x145.jpg,300
NALLIAH THAYAPARAN,Area,English,0777965998,"No:71, heerassagala road, kandy",A-2141,ntkandy@gmail.com,Valid till 31st December 2027,http://srilanka.travel//image/cache/no_profile_image-235x145.jpg,300
SELLAHANDI CHANLEY STANLEY,Area,English,0776756658,"Temple road,thotagamuwa,hikkaduwa",A-2144,chanleystanley786@gmail.com,Valid till 31st December 2027,http://srilanka.travel//image/cache/no_profile_image-235x145.jpg,300
Search for a Tour Guide,,All Languages Arabic Chinese Dutch English French German Greek Hebrew Hindi Hungarian Italian Japanese Korean Mandarian Russian Spanish Swedish Tamil Thai Urdu Search,,,,,,http://www.srilanka.travel/images/theames-new/covidimg.png,300
Tour Guides,,,,,,,,http://www.srilanka.travel/images/theames-new/covidimg.png,300
MIHINDUKULASURIYA  JUDE  GIBSON PERERA,Chauffeur,English,0777697380,"No:175/1, sangathattana, puttalam rd, chilaw",C-1951,gibsonperera2@gmail.com,Valid till 31st December 2027,image/tourist_guides/U050050000004860476246.jpg,301
ADIKARI ATHUKORALALAGE RATHNASIRI ADIKARI,Area,English,0715607161,"759,circular road,polonnaruwa",A-2146,radikari409@gmail.com,Valid till 31st December 2027,http://srilanka.travel//image/cache/no_profile_image-235x145.jpg,301
KARIYAWASAM AKURETIYA GAMAGE SAMEERA MADUSANKA,National,Russian,0711385997,"No:414/b/1, field view, nalagasdeniya, hikkaduwa",N-2255,sameeramadusanka1983@icloud.com,Valid till 31st December 2027,http://srilanka.travel//image/cache/no_profile_image-235x145.jpg,301
NIMAL PRASHANTHA PANDITHA,Area,English,0776225032,"Mount plasent watta,hapugala, wackwella.,galle.",A-2148,prashanthapanditha@gmail.com,Valid till 31st December 2027,http://srilanka.travel//image/cache/no_profile_image-235x145.jpg,301
R.M.KAMAL SANJEEWA BANDARA WERELLAGAMA,Area,English,0718011117,"No17/4 ,nugawelw ,kandy.,no17/4 nugawela  kandy.,",A-2150,swerella@yahoo.com,Valid till 31st December 2027,http://srilanka.travel//image/cache/no_profile_image-235x145.jpg,301
ASURUMUNI ARACHCHILAGE SAMEERA PRESANNA KUMARA,Chauffeur,English,0769855451,"Akila stores, moroththa, madahapola",C-1952,samfildguideslanka@gmail.com,Valid till 31st December 2026,image/tourist_guides/U050050000005799474838.jpg,301
SIRISENAGE PRASANNA SIRISENA,Area,English,0775249849,"No. 63,,jayasiripura,,anuradhapura",A-2154,psirisena1@gmail.com,Valid till 31st December 2027,http://srilanka.travel//image/cache/no_profile_image-235x145.jpg,301
RATNAYAKA MUDIYANSELAGE GEDERA MANOJ RATNAYAKE,Area,English,0715448248,"No:71/35, ogastawatta, kandy",A-2161,manoj.knucklesadventuretours@gmail.com,Valid till 31st December 2027,http://srilanka.travel//image/cache/no_profile_image-235x145.jpg,301
Search for a Tour Guide,,All Languages Arabic Chinese Dutch English French German Greek Hebrew Hindi Hungarian Italian Japanese Korean Mandarian Russian Spanish Swedish Tamil Thai Urdu Search,,,,,,http://www.srilanka.travel/images/theames-new/covidimg.png,301
Tour Guides,,,,,,,,http://www.srilanka.travel/images/theames-new/covidimg.png,301
ATHTHANAYAKE MUDIYANSELAGE OMIDU DILSHAN BANDARA ATHTHANAYAKE,Area,English,0772475782,"No.33/a, 16miles,ihalasiyabalewa,eppawala",A-2165,omidudilshan2002@gmail.com,Valid till 31st December 2027,http://srilanka.travel//image/cache/no_profile_image-235x145.jpg,302
WETHTHASINGHEGE CHANDIMAL SANDARUWAN JAYAWICKRAMA,Area,English,0772412705,"701, d13,balayawewa,bogohawewa",A-2162,maalnew@gmail.com,Valid till 31st December 2027,http://srilanka.travel//image/cache/no_profile_image-235x145.jpg,302
MAPA MUDIYANSELAGE PASIDU DILSHAN SANKALPA,Area,English,0751303874,"No 4/2,nishshanka mallapura,polonnaruwa",A-2173,pasidud78@gmail.com,Valid till 31st December 2027,http://srilanka.travel//image/cache/no_profile_image-235x145.jpg,302
PUSHPASIRI MALLAWARACHCHI,Area,English,0716178878,"No 67,thissawewa road, pothanegama,anuradhapura",A-2167,isiwarasiri@gmail.com,Valid till 31st December 2027,http://srilanka.travel//image/cache/no_profile_image-235x145.jpg,302
MUDITHA WIJEWEERA,Area,English,0768931511,"394/22-a/1,muditha' avenue,stage 01,new town,anuradhapura.",A-2168,chelseatoursmuditha@gmail.com,Valid till 31st December 2027,http://srilanka.travel//image/cache/no_profile_image-235x145.jpg,302
KARUNA HERATH MUDIYANSELADE CHANAKA BANDARA ABENAYAKA,Area,English,0714767646,"No.48 ,maradankadawala  road, kakirawa",A-2171,cba.chanu@gmail.com,Valid till 31st December 2027,http://srilanka.travel//image/cache/no_profile_image-235x145.jpg,302
WEERAKOON MUDIYANSELAGE GAMAGEDARA NUWAN INDIKA KARUNATHILAKA,Area,English,0724443599,"No 181/3,2 nd cannel,polonnaruwa",A-2172,nuwanindika8383@gmail.com,Valid till 31st December 2027,http://srilanka.travel//image/cache/no_profile_image-235x145.jpg,302
RAJAPAKSHA PATHIRANAGE HASITHA DEENATH RAJAPAKSHA,Area,English,0756879691,"20/03,lake road,new town,polonnaruwa",A-2181,rajapaksha071@gmail.com,Valid till 31st December 2027,http://srilanka.travel//image/cache/no_profile_image-235x145.jpg,302
Search for a Tour Guide,,All Languages Arabic Chinese Dutch English French German Greek Hebrew Hindi Hungarian Italian Japanese Korean Mandarian Russian Spanish Swedish Tamil Thai Urdu Search,,,,,,http://www.srilanka.travel/images/theames-new/covidimg.png,302
Tour Guides,,,,,,,,http://www.srilanka.travel/images/theames-new/covidimg.png,302
ANDRAYAS CHAMIL SAMPATH RANATHUNGA,Area,English,0724563436,"No 2/435, behind community hall, janaudanagama, hingurakgoda,,polonnaruwa",A-2174,chamilranathunga527@gmail.com,Valid till 31st December 2027,http://srilanka.travel//image/cache/no_profile_image-235x145.jpg,303
KARIYAWASAM GAMAGE NILAN SARANGA,Area,English,0779380019,"No 507/5, bandaranayaka mawatha,stage 1,,anuradhapura",A-2178,srisara311@gmail.com,Valid till 31st December 2027,http://srilanka.travel//image/cache/no_profile_image-235x145.jpg,303
NAKAUDALAGE DON LEELARATHNA,Area,English,0773020920,Madurupitigama road.elayapaththuwa.anuradhapura.,A-2179,leelarathnanakandala@gmail.com,Valid till 31st December 2027,http://srilanka.travel//image/cache/no_profile_image-235x145.jpg,303
A.B.SANKA KESHARA NAYANA DHARSHANA BANDARANAYAKA,Area,English,0779648137,"55/1,seethamaligawa road, bendiwewa,polonnaruwa",A-2180,sankalakecabin@gmail.com,Valid till 31st December 2027,http://srilanka.travel//image/cache/no_profile_image-235x145.jpg,303
NAWARATHNA PATABADIGELAGE DHANUSHKA,Area,English,0777242480,"1582/2,badiwawa,jayanthipura,polonnaruwa",A-2183,ddanushka397@gmail.com,Valid till 31st December 2027,http://srilanka.travel//image/cache/no_profile_image-235x145.jpg,303
RATHNAYAKA MUDIYANSELAGE DILKI RUWANGA BANDARA,Area,English,0768242218,"48/1,abangaga, parakrama samudraya,polonnaruwa",A-2184,dilkibandara2023@gmail.com,Valid till 31st December 2027,http://srilanka.travel//image/cache/no_profile_image-235x145.jpg,303
WITHANA ARACHCHILAGE KAPILA PRIYANTHA,Area,English,712561215,"6 mile post,monaragala road,uva palwatta",A-2188,kapasrilanka@gmail.com,Valid till 31st December 2027,http://srilanka.travel//image/cache/no_profile_image-235x145.jpg,303
UPUL SENADEERA RAJAPAKSHA,Area,English,0770606625,"No 11/2, suboda lane, sitinamaluwa, tangalle",A-2190,upulsrnn@yahoo.com,Valid till 31st December 2027,http://srilanka.travel//image/cache/no_profile_image-235x145.jpg,303
Search for a Tour Guide,,All Languages Arabic Chinese Dutch English French German Greek Hebrew Hindi Hungarian Italian Japanese Korean Mandarian Russian Spanish Swedish Tamil Thai Urdu Search,,,,,,http://www.srilanka.travel/images/theames-new/covidimg.png,303
Tour Guides,,,,,,,,http://www.srilanka.travel/images/theames-new/covidimg.png,303
RATHNAYAKA LIYANAGE ANANDA JAYALATH,Area,English,0777710335,"12/6, viharagama,,weheragoda, wellampitiya.",A-2192,dcishan3@gmail.com,Valid till 31st December 2027,http://srilanka.travel//image/cache/no_profile_image-235x145.jpg,304
KUMARA GAMAGE AMARA KITHSIRI,Area,English,0777178010,"541/d,iriyagahawila road, pinnaduwa,walahanduwa, galle",A-2193,kumaragamage999@gmail.com,Valid till 31st December 2027,http://srilanka.travel//image/cache/no_profile_image-235x145.jpg,304
RAJAPAKSHA MUDIYANSELAGE JANAKA PRIYANTHA KUMARA RAJAPAKSHA,Area,English,0713492289,"No:153, hurikaduwa, menikhinna",A-2194,Janakapriyantha262@gmail.com,Valid till 31st December 2027,http://srilanka.travel//image/cache/no_profile_image-235x145.jpg,304
SALINDA NAYANAJITH BARUHUPALA,Chauffeur,English,0712623155,"No:189/a, diyannagoda, bellana, agalawatta",C-1953,salinda4420@gmail.com,Valid till 31st December 2027,image/tourist_guides/U050050000005902473636.jpg,304
MEDDAKANDAGE ASANGA CHAMINDA PERERA,Chauffeur,Japanese,0762545153,"No:20/27e, bandarawaththa, thalangama north, battaramulla",C-1956,asanga.vin12@gmail.com,Valid till 31st December 2027,image/tourist_guides/U050050000005926475949.jpeg,304
DUWA ARACHCHIGE MOHAN SENARATH,National,English,0777858329,"No:92/51, obadawatta, bentota",N-2256,damsenarath@gmail.com,Valid till 31st December 2027,http://srilanka.travel//image/cache/no_profile_image-235x145.jpg,304
MUTHAMEREGNGNA WARUNA PUSHPAKUMARA DE SILVA,Chauffeur,English,0768078105,"""asoka"", kandegoda, ambalangoda",C-1955,travelwithwaruna@gmail.com,Valid till 31st December 2027,image/tourist_guides/U050050000005911474614.jpg,304
D.A. THUSHARA LAKMAL,Chauffeur,English,0770623802,"No:236/1, delgahawatta, walpola, andiambalama",C-1954,thushara1979lakmal@gmail.com,Valid till 31st December 2027,image/tourist_guides/U050050000005900473323.jpeg,304
Search for a Tour Guide,,All Languages Arabic Chinese Dutch English French German Greek Hebrew Hindi Hungarian Italian Japanese Korean Mandarian Russian Spanish Swedish Tamil Thai Urdu Search,,,,,,http://www.srilanka.travel/images/theames-new/covidimg.png,304
Tour Guides,,,,,,,,http://www.srilanka.travel/images/theames-new/covidimg.png,304
WATTE WIDANALAGE ASANKA UDAYANGA,Chauffeur,English,0773179566,"No:658/4/d, sumanapala rd, makola-north, makola",C-1958,dxasanka@gmail.com,Valid till 31st December 2027,image/tourist_guides/U050050000005927476441.jpeg,305
SAMARAWEERA ARACHCHIGE AMILA NIWAHAL CHINTHAKA RODRIGO,Chauffeur,English,0777334323,"No:117, ""sachithra"", mawala, wadduwa",C-1959,amila.ncr@gmail.com,Valid till 31st December 2027,image/tourist_guides/U050050000005904475987.jpg,305
HEWA WALGAMAGE LAKSHITHA ANURADHA,Chauffeur,English,0773768090,"No:7/7/1/1, ransivi lane, bambalapitiya",C-1957,anuradhauome@gmail.com,Valid till 31st December 2027,image/tourist_guides/U050050000005903476211.jpg,305
IMIYAGE CHAMARA KELUM PREMATHILAKA,Chauffeur,Japanese,0775956559,"No:210/1, urapana, hunumulla",C-1960,icktours232@gmail.com,Valid till 31st December 2027,image/tourist_guides/U050050000005908476080.jpg,305
SIYAMBALAPITIYAGE DON CHANDANA PRIYASANTHA ABEYSINGHE,Chauffeur,English,0777157003,"No:72/6/26, ranmuthugala, kadawatha",C-1961,chandanasdcpa80@gmail.com,Valid till 31st December 2027,image/tourist_guides/U050050000005905473307.jpg,305
LIYANDENIYA ARCHCHILAGE ROSHANTHA LAKSHAN,Chauffeur,English,0718062687,"No:112/e, lunugama, hodiyadeniya",C-1963,lakshanroshantha@gmail.com,Valid till 31st December 2027,image/tourist_guides/U050050000005912475689.jpg,305
GORAKANAGE DANUSHA SAMANTHA SILVA,Chauffeur,French,0779272134,"No:15, mangala mawatha, kalutara north",C-1967,danushasamantha@gmail.com,Valid till 31st December 2027,image/tourist_guides/U050050000005929476073.jpeg,305
IMIYADE DON RAVIDU SASANKA LAKSHAN,Chauffeur,English,0772791573,"No:213/85/1, mahagodellawatta, katuwellegama, negombo",C-1965,ravindusasanka94@gmail.com,Valid till 31st December 2027,image/tourist_guides/U050050000005907474471.jpg,305
Search for a Tour Guide,,All Languages Arabic Chinese Dutch English French German Greek Hebrew Hindi Hungarian Italian Japanese Korean Mandarian Russian Spanish Swedish Tamil Thai Urdu Search,,,,,,http://www.srilanka.travel/images/theames-new/covidimg.png,305
Tour Guides,,,,,,,,http://www.srilanka.travel/images/theames-new/covidimg.png,305
CHAMPIKA SAMEERA BANDARA PALAMAKUBURA,Chauffeur,English,0783214278,"No:121, poojapitiya rd, ankumbura",C-1966,sameerabp@gmail.com,Valid till 31st December 2027,image/tourist_guides/U050050000005906474608.jpg,306
MAYANTHUGE MANJULA JAYASIRI,Chauffeur,English,0776875017,"No:668, new city, kalavila, beruwala",C-1964,manjulajayasiri3@gmail.com,Valid till 31st December 2027,image/tourist_guides/U050050000005924474365.jpg,306
KURUKUDE GEDARA SANDAKELUM KULATHUNGA,Chauffeur,English,0777184010,"No.129 , kudaoya, pilimathalawa.",C-1968,sandakalumk56@gmail.com,Valid till 31st December 2027,image/tourist_guides/U050050000005914474816.jpeg,306
PRUTHVI AYUSH DE SILVA WEERAKKODY,Chauffeur,English,0767718941,"No:233, behind the army camp, udawalawe",C-1970,pruthviayush@gmail.com,Valid till 31st December 2027,image/tourist_guides/U050050000005920475729.jpg,306
ARACHCHI APPUHAMILAGE ANIL RANASINGHE,Chauffeur,English,0716302616,"No:54, colombo road, negombo",C-1971,aaanilr@gmail.com,Valid till 31st December 2027,image/tourist_guides/U050050000005932476053.jpg,306
GARDIYAWASAN ALBRADULAGE ARUNA NISHAN FERNANDO,National,English,0764004700,"No:243/1, morukkuliya, dankotuwa",N-2257,arunafernandonational@yahoo.com,Valid till 31st December 2027,http://srilanka.travel//image/cache/no_profile_image-235x145.jpg,306
KANKANAM ARACHCHIGE DANUKA JAYAMAL,Chauffeur,English,0717052521,"No:148/3d, rajasinghe mw, koratota, kaduwela",C-1972,djarachchi@yahoo.com,Valid till 31st December 2027,image/tourist_guides/U050050000005933475781.jpg,306
GANGABADAWATTA ARACHCHIGE SAROJITH SAMANTHA,National,English,0771536018,"No:336/3, temple road, dalugama, kelaniya",N-2258,sarosam1938@gmail.com,Valid till 31st December 2027,http://srilanka.travel//image/cache/no_profile_image-235x145.jpg,306
Search for a Tour Guide,,All Languages Arabic Chinese Dutch English French German Greek Hebrew Hindi Hungarian Italian Japanese Korean Mandarian Russian Spanish Swedish Tamil Thai Urdu Search,,,,,,http://www.srilanka.travel/images/theames-new/covidimg.png,306
Tour Guides,,,,,,,,http://www.srilanka.travel/images/theames-new/covidimg.png,306
LIYANA PATHIRENNEHALAGE VIRAJ LIYANAPATHIRANA,Chauffeur,English,0776501601,"Dodampoththa, narangoda",C-1973,virajliyanapathirana28@gmail.com,Valid till 31st December 2027,image/tourist_guides/U050050000005913473507.jpg,307
BASNAYAKA MUDIYANSELAGE AMEERA INDIKA BASNAYAKA,National,English,0719374066,"Lanka bell tower rd, kumbukulawa, polpithigama",N-2259,ameera.indika@gmail.com,Valid till 31st December 2027,http://srilanka.travel//image/cache/no_profile_image-235x145.jpg,307
LIYANA ARACHCHIGE DON PAVINDU MADHUSARA LIYANAARACHCHI,National,English,0714846856,"No:116/g, hakwadunna, nittambuwa",N-2260,pavidu2017@gmail.com,Valid till 31st December 2027,http://srilanka.travel//image/cache/no_profile_image-235x145.jpg,307
MADUGODAGE NALIN DHAMMIKA MADUGODA,National,English,112180487,"No:116/g, hakwadunna, nittambuwa",N-2261,ndammika4@gmail.com,Valid till 31st December 2027,http://srilanka.travel//image/cache/no_profile_image-235x145.jpg,307
PERUKANDAGE MAHESH KALYANAPRIYA,National,Arabic,0777716818,"No:195/11, richmond hill place, heerassagala, kandy",N-2262,lankamaktours@gmail.com,Valid till 31st December 2027,http://srilanka.travel//image/cache/no_profile_image-235x145.jpg,307
KUMARAPPERUMA ARACHCHIGE NALAKA SANDUN ANURADHA .KUMARAPPERUMA,National,English,0762033618,"No:329, clovis watta, piduruwella, uhumeeya",N-2263,sandunkumarapperuma@gmail.com,Valid till 31st December 2027,http://srilanka.travel//image/cache/no_profile_image-235x145.jpg,307
LALITH LASANTHA THALAWINNA,National,English,0777900145,"No:226, wackwella road, galle",N-2264,lasathale1969@gmail.com,Valid till 31st December 2027,http://srilanka.travel//image/cache/no_profile_image-235x145.jpg,307
MALLAWA ARACHCHILAGE RAJITHA ISANKA MALLWAARACHCHI,Chauffeur,English,0777848849,"No:78/a/1, horagasmulla, divulapitiya",C-1975,rajithamaallawaarachchilage@gmail.com,Valid till 31st December 2027,image/tourist_guides/U050050000005954475934.jpg,307
Search for a Tour Guide,,All Languages Arabic Chinese Dutch English French German Greek Hebrew Hindi Hungarian Italian Japanese Korean Mandarian Russian Spanish Swedish Tamil Thai Urdu Search,,,,,,http://www.srilanka.travel/images/theames-new/covidimg.png,307
Tour Guides,,,,,,,,http://www.srilanka.travel/images/theames-new/covidimg.png,307
WIJEKOON MUDIYANSELAGE DAMINDA VIJAYA KUMARA BANDARA,Chauffeur,English,0776266640,"No:429 a, randaya watta, ettigoda, galle",C-1976,bandaradaminda75@gmail.com,Valid till 31st December 2027,image/tourist_guides/U050050000005956476561.jpg,308
CHAMINDA KUMARA THABREW,National,English,0773303406,"No:213, naranwala, galagedara",N-2265,ckthabrew@icloud.com,Valid till 31st December 2027,http://srilanka.travel//image/cache/no_profile_image-235x145.jpg,308
WEWALA WAHIGALA GEDARA SUSANTHA ASHOKE,National,English,0786362112,"No:241, morankanda farm, bokkawala, kandy",N-2269,wwgsashoke@gmail.com,Valid till 31st December 2027,http://srilanka.travel//image/cache/no_profile_image-235x145.jpg,308
DAMUNUGAHA KUMBURA GEDARA PREMACHNDRA WEERAWARDHANA,National,English,0778526837,"No:47/1, gonawala, digana, rajawella, kandy",N-2270,glsaman89@gmail.com,Valid till 31st December 2027,http://srilanka.travel//image/cache/no_profile_image-235x145.jpg,308
ARUMA UPASAKAGE MANJULA PRADEEP KUMARA LANKATHILAKA,National,English,0767975090,"No:150, lakshmi estate, madawa, pilassa",N-2271,javetours@gmail.com,Valid till 31st December 2026,http://srilanka.travel//image/cache/no_profile_image-235x145.jpg,308
KANAKKA HEWAGE ODITHA ANJANA KAMALAPRIYA THENNAKOON,Chauffeur,English,0718313399,"No:207/2, janashakthi mw, thunduwa, haburugala, bentota",C-1977,thennakoonoditha@gmail.com,Valid till 31st December 2027,http://srilanka.travel//image/cache/no_profile_image-235x145.jpg,308
NENATHUNGA LIYANAGE CHATHURA MADHUSHAN LIYANAGE,National,English,0716956277,"No:224/18, dambulla road, kurunegala",N-2272,ceylonnomadlk@gmail.com,Valid till 31st December 2027,http://srilanka.travel//image/cache/no_profile_image-235x145.jpg,308
BENTARA HENAGE THARAKA SANDARUWAN,National,English,0716399594,"No:303/c, sri dharmawijayarama rd, angagoda, bentota",N-2274,tharakasandaruwan58ntgl@gmail.com,Valid till 31st December 2027,http://srilanka.travel//image/cache/no_profile_image-235x145.jpg,308
Search for a Tour Guide,,All Languages Arabic Chinese Dutch English French German Greek Hebrew Hindi Hungarian Italian Japanese Korean Mandarian Russian Spanish Swedish Tamil Thai Urdu Search,,,,,,http://www.srilanka.travel/images/theames-new/covidimg.png,308
Tour Guides,,,,,,,,http://www.srilanka.travel/images/theames-new/covidimg.png,308
KIRINDA KANKANAMGE SUMITH PRIYADARSHANA,National,English,0773531499,"'suvindya'', kajulandawatta, kiulgalla, metiyagane",N-2273,widarshanasidangana1522@gmail.com,Valid till 31st December 2027,http://srilanka.travel//image/cache/no_profile_image-235x145.jpg,309
MAHAWATHTHAGE DON NAYANANANDA,Area,English,0777476676,"26/56f. bangalawatta.massala.beruwala,,",A-2200,Nayanananda48@gmail.com,Valid till 31st December 2027,http://srilanka.travel//image/cache/no_profile_image-235x145.jpg,309
KALUDURA SANGEETH THABREW,Area,English,0760397745,"No.17/b, center lane thalpitiya north wadduwa",A-2201,sangeethrb1982@gmail.com,Valid till 31st December 2027,http://srilanka.travel//image/cache/no_profile_image-235x145.jpg,309
HETTIARACHCHIGE AJITH PREMALAL,Area,English,0777470457,"170.b, pussalamulla.kalawila,beruwala",A-2199,ajithextra@gmail.com,Valid till 31st December 2027,http://srilanka.travel//image/cache/no_profile_image-235x145.jpg,309
CHANDRASEKARA MUDALIGE ROHAN CHANDRASEKARA,National,English,0705857117,"1st miles post, narammala road, alawwa",N-2276,chan.rohan22@gmail.com,Valid till 31st December 2027,http://srilanka.travel//image/cache/no_profile_image-235x145.jpg,309
BODIYABADUGE SANJEEWA PERERA,National,Russian,0773278873,"No:02, temple road, kalutara north, kalutara",N-2277,bsanjeewamaga@gmail.com,Valid till 31st December 2027,http://srilanka.travel//image/cache/no_profile_image-235x145.jpg,309
ANTHONIGE DILAN RANGA LAKMAL,National,English,0716450045,"Thiranagama, hikkaduwa",N-2275,ranga.lk1994@gmail.com,Valid till 31st December 2027,http://srilanka.travel//image/cache/no_profile_image-235x145.jpg,309
PALASETTI MUDIYANSELAGE NILUK DARSHANA KAWDAWATTHA,National,Hindi,0777173244,"No:425/6, pelanwattha, pannipitiya",N-2278,nilu.spc.1979@gmail.com,Valid till 31st December 2027,http://srilanka.travel//image/cache/no_profile_image-235x145.jpg,309
Search for a Tour Guide,,All Languages Arabic Chinese Dutch English French German Greek Hebrew Hindi Hungarian Italian Japanese Korean Mandarian Russian Spanish Swedish Tamil Thai Urdu Search,,,,,,http://www.srilanka.travel/images/theames-new/covidimg.png,309
Tour Guides,,,,,,,,http://www.srilanka.travel/images/theames-new/covidimg.png,309
KANDE GEDARA DON SUMITH CHANDRAWANSA SAMARANAYAKE,Area,English,0779961170,"352/16c,thalpitiya south, wadduwa,kaluthara",A-2202,samaranayakasumith39@gmail.com,Valid till 31st December 2027,http://srilanka.travel//image/cache/no_profile_image-235x145.jpg,310
SIRIWARDHANA MUDIYANSELAGE SHANTHA KUMARA,National,Japanese,0779537044,"Kudagammana, giriulla",N-2280,chandanipradipika85@gmail.com,Valid till 31st December 2027,http://srilanka.travel//image/cache/no_profile_image-235x145.jpg,310
GAJAWEERA MARTHIGNGNA MORESLAGE SAMEERA MADUSANKA MORAS,National,French,0764239393,"No:197/a, dibbedda, panadura",N-2279,morassameera3@gmail.com,Valid till 31st December 2027,http://srilanka.travel//image/cache/no_profile_image-235x145.jpg,310
DODANGODA ARACHCHIGE THUSITH NISHANTHA,Area,English,0778558488,"53,ananda maithree mawatha, bellapitiya,horana",A-2205,thusithdodangoda@gmail.com,Valid till 31st December 2027,http://srilanka.travel//image/cache/no_profile_image-235x145.jpg,310
NARASINGHE ARACHCHIGE HASITHA DEVINDA PERERA,National,English,0777994666,"Kukulkatuwa rd, komaligama, thanamalwila",N-2281,hasitha.perera@gmail.com,Valid till 31st December 2027,http://srilanka.travel//image/cache/no_profile_image-235x145.jpg,310
ESALA SISI KELUM WEWEWATTA,Chauffeur,English,0762000852,"No:133/a, muthuwadiya, raddolugama",C-1978,travelwithkelum.srilanka@gmail.com,Valid till 31st December 2027,image/tourist_guides/U050050000005910475980.jpg,310
PALLEMULLA RALALAGE NISHANTHA KUMUDU KUMARA PALLEMULLA,National,English,0703943748,"No:712/2, romiyal mw, panagoda, homagama",N-2282,nkkpal@yahoo.co.uk,Valid till 31st December 2027,http://srilanka.travel//image/cache/no_profile_image-235x145.jpg,310
RUMESH MADUSHAN HOPMAN,National,English,0777889363,"No:117/30, meethotamulla road, wellampitiya",N-2283,rumeshhopman@gmail.com,Valid till 31st December 2026,http://srilanka.travel//image/cache/no_profile_image-235x145.jpg,310
Search for a Tour Guide,,All Languages Arabic Chinese Dutch English French German Greek Hebrew Hindi Hungarian Italian Japanese Korean Mandarian Russian Spanish Swedish Tamil Thai Urdu Search,,,,,,http://www.srilanka.travel/images/theames-new/covidimg.png,310
Tour Guides,,,,,,,,http://www.srilanka.travel/images/theames-new/covidimg.png,310
BALASOORIYA LEKAMGE PANDUKA BALASOORIYA,National,English,0772650550,"No:60/4, 3rd lane, negombo road, kurunagala",N-2284,panduka756@gmail.com,Valid till 31st December 2027,http://srilanka.travel//image/cache/no_profile_image-235x145.jpg,311
SANDA DEWAGE  DARSHANA DESHAPRIYA,National,Tamil,0774681877,"Katupilalanda, pansiyagama",N-2285,sdddeshapriya0727@gmail.com,Valid till 31st December 2027,http://srilanka.travel//image/cache/no_profile_image-235x145.jpg,311
MARKANDU SATHASIWAM,National,Russian,0777343967,"No:127/4, mayfield lane, kotahena, colombo 13",N-2286,Sathamark3@gmail.com,Valid till 31st December 2027,http://srilanka.travel//image/cache/no_profile_image-235x145.jpg,311
JAYAWARDANA KORALAGE RAJIV SHANAKA JAYAWARDANA,National,English,0767540549,"No:125/2, pokuna mawatha, pannipitiya",N-2287,shanakajay@gmail.com,Valid till 31st December 2027,http://srilanka.travel//image/cache/no_profile_image-235x145.jpg,311
ILANKOON MUDIYANSELAGE RASIKA PADMASIRI ILANKOON,National,Spanish,0710950605,"No:639/1, bogahayaya, giriulla",N-2288,embaseccto@gmail.com,Valid till 31st December 2027,http://srilanka.travel//image/cache/no_profile_image-235x145.jpg,311
BRIAN MAKALANDA,Area,English,0777410081,"7/c/57 jayawadanagamma,,battaramulla",A-2207,makalanda@gmail.com,Valid till 31st December 2027,http://srilanka.travel//image/cache/no_profile_image-235x145.jpg,311
KOTTAGE SAGARA PETHUM MADUSANKA,Chauffeur,French,0777226209,"No:115/5, ihala karagahamuna, kadawatha",C-1980,94sagarapathum@gmail.com,Valid till 31st December 2027,image/tourist_guides/U050050000005922476526.jpeg,311
THARANGA DIMUTH KAHANDA KALUARACHCHI,National,English,0777604205,"No:453/3, rajawatte rd, dutugemunu mw, thalangama north",N-2290,tharangadimuthkaluarachchi@gmail.com,Valid till 31st December 2027,http://srilanka.travel//image/cache/no_profile_image-235x145.jpg,311
Search for a Tour Guide,,All Languages Arabic Chinese Dutch English French German Greek Hebrew Hindi Hungarian Italian Japanese Korean Mandarian Russian Spanish Swedish Tamil Thai Urdu Search,,,,,,http://www.srilanka.travel/images/theames-new/covidimg.png,311
Tour Guides,,,,,,,,http://www.srilanka.travel/images/theames-new/covidimg.png,311
HENAKA ARACHCHILAGE AMIITH  SURANGA,National,English,0774433501,"No:193/9a, nadeebadawatta, paratta, panadura",N-2291,amith.suranga@yahoo.com,Valid till 31st December 2027,http://srilanka.travel//image/cache/no_profile_image-235x145.jpg,312
MAWATHAGE SITHUMI HANSARI PERERA SENAVIRATHNA,National,English,0764213928,"No:314/1, dewala rd, kaluwamodara, aluthgama",N-2293,sithuhansari@gmail.com,Valid till 31st December 2027,http://srilanka.travel//image/cache/no_profile_image-235x145.jpg,312
EDIRISINGHE ARCHCHIGE DON NAYANAJITH JANAKA GNANAPRIYA EDIRISINGHE,National,German,0771510886,"No:14/a/9, asgiriya garden's, kiridiwita rd, udugampola",N-2295,nilujayawikrama@gmail.com,Valid till 31st December 2027,http://srilanka.travel//image/cache/no_profile_image-235x145.jpg,312
HEWA MINUWANDENIYAGE TERRIN HASANKA MINUWANDENIYA,National,English,0777917971,"No:50a/54, 7th lane, hansagiri road, gampaha",N-2294,terrinmm@gmail.com,Valid till 31st December 2027,http://srilanka.travel//image/cache/no_profile_image-235x145.jpg,312
SEBASTHIYAN APPUHAMILAGE SAMIDU SAHAN KARUNARATHNE,National,"English, French",0779222195,"No:705, modder estate, kurunegala",N-2297,samidusahan@gmail.com,Valid till 31st December 2027,http://srilanka.travel//image/cache/no_profile_image-235x145.jpg,312
PIHILLE GEDARA CHAMOD RASANJANA PREMARATHNA,National,French,773975725,"202/b,mangalagama,muruthalawa",N-2296,chamodpremarathna1101@gmail.com,Valid till 31st December 2027,http://srilanka.travel//image/cache/no_profile_image-235x145.jpg,312
ASITHA BANDARA JAYASUNDERA,Chauffeur,English,0742854426,"No:70, eluwapitiya, veyangoda",C-1981,asithajayasundera@gmail.com,Valid till 31st December 2027,image/tourist_guides/U050050000006001475779.jpg,312
AGAMPODI ISURU UDARA SAMPATH DE ZOYSA,Chauffeur,French,0772799526,"No:80, robet de zoysa road, walagedara, balapitiya",C-1983,Isuruudaradezoysa@gmail.com,Valid till 31st December 2027,image/tourist_guides/U050050000006006475585.jpeg,312
Search for a Tour Guide,,All Languages Arabic Chinese Dutch English French German Greek Hebrew Hindi Hungarian Italian Japanese Korean Mandarian Russian Spanish Swedish Tamil Thai Urdu Search,,,,,,http://www.srilanka.travel/images/theames-new/covidimg.png,312
Tour Guides,,,,,,,,http://www.srilanka.travel/images/theames-new/covidimg.png,312
ABDUL RAHUMAN ABDUL ZIYARD,Chauffeur,"English, Japanese, Tamil",0766564955,"No:10/c, masjid mawatha, kal eliya",C-1984,joeziyard@yahoo.com,Valid till 31st December 2027,image/tourist_guides/U050050000006009476460.jpg,313
KALINGA DIMUTHU SANJAYA,Area,English,0770648909,"No. 252, galle road,galkanda,kosgoda",A-2208,sandosasha@gmail.com,Valid till 31st December 2027,http://srilanka.travel//image/cache/no_profile_image-235x145.jpg,313
GANGEDARA CHRITIYANGE ATHULA PIYAKELUM WIMALANANDA,Chauffeur,"Spanish Tel 0711457693 Address No:34, nikathenna, panwila Registration No N-2300 Email nishanaigpt@gmail.com Validity status of licence: Valid till 31st December 2027",770358414,"No:290/1a, somalanakara mw, magammana, homagama",C-1985,athulap66@gmail.com,Valid till 31st December 2027,image/tourist_guides/U050050000006011476558.jpg,313
HENPITAGE ANURUDDHA NISHAN ABEYNAYAKE,National,Spanish,0711457693,"No:34, nikathenna, panwila",N-2300,nishanaigpt@gmail.com,Valid till 31st December 2027,image/tourist_guides/U050050000006021468753.jpg,313
PALLATHTHARA VIDANA GAMAGE GAMINI RATHNASENA,Chauffeur,English,0710381694,"No:53, kovinna, andiambalama, katunayaka",C-1986,samilagayashan@gmail.com,Valid till 31st December 2027,image/tourist_guides/U050050000006019476171.jpg,313
GOMARAGE DON SURESH KUMARA JAYAWARDENA,Chauffeur,English,077359136,"No:96/b/3, weera uditha mw, hedigama, piliyandala",C-1987,gdskjayawardena@gmail.com,Valid till 31st December 2027,image/tourist_guides/U050050000006059474103.jpg,313
PATHIRANA THENNAKOONLAGE  NEEL PRASANTHA,Chauffeur,English,0786849260,"Pinsirigama, habarana",C-1988,kalmopieris@gmail.com,Valid till 31st December 2027,image/tourist_guides/U050050000006064476009.jpg,313
RATHNAYAKA APPUHAMILAGE THARINDU DASUN  RATHNAYAKA,Chauffeur,English,0771556645,"No:04, dalukana, manampitiya",C-1989,call.tharindu@gmail.com,Valid till 31st December 2027,image/tourist_guides/U050050000006058475727.jpg,313
Search for a Tour Guide,,All Languages Arabic Chinese Dutch English French German Greek Hebrew Hindi Hungarian Italian Japanese Korean Mandarian Russian Spanish Swedish Tamil Thai Urdu Search,,,,,,http://www.srilanka.travel/images/theames-new/covidimg.png,313
Tour Guides,,,,,,,,http://www.srilanka.travel/images/theames-new/covidimg.png,313
RATHNAYAKA MUDIYANSELAGE DANANJAYA RAVI RATHNAYAKA,Chauffeur,English,0743851735,"No:25, hospital lane, kudanelubewa, hidogama",C-1991,ravitourguide85@gmail.com,Valid till 31st December 2026,image/tourist_guides/U050050000006073475610.jpeg,314
PALLE GAMAYALAGE SISIRA KUMARASINGHE,Chauffeur,English,0773405266,"No:266/14/c, highway city, panliyadda, melsiripura",C-1990,sisira2649@gmail.com,Valid till 31st December 2026,image/tourist_guides/U050050000006054474160.jpg,314
"NO:708/1, SECOND CROSS LANE, CIRCULAR RD, POLONNARUWA",Chauffeur,English,0743742588,"No:708/1, second cross lane, circular rd, polonnaruwa",C-1992,nuwanzen88@gmail.com,Valid till 31st December 2027,image/tourist_guides/U050050000006077473495.jpg,314
HANGILIGEDARA CHAMINDA SAMPATH ARIYARATNE,Chauffeur,Spanish,0754409602,"No:38, millenium city, pollaththapitiya, kurunegala",C-1993,sampathahgar@gmail.com,Valid till 31st December 2027,image/tourist_guides/U050050000006069476530.jpg,314
COLAMBA ARCHCHIGE  PAVITHRA PERERA,National,English,0777178625,"No:7/1, senivirathna road, pattiyagama, madampe",N-2301,pavithraperera0@gmail.com,Valid till 31st December 2027,http://srilanka.travel//image/cache/no_profile_image-235x145.jpg,314
PALLEGAMELAGE SAKUN SANDARUWAN KUMARA GAMAGE,Chauffeur,English,0769454782,"Wewgonnawaththa, ussawa, melsiripura",C-1994,sandaruwansakun0@gmail.com,Valid till 31st December 2027,image/tourist_guides/U050050000006063474392.jpg,314
A.M.SHENAL VISHWAJITH BANDARA ALAHAKOON,Chauffeur,English,0774770122,"No:248, kondadeniya, katugastota",C-1995,shenalalahakoon@gmail.com,Valid till 31st December 2027,image/tourist_guides/U050050000006055475543.jpg,314
ARACHCHI BANDARAGE CHANDIMA MADHURANGA WEERASINGHE,Chauffeur,English,0766995060,"Hathalispahuwa, polgahawela",C-1996,abcmw93@gmail.com,Valid till 31st December 2027,image/tourist_guides/U050050000006032474822.jpg,314
Search for a Tour Guide,,All Languages Arabic Chinese Dutch English French German Greek Hebrew Hindi Hungarian Italian Japanese Korean Mandarian Russian Spanish Swedish Tamil Thai Urdu Search,,,,,,http://www.srilanka.travel/images/theames-new/covidimg.png,314
Tour Guides,,,,,,,,http://www.srilanka.travel/images/theames-new/covidimg.png,314
MAHINDA BANDARA DISSANAYAKE,Chauffeur,English,0778777442,"No:43/2, gohagoda road, katugastota",C-1997,mahinda2145@gmail.com,Valid till 31st December 2027,image/tourist_guides/U050050000006060475194.jpg,315
WELIGAMA ARACHCHIGE NISHANTHA  PERERA,Chauffeur,English,0710373767,"No:159/2, thammita, makewita",C-1998,wanishanthaperera@gmail.com,Valid till 31st December 2027,image/tourist_guides/U050050000006056476083.jpg,315
D.N.D.S.S. SAMARASINGHE,Area,English,0777821921,"No:69, coloniel house watta, makkanigama",A-2209,samarasinghed34@gmail.com,Valid till 31st December 2027,http://srilanka.travel//image/cache/no_profile_image-235x145.jpg,315
GAMAGE NALINDA ROSHAN RODRIGO,Chauffeur,Spanish,0777738812,"No:530/1, sanasa rd, galapitiyagama, nikaweratiya",C-2000,nalindaroshan303@gmail.com,Valid till 31st December 2027,image/tourist_guides/U050050000006057474539.jpeg,315
JANAKA DASSANAYAKE,Area,English,0773070246,"No 23,sri dharmapala mw,asgiriya, kandy",A-2211,janakedas@gmail.com,Valid till 31st December 2027,http://srilanka.travel//image/cache/no_profile_image-235x145.jpg,315
NAIMANA LIYANAGE THUSHARA CHAMINDA KUMARA,Chauffeur,English,0702176484,"No:721, galle road, idama, moratuwa",C-2004,thushara.liyanage@hotmail.com,Valid till 31st December 2027,image/tourist_guides/U050050000006092476166.jpg,315
RANWANGONNAGE ANGELO PREM THILAK LIVERA,National,English,0774346737,"Prem sevana, wewala, ja-ela",N-2302,premlivera7@gmail.com,Valid till 31st December 2027,http://srilanka.travel//image/cache/no_profile_image-235x145.jpg,315
JAYAKODI ARACHCHIGE SUGATH ERANDA GUNATHILAKE,Chauffeur,English,0775295646,"No:67/a, thiththawelgolla, dambulla",C-2002,easyridesrilanka@gmail.com,Valid till 31st December 2026,image/tourist_guides/U050050000006088475545.jpg,315
Search for a Tour Guide,,All Languages Arabic Chinese Dutch English French German Greek Hebrew Hindi Hungarian Italian Japanese Korean Mandarian Russian Spanish Swedish Tamil Thai Urdu Search,,,,,,http://www.srilanka.travel/images/theames-new/covidimg.png,315
Tour Guides,,,,,,,,http://www.srilanka.travel/images/theames-new/covidimg.png,315
PETHUM THARAKA RATHNAPPULI,Chauffeur,English,0777135883,"No:478, ellagala, tissamaharama",C-2003,pethumrp@gmail.com,Valid till 31st December 2027,image/tourist_guides/U050050000006081475907.jpeg,316
KATUKOLIHA GAMAGE PRIYANTHA,Chauffeur,English,0774399531,"No:70/12, 4th lane, rajagiriya",C-2005,Priyanthagamage751@gmail.com,Valid till 31st December 2027,image/tourist_guides/U050050000006091476090.jpg,316
PULINGUWA DEWAYALAGE ISURU ERANGA JAYAWEERA,Chauffeur,Spanish,0741966644,"Ambagahalanda, madahapola",C-2006,isuru.eranga199106@gmail.com,Valid till 31st December 2027,image/tourist_guides/U050050000006095476115.jpg,316
ALAHAKOON MUDIYANSELAGE KARUNAPALA,Area,English,0716143509,"Wilwala, karadagolla.",A-2212,spalankaleisuretravel@gmail.com,Valid till 31st December 2027,http://srilanka.travel//image/cache/no_profile_image-235x145.jpg,316
JEBAMALAI JESUDAS,Area,English,0775828583,"No:114, the nest, nivasipura,kotugoda",A-2215,jesuthama19@gmail.com,Valid till 31st December 2027,http://srilanka.travel//image/cache/no_profile_image-235x145.jpg,316
IDURUWE DILUM CHAMARA DHARMADASA,Area,English,0770696776,"555/21/1, elhenawaththa, rammuthugala, kadawatha",A-2219,chamarairri@gmail.com,Valid till 31st December 2027,http://srilanka.travel//image/cache/no_profile_image-235x145.jpg,316
RAMASINGHE ARACHCHIGE HEMANTHA SUJEEWA WICKRAMASINGHE,Area,English,0775433782,"No:170/69, kajuwatiya road, kaduboda, delgoda",A-2220,wikramsinghe@gmail.com,Valid till 31st December 2027,http://srilanka.travel//image/cache/no_profile_image-235x145.jpg,316
SUMEDHA SAMANTHA BUDDHIKA PUSSEGODA,Chauffeur,English,0771774774,"No:3/2/a, enderamulla circular rd, ambalangoda",C-2017,sumedasunrisetravels@gmail.com,Valid till 31st December 2027,image/tourist_guides/U050050000006132473341.jpg,316
Search for a Tour Guide,,All Languages Arabic Chinese Dutch English French German Greek Hebrew Hindi Hungarian Italian Japanese Korean Mandarian Russian Spanish Swedish Tamil Thai Urdu Search,,,,,,http://www.srilanka.travel/images/theames-new/covidimg.png,316
Tour Guides,,,,,,,,http://www.srilanka.travel/images/theames-new/covidimg.png,316
HEWAWASAM GAMAGE SUJITH PUSHPAKUMARA JAYATHUNGA,Chauffeur,English,0776386628,"No:185/1/d, arukwaththa, padukka",C-2018,sujithjayathunga89@gmail.com,Valid till 31st December 2027,image/tourist_guides/U050050000006137474138.jpg,317
DANASEKARA MUDIYANSELAGE GAYAN RAJIKA GUNARATHNE,National,English,0777873894,"No:503/3, ruwan lane, udumulla road, battaramulla",N-2304,dmgrg1983@gmail.com,Valid till 31st December 2027,http://srilanka.travel//image/cache/no_profile_image-235x145.jpg,317
PANIYANDUWAGE THUSITHA DAMMIKA SUMANASURIYA,Chauffeur,Chinese,0760246777,"No:93, nuwara eliya road,welimada",C-2013,trishjhonson@gmail.com,Valid till 31st December 2027,image/tourist_guides/U050050000006140474141.jpg,317
YALAGALAGE CHANDIKA AROSHANA BANDARA YALAGALA,Chauffeur,English,0716403558,"No:16, koongahakotuwa, thalatuoya",C-2011,CHANDIKAYALAGALA@YAHOO.COM,Valid till 31st December 2027,image/tourist_guides/U050050000006135473407.jpg,317
HITIHAMILLAGE YUSHANTHA UDAYA KUMARA GUNASEELA,Chauffeur,English,0766902032,"Wathuyaya waththa,uhumeeya",C-2012,kumaraair499@gmail.com,Valid till 31st December 2027,image/tourist_guides/U050050000006126475735.jpg,317
S. A. LAKSHITHA NUWAN MADHU,Chauffeur,English,0763409663,"No:108, korasa road, hunumulla",C-2014,lakshithanuwan97@icloud.com,Valid till 31st December 2027,image/tourist_guides/U050050000006130475552.jpg,317
WARNAKULASOORIYA PATABENDIGE NISHANTHA SANDEEPA DE SILVA,Chauffeur,English,0702801801,"No:157/2/d, rajasingha rd, ihala imbulgoda, imbulgoda",C-2016,emoneysandeepa@gmail.com,Valid till 31st December 2026,image/tourist_guides/U050050000006133476193.jpg,317
WATHULANDE GEDARA RATHNAYAKE MUDIYANSELAGE LALITH BANDARA,Chauffeur,English,0777701288,"No:1/49, block 100, meepilimana, nuwara eliya",C-2015,lapwingtours.lala@gmail.com,Valid till 31st December 2027,image/tourist_guides/U050050000006101474526.jpg,317
Search for a Tour Guide,,All Languages Arabic Chinese Dutch English French German Greek Hebrew Hindi Hungarian Italian Japanese Korean Mandarian Russian Spanish Swedish Tamil Thai Urdu Search,,,,,,http://www.srilanka.travel/images/theames-new/covidimg.png,317
Tour Guides,,,,,,,,http://www.srilanka.travel/images/theames-new/covidimg.png,317
SAMDAMGIRI ARACHCHIGE PRASAD SANJEEWA,Chauffeur,English,0774137245,"No:68, millathe, kirindiwela",C-2019,saps948@gmail.com,Valid till 31st December 2027,image/tourist_guides/U050050000006136474593.jpeg,318
BOVITHANTHRIGE NADEESHAN SRI THATHSARA HARJSCHANDRA,Chauffeur,English,0781625636,"No:21/a/9, saman mawatha, udahamulla, panadura",C-2020,nadeeshansri99@gmail.com,Valid till 31st December 2027,image/tourist_guides/U050050000006146474825.jpeg,318
HORAWALA WITHANAGE HARENDRA KUMARA DESHAPRIYA PERERA,Chauffeur,"English, German",0776147694,"No:72, nagahawatte road, maharagama",C-2021,hktechnologies2017@gmail.com,Valid till 31st December 2027,image/tourist_guides/U050050000006144474826.jpeg,318
SOBANA HANDI THAKSHILA DANANJAYA DE SILVA,Chauffeur,English,0771873421,"No:94/c, gedarawatta, maha induruwa, induruwa",C-2022,tonytours111@gmail.com,Valid till 31st December 2027,http://srilanka.travel//image/cache/no_profile_image-235x145.jpg,318
THOTAGE SANJEEWA SHASHI THOTAGAMUWA,Chauffeur,English,0762689933,"No:12/d, madaduwa, kuleegoda, ambalangoda",C-2023,aushibuyasanjeewa@gmail.com,Valid till 31st December 2027,image/tourist_guides/U050050000006139475634.JPG,318
MUTHUMALAGE SUSANTHA NAWARATHNA MUTHUMALA,Chauffeur,English,0723572802,"No:138/b/8, golden garden, kandawala, katana",C-2025,susanthamuthumala@gmail.com,Valid till 31st December 2027,image/tourist_guides/U050050000006138475760.jpg,318
THILINA NUWAN CHATHURANGA JAYADEWA,Chauffeur,English,0772088400,"No:53, mihidupura, meepilimana, nuwara eliya",C-2026,thilinanuwan92@gmail.com,Valid till 31st December 2027,image/tourist_guides/U050050000006148476155.jpg,318
PATHIRAJALIYANAGE ANTON  MICHAEL FERNANDO,Area,English,07786634,"49,samagie mawatha attidiya dehiwala,",A-2221,michael.fernando80@yahoo.com,Valid till 31st December 2027,http://srilanka.travel//image/cache/no_profile_image-235x145.jpg,318
Search for a Tour Guide,,All Languages Arabic Chinese Dutch English French German Greek Hebrew Hindi Hungarian Italian Japanese Korean Mandarian Russian Spanish Swedish Tamil Thai Urdu Search,,,,,,http://www.srilanka.travel/images/theames-new/covidimg.png,318
Tour Guides,,,,,,,,http://www.srilanka.travel/images/theames-new/covidimg.png,318
PRAMODA RANGANATH WEERARATHNA,National,English,0717954525,"No:09, liyanarachchi place, kaluwadumulla, ambalangoda",N-2305,pramodaweerarathna@gmail.com,Valid till 31st December 2027,http://srilanka.travel//image/cache/no_profile_image-235x145.jpg,319
B.M.R.D. BASNAYAKE,Chauffeur,Japanese,0740299282,"No:25/a, rilawala, polgasowita",C-2027,rbasnayake0@gmail.com,Valid till 31st December 2027,image/tourist_guides/U050050000006158476281.jpeg,319
DISSANAYAKA MUDIYANSELAGE KASUN MADUSANKA CHANDRAPALA,Chauffeur,English,0761136006,"Welihelapathana, dikulpatha, bindunuwewa, bandarawela",C-2029,kasunatnet@gmail.com,Valid till 31st December 2027,image/tourist_guides/U050050000006022476165.jpg,319
WIJEKOON MUDIYANSELAGE ASANKA SHALINDA BANDARA WIJEKOON,Chauffeur,English,0701492168,"Chandrika niwasa, kosgolla, kirinda, pattiyagedara",C-2028,asankawijekoon44@gmail.com,Valid till 31st December 2027,image/tourist_guides/U050050000006134476268.jpg,319
WERANIYAGODAGE MANJULA WEERASINGHE,Chauffeur,English,0716771256,"No:132/03, 6th lane, elsmore, panadura rd, ingiriya",C-2030,wmanjulaweerasinghe@gmail.com,Valid till 31st December 2027,image/tourist_guides/U050050000006151474113.jpg,319
USWATHTHA LIYANAGE DEVAKA KAMAL PERERA,Chauffeur,Hindi,0765559275,"No:43, cripps road, galle",C-2031,uldevakakperera1987@gmail.com,Valid till 31st December 2027,image/tourist_guides/U050050000006153476222.jpeg,319
MANIKKUWADURA CHANAKA SUSANTHA DE ZOYSA,Chauffeur,English,0775823001,"No:54/2, sisilasa garden, pallethota, thalgasgoda, ambalangoda",C-2032,mcsdezoysa@gmail.com,Valid till 31st December 2027,image/tourist_guides/U050050000006154476256.jpg,319
KAHADA RATHNAYAKAGE SUDEM HEMANTHA,Area,English,0773300336,"No:34/a, hathbodhi mawatha, panadura",A-2223,sudemrathnayake@gmail.com,Valid till 31st December 2027,http://srilanka.travel//image/cache/no_profile_image-235x145.jpg,319
Search for a Tour Guide,,All Languages Arabic Chinese Dutch English French German Greek Hebrew Hindi Hungarian Italian Japanese Korean Mandarian Russian Spanish Swedish Tamil Thai Urdu Search,,,,,,http://www.srilanka.travel/images/theames-new/covidimg.png,319
Tour Guides,,,,,,,,http://www.srilanka.travel/images/theames-new/covidimg.png,319
DISSANAYAKE MUDIYANSELAGE KUDABANDARA DISSANAYAKE,Area,English,0718584111,"No:272/8, suba mawatha, high level road, nugegoda",A-2222,kudabandaradissa@gmail.com,Valid till 31st December 2027,http://srilanka.travel//image/cache/no_profile_image-235x145.jpg,320
CHANDANA PRADEEP KUMARA BOGODA,Area,English,0777802090,"No:142/30, kirimandala road, colombo 5",A-2224,chandanabogoda78@gmail.com,Valid till 31st December 2027,http://srilanka.travel//image/cache/no_profile_image-235x145.jpg,320
NADARAJA CHANDRU,Chauffeur,English,777247380,"No:10/1, 3rd lane, sudugangawaththa, kaludewala, matale",C-2037,chandrun2424@gmail.com,Valid till 31st December 2027,image/tourist_guides/U050050000006155475627.jpg,320
MUTHAMEREG MGNHEGE CHATURA DAYARATHNE,Chauffeur,English,766141184,"No:14/7, 1st lane, molligoda, wadduwa",C-2036,chaturaday@gmail.com,Valid till 31st December 2027,image/tourist_guides/U050050000006129474549.jpg,320
PRASAD CHAMINDA  HAPUTHANTHRI,National,English,0711142215,"No:149/e/1, galewaththa, ranawana rd, katugastota",N-2307,haputhanthrijuly11@gmail.com,Valid till 31st December 2027,http://srilanka.travel//image/cache/no_profile_image-235x145.jpg,320
THUSITHA SRIMAL DEVASIRIRATNE,Chauffeur,English,0715409406,"No:417/1, millagahawatta, makola north, makola",C-2038,tharunithu@gmail.com,Valid till 31st December 2027,image/tourist_guides/U050050000006163473410.jpg,320
THANAPATHI LIYANARALLAGE ROSHAN SUSANATHA SILVA,Chauffeur,English,0776616437,"No:318/27, kaluwarippuwa east, katana",C-2039,roshasilva541@gmail.com,Valid till 31st December 2027,image/tourist_guides/U050050000006171475996.jpg,320
RANDENI ARACHCHILAGE ATHULA NAYANANANDA RANDENI,Chauffeur,English,0767576544,"No:318/a, randeniya, hundirapola, koswatta",C-2040,randeniathula@gmail.com,Valid till 31st December 2027,image/tourist_guides/U050050000006170476103.jpg,320
Search for a Tour Guide,,All Languages Arabic Chinese Dutch English French German Greek Hebrew Hindi Hungarian Italian Japanese Korean Mandarian Russian Spanish Swedish Tamil Thai Urdu Search,,,,,,http://www.srilanka.travel/images/theames-new/covidimg.png,320
Tour Guides,,,,,,,,http://www.srilanka.travel/images/theames-new/covidimg.png,320
PIYADASA DISANAYAKALAGE RUWAN SAMPATH DAYANANDA,National,English,0768949132,"No:178/1, omaragolla, panliyadda",N-2308,ruwan2010@gmail.com,Valid till 31st December 2027,http://srilanka.travel//image/cache/no_profile_image-235x145.jpg,321
THARINDU KUSAL CHINTHAKA WADISINGHE,Area,English,0718984746,"174,gangadisigama, madapatha,piliyandala",A-2226,wadisinghetkc@gmail.com,Valid till 31st December 2027,http://srilanka.travel//image/cache/no_profile_image-235x145.jpg,321
JAYASOORIYA MUDIYANSELAGE KANCHANA KESHARA BANDARA JAYASOORIYA,Chauffeur,English,0763196903,"No:801/4, diyathure, melsiripura",C-2041,kanchanakeshara@gmail.com,Valid till 31st December 2027,image/tourist_guides/U050050000006169474366.jpeg,321
MESTIYAGE DON PRABASH MALINGA GOONATILAKE,National,English,0773826344,"No:20, bendiwela road, kuda wadduwa, wadduwa",N-2316,malinga_goonatilake@yahoo.com,Valid till 31st December 2027,http://srilanka.travel//image/cache/no_profile_image-235x145.jpg,321
DASANAYAKA ARACHCHILLAGE PRASAD SANJAYA PATHUM DISSANAYAKA,National,English,0777120013,"No:211/b, pannipitiya road, thalawathugoda",N-2313,jjpathum1@gmail.com,Valid till 31st December 2027,http://srilanka.travel//image/cache/no_profile_image-235x145.jpg,321
AGAMPODI ASITHA ERANDA DE ZOYSA,National,English,0773405579,"No:09/b, jayanthi mawatha, dadalla, galle",N-2314,asithazoysang@gmail.com,Valid till 31st December 2027,http://srilanka.travel//image/cache/no_profile_image-235x145.jpg,321
LOKU LIYANGE WARNA MADUSHAN ALWIS,National,English,0714104301,"No:14, l.r.c land, malegama, wadduwa",N-2315,warnamadushan@gmail.com,Valid till 31st December 2027,http://srilanka.travel//image/cache/no_profile_image-235x145.jpg,321
M. NISAN FERNANDO,National,English,0777868639,"No:33/6, makulugahawaththa rd, sinharamulla, kelaniya",N-2311,nishan.fernando@dhaventures.com,Valid till 31st December 2027,http://srilanka.travel//image/cache/no_profile_image-235x145.jpg,321
Search for a Tour Guide,,All Languages Arabic Chinese Dutch English French German Greek Hebrew Hindi Hungarian Italian Japanese Korean Mandarian Russian Spanish Swedish Tamil Thai Urdu Search,,,,,,http://www.srilanka.travel/images/theames-new/covidimg.png,321
Tour Guides,,,,,,,,http://www.srilanka.travel/images/theames-new/covidimg.png,321
HIGGODA VIDANA PATHIRANA PUBUDU PRIYANTHA UDAYA KUMARA,National,English,0777330012,"No:319/13, boralugoda road, athurugiriya",N-2312,priyantha.udayakumara67@gmail.com,Valid till 31st December 2027,http://srilanka.travel//image/cache/no_profile_image-235x145.jpg,322
IMIYA RALALAGE THARANGA KUMARA CHANDRASIRI,National,English,0704202728,"Kossinna, rambukkana",N-2310,tharangakumara808@gmail.com,Valid till 31st December 2027,http://srilanka.travel//image/cache/no_profile_image-235x145.jpg,322
ISHANKA PUSHPA KUMARA ALGEWATTA,National,English,0779162880,"No:110/a, kadurugaha watta, boossa",N-2318,nationalishanka@gmail.com,Valid till 31st December 2027,http://srilanka.travel//image/cache/no_profile_image-235x145.jpg,322
THENKUTTI AMILA MADHUSHANKA SILVA,National,English,0712150858,"No:314, old road, beruwala",N-2317,tamsilva001@gmail.com,Valid till 31st December 2027,http://srilanka.travel//image/cache/no_profile_image-235x145.jpg,322
KURUKULASURIYA ISURU RANGANA PERERA,National,English,0703410588,"No:512/1, welihena north, kochchikade.",N-2319,i.ranganaperera@gmail.com,Valid till 31st December 2027,http://srilanka.travel//image/cache/no_profile_image-235x145.jpg,322
WICKRAMASINGHE RASANGA DE ZOYSA,National,English,0760981869,"No:438/7, dandagamuwa west, kuliyapitiya",N-2320,rasanga99@gmail.com,Valid till 31st December 2027,http://srilanka.travel//image/cache/no_profile_image-235x145.jpg,322
LIYANAGE NIRUTH ASHENDRA FERNANDO,National,English,0714794096,"No:27, ananda balika mawatha, pitakotte",N-2321,srilankabyniruth@hotmail.com,Valid till 31st December 2027,http://srilanka.travel//image/cache/no_profile_image-235x145.jpg,322
KIRIHETTI ARACHCHILAGE SANDUNI NIMASHA SATHSARANI,National,English,0761790293,"No:35/46/e, meladumpatha street, matale",N-2324,sandunisathsarani9697@gmail.com,Valid till 31st December 2027,http://srilanka.travel//image/cache/no_profile_image-235x145.jpg,322
Search for a Tour Guide,,All Languages Arabic Chinese Dutch English French German Greek Hebrew Hindi Hungarian Italian Japanese Korean Mandarian Russian Spanish Swedish Tamil Thai Urdu Search,,,,,,http://www.srilanka.travel/images/theames-new/covidimg.png,322
Tour Guides,,,,,,,,http://www.srilanka.travel/images/theames-new/covidimg.png,322
RASIKA CHANDIMA KUMARA ABEYGUNARATNE,National,English,0763756675,"No:38/1, matale rd, ambatenna",N-2328,chandima.alu@gmail.com,Valid till 31st December 2026,http://srilanka.travel//image/cache/no_profile_image-235x145.jpg,323
LOKUSATU HEWAGE ASANGA RANASURIYA,National,English,0769832517,"No:105/1a, sri medhananda road, panadura",N-2325,ranasuriyaa@gmail.com,Valid till 31st December 2027,http://srilanka.travel//image/cache/no_profile_image-235x145.jpg,323
SINGAPPULIGE SITHU NIRMIKA DIDDENIYA,National,English,0767110746,"No:23/1, aluthpara, palathota, kalutara-south",N-2326,sithu.srilanka@gmail.com,Valid till 31st December 2027,http://srilanka.travel//image/cache/no_profile_image-235x145.jpg,323
RAMACHANDRAN ABINASH,National,English,0777973684,"No:454, dalupitiya road, hunupitiya, wattala",N-2327,abinasharesh@gmail.com,Valid till 31st December 2027,http://srilanka.travel//image/cache/no_profile_image-235x145.jpg,323
RAJAPAKSHA ARACHCHILAGE NEVIL SURANGA RATHNAWARDANA,Chauffeur,English,0701124299,"No:375, kahatagahahena, napawala, getaheththa",C-2042,nevil.rathnawardana@gmail.com,Valid till 31st December 2027,image/tourist_guides/U050050000006168474630.jpg,323
P.M. RUTH MATHEWS,National,French,0760727421,"No:61/3, vihara road, matale",N-2329,enzolankatours@gmail.com,Valid till 31st December 2027,http://srilanka.travel//image/cache/no_profile_image-235x145.jpg,323
NIKILA ASHANTHA PETHIYAGODA,National,English,0777184254,"No:83, lewella road, kandy",N-2330,nikila75@gmail.com,Valid till 31st December 2027,http://srilanka.travel//image/cache/no_profile_image-235x145.jpg,323
PANDULA JANANATHA AMARASINGHA VIDANAGE,National,English,0771564107,"No:748/61, colombo rd, 2nd kurana, negombo",N-2332,pandulajananatha@yahoo.com,Valid till 31st December 2027,http://srilanka.travel//image/cache/no_profile_image-235x145.jpg,323
Search for a Tour Guide,,All Languages Arabic Chinese Dutch English French German Greek Hebrew Hindi Hungarian Italian Japanese Korean Mandarian Russian Spanish Swedish Tamil Thai Urdu Search,,,,,,http://www.srilanka.travel/images/theames-new/covidimg.png,323
Tour Guides,,,,,,,,http://www.srilanka.travel/images/theames-new/covidimg.png,323
HAPUARACHCHIGE SUNETH NALINDA PERERA,National,English,0779213701,"No:53/h, duwa watta, marawila",N-2331,j.enterprises0209@gmail.com,Valid till 31st December 2026,http://srilanka.travel//image/cache/no_profile_image-235x145.jpg,324
NILAN LAHIRU GANHEWAGE,National,English,0710232040,"Rit reat estate, bungalow, kekanadura, matara",N-2333,nilanlahiruganhewage@gmail.com,Valid till 31st December 2027,image/tourist_guides/U050050000006200476038.jpg,324
APARAJITH MANUPRIYA HETTIARACHCHI,National,English,0724775439,"No:67/1, hudson rd, kollupitiya",N-2334,aparajith64@gmail.com,Valid till 31st December 2027,http://srilanka.travel//image/cache/no_profile_image-235x145.jpg,324
PRASANNA SAMPATH LIYANAGUNAWARDHANE,Area,English,0703079312,"Ambakade idiripita,buduruwagala, wellawaya",A-2229,lg.kapilatours@gmail.com,Valid till 31st December 2027,http://srilanka.travel//image/cache/no_profile_image-235x145.jpg,324
EKANAYAKE MUDIYANSELAGE HARSHA MADUSHANKA BANDARA,Area,English,0777886900,"No:225, welimada road, bandarawela",A-2231,hmadushanka4@gmail.com,Valid till 31st December 2027,http://srilanka.travel//image/cache/no_profile_image-235x145.jpg,324
WANASINGHE MUDIYANSELAGE THILAK GUNARATHNA,Area,English,0778295211,"Nilmini, watabedda, maliththa, bandarawela",A-2232,thilakgunarathna8888@gmail.com,Valid till 31st December 2027,http://srilanka.travel//image/cache/no_profile_image-235x145.jpg,324
WEERASINGHE DEWAGE PUBUDU GIMHANA SANDARUWAN DHARMASIRI,Area,English,0771718090,"Ambagasketiya, hela-halpe, bandarawela",A-2234,pubudugimhana11@gmail.com,Valid till 31st December 2027,http://srilanka.travel//image/cache/no_profile_image-235x145.jpg,324
MAPA MUDIYANSELAGE MEDHAWA SURANGA MAPA,Area,English,0771818366,"No:137/61, warakaroda watta ,welimada road, bandarawela",A-2237,medhawa.suranga@gmail.com,Valid till 31st December 2027,http://srilanka.travel//image/cache/no_profile_image-235x145.jpg,324
Search for a Tour Guide,,All Languages Arabic Chinese Dutch English French German Greek Hebrew Hindi Hungarian Italian Japanese Korean Mandarian Russian Spanish Swedish Tamil Thai Urdu Search,,,,,,http://www.srilanka.travel/images/theames-new/covidimg.png,324
Tour Guides,,,,,,,,http://www.srilanka.travel/images/theames-new/covidimg.png,324
MURUTHEN RALALAGE SAJITH CHANDIMA WARAKAWA,Area,English,0715771165,"Sirisewana, dodamwatta, diyathalawa",A-2247,sajithchandimaw18@gmail.com,Valid till 31st December 2027,http://srilanka.travel//image/cache/no_profile_image-235x145.jpg,325
THENNAKOON MUDIYANSELAGE SASINDU SULAKSHANA,Area,English,0754418686,"Waralhinna, sapugolla, uvaparanagama",A-2249,tmsasindusulakshana@gmail.com,Valid till 31st December 2027,http://srilanka.travel//image/cache/no_profile_image-235x145.jpg,325
EKANAYAKE MUDIYANSELAGE ISHAN ANURADHA EKANAYAKE,Area,English,0763015146,"No:14, mahaulpatha, bandarawela",A-2250,ishanekanayake26@gmail.com,Valid till 31st December 2027,http://srilanka.travel//image/cache/no_profile_image-235x145.jpg,325
HEWAMANAGE SACHITH MADUSHANKA,National,English,0715532388,"No:257/6/a, cemetery rd, pore, athurugiriya",N-2335,sachithmadushanka@gmail.com,Valid till 31st December 2027,http://srilanka.travel//image/cache/no_profile_image-235x145.jpg,325
MEEGODA VITHANAGE ISURU MADUSANKA VITHANAGE,Area,English,0773334728,"T2/ 42, kandaketiya",A-2243,isuru1988@gmail.com,Valid till 31st December 2027,http://srilanka.travel//image/cache/no_profile_image-235x145.jpg,325
DISANAYAKA MUDIYANSELAGE DILANGA SITHURUWAN ACHALANKA,Area,English,0713996488,"Sapumalthenna, passara road, ella",A-2238,glorytourella@gmail.com,Valid till 31st December 2026,http://srilanka.travel//image/cache/no_profile_image-235x145.jpg,325
PALANIYANDY GNANASEGARAN,Area,English,0768650769,"No:14, gonamotava estate, haputale",A-2241,segaraorient@gmail.com,Valid till 31st December 2027,http://srilanka.travel//image/cache/no_profile_image-235x145.jpg,325
CHANDRAKUMAR THANUJAN,Area,English,0716364330,"No:53, dunhinda waththa, ridipana, badulla",A-2252,thanujan029@gmail.com,Valid till 31st December 2027,http://srilanka.travel//image/cache/no_profile_image-235x145.jpg,325
Search for a Tour Guide,,All Languages Arabic Chinese Dutch English French German Greek Hebrew Hindi Hungarian Italian Japanese Korean Mandarian Russian Spanish Swedish Tamil Thai Urdu Search,,,,,,http://www.srilanka.travel/images/theames-new/covidimg.png,325
Tour Guides,,,,,,,,http://www.srilanka.travel/images/theames-new/covidimg.png,325
RATHNA DISANAYAKALAGE OSHAN KAVINDA WANASINGHE,Area,English,0717322175,"No:18/36, oye watta, hingurugamuwa, badulla",A-2253,rdokwanasingha@gmail.com,Valid till 31st December 2027,http://srilanka.travel//image/cache/no_profile_image-235x145.jpg,326
RATHNAYAKA MUDIYANSELAGE PRASAD CHANDIMA RATHNAYAKA,Area,English,0769615553,"No:08, kandegedara, badulla",A-2254,Prasadchandimarathnayaka@gmail.com,Valid till 31st December 2026,http://srilanka.travel//image/cache/no_profile_image-235x145.jpg,326
DELGAHA GEDARA KASUN DILSHAN KARUNARATHNE,National,English,0775407847,"No:37/14/1/1, gregory's road, colombo-07",N-2337,eng.kasunkarunarathne@gmail.com,Valid till 31st December 2027,http://srilanka.travel//image/cache/no_profile_image-235x145.jpg,326
GAYAN DILANTHA RANATHUNGE,Chauffeur,English,0701324497,"No:10/18, athukorala waththa, kurunduhinna, kegalle",C-2043,gdranatunge@gmail.com,Valid till 31st December 2027,image/tourist_guides/U050050000006209474130.jpg,326
UBAYARATHNA MUDIYANSELAGE  ASELA MAJUTH KUMARA,Area,English,0779313373,"""ayesha"", damanwara, kendagolla, badulla",A-2256,guideceylonax@gmail.com,Valid till 31st December 2027,http://srilanka.travel//image/cache/no_profile_image-235x145.jpg,326
EKANAYAKA MUDIYANSELAGE MALSHA SAMUDUNI EKANAYAKA,Area,English,714114628,"Ekanayaka niwasa, rathpaha, perawella",A-2258,samudunimalsha@gmail.com,Valid till 31st December 2027,http://srilanka.travel//image/cache/no_profile_image-235x145.jpg,326
E.M.V.G.N.S.EKANAYAKA,National,English,0718902420,"Nilantha', kandulawa road, ibbagamuwa",N-2338,Djnilaaaa@gmail.com,Valid till 31st December 2027,http://srilanka.travel//image/cache/no_profile_image-235x145.jpg,326
DISSANAYAKA MUDIYANSELAGE NILUKSHI POORNIMA DISSANAYAKA,Area,English,0769153741,"Sampath niwasa, ele gedara, weragama, attampitiya",A-2260,nilukshipoornima8@gmail.com,Valid till 31st December 2027,http://srilanka.travel//image/cache/no_profile_image-235x145.jpg,326
Search for a Tour Guide,,All Languages Arabic Chinese Dutch English French German Greek Hebrew Hindi Hungarian Italian Japanese Korean Mandarian Russian Spanish Swedish Tamil Thai Urdu Search,,,,,,http://www.srilanka.travel/images/theames-new/covidimg.png,326
Tour Guides,,,,,,,,http://www.srilanka.travel/images/theames-new/covidimg.png,326
JEGATHEESHWARAN MANOJKUMAR,Area,English,0759455878,"No:11, rathkele division, roeberry estate, pittamaruwa",A-2261,manojjagan5@gmail.com,Valid till 31st December 2027,http://srilanka.travel//image/cache/no_profile_image-235x145.jpg,327
RATHNAYAKE MUDIYANSELAGE NALAKA ANURADHA RATHNAYAKE,Area,English,0767658783,"No:19, peelipotha gama road, badulla",A-2263,nalanu1980@gmail.com,Valid till 31st December 2027,http://srilanka.travel//image/cache/no_profile_image-235x145.jpg,327
RATHNAYAKA MUDIYANSELAGE ARUNA PRIYAKALUM,Area,English,0763613013,"Puranawaththa, uduwara, haliela",A-2264,arunakalum72@gmail.com,Valid till 31st December 2026,http://srilanka.travel//image/cache/no_profile_image-235x145.jpg,327
DINIRA NUWAN DAMMULLAGE,Chauffeur,English,0788479657,"No:32/2, pathana, baddegama road, hikkaduwa",C-2044,dinira89@gmail.com,Valid till 31st December 2027,image/tourist_guides/U050050000006160475885.jpg,327
GADIVINNA VITHANAGE CHALUKA MADHURANGA,National,English,0713927166,"03rd cross rd, marada, marawila",N-2339,chalukavithanage@gmail.com,Valid till 31st December 2027,http://srilanka.travel//image/cache/no_profile_image-235x145.jpg,327
YADDEHIGE ASIRI POORNA VIRAJITHA AMARASINGHE,National,Spanish,0761785091,"No:120/10, rassagala road, balangoda",N-2340,spanishbueno43@gmail.com,Valid till 31st December 2027,http://srilanka.travel//image/cache/no_profile_image-235x145.jpg,327
KALUPAHANAGE PASINDU LAKSHAN,Area,English,0,"No 33,nawagammanaya.namunukula",A-2269,fazzylaksha@gmail.com,Valid till 31st December 2027,http://srilanka.travel//image/cache/no_profile_image-235x145.jpg,327
IHALA GEDARA LAHIRU MADUSHANKA KUMARATHUNGA,National,,0778998000,"No:46, balapokuna, new town, kothmale",N-2341,iglmkumarathunga99@gmail.com,Valid till 31st December 2027,http://srilanka.travel//image/cache/no_profile_image-235x145.jpg,327
Search for a Tour Guide,,All Languages Arabic Chinese Dutch English French German Greek Hebrew Hindi Hungarian Italian Japanese Korean Mandarian Russian Spanish Swedish Tamil Thai Urdu Search,,,,,,http://www.srilanka.travel/images/theames-new/covidimg.png,327
Tour Guides,,,,,,,,http://www.srilanka.travel/images/theames-new/covidimg.png,327
WEWALA RAMBUKANGE GEDARA SUJITH ROSHAN KUMARA RAMBUKANGE,Area,English,0770696931,"No:114, wewala, bokkawela",A-2281,roshansujith511@gmail.com,Valid till 31st December 2027,http://srilanka.travel//image/cache/no_profile_image-235x145.jpg,328
MOHOMED FAHIM MOHOMED ZAID,Area,English,0789000098,"No:498/3, klaugamuwa, gelioya",A-2280,zaazaid67@gmail.com,Valid till 31st December 2027,http://srilanka.travel//image/cache/no_profile_image-235x145.jpg,328
E.M.R.G.D.B. EKANAYAKE RAMBUKWELLA,Area,English,0769464208,"No:181, hettigethanna, udurawana, wattegema",A-2283,sajeelafashion@gmail.com,Valid till 31st December 2027,http://srilanka.travel//image/cache/no_profile_image-235x145.jpg,328
RAJAPAKSHA PATHIRANEHELAGE NISHANTHA DAMINDA RAJAPAKSHA,Area,English,0770642058,"No:231/8/a, ilukthenna, gannoruwa, muruthalawa",A-2284,ndr3020@gmail.com,Valid till 31st December 2027,http://srilanka.travel//image/cache/no_profile_image-235x145.jpg,328
RAJAPAKSHA WALIMINI MUDIYANSELAGE ASANKA SHANAKA RAJAPAKSHA,Area,English,0710117530,"No:215/1, nilagama, bambaragaswewa, galewela",A-2285,shanaka00@gmail.com,Valid till 31st December 2027,http://srilanka.travel//image/cache/no_profile_image-235x145.jpg,328
RAJAPAKSHA RATHNAYAKE MUDIYANSELAGE LANKA  BANDARA BAMBARADENIYA,Area,English,0772616078,"No:112, lagamuwa, kadugannawa",A-2275,lankabb@gmail.com,Valid till 31st December 2027,http://srilanka.travel//image/cache/no_profile_image-235x145.jpg,328
ASIRI THARANGA DHARSHAKA METIWALAKUMBURA,Area,English,0722331850,"No:6/1, rajapihilla, pattiyawatte",A-2274,atdmetiwalakumbura@gmail.com,Valid till 31st December 2026,http://srilanka.travel//image/cache/no_profile_image-235x145.jpg,328
E.M.A.T.EKANAYAKA,Area,English,0765750153,"No:43/a, giragama, pilimathalawa",A-2276,arunatekanayaka@gmail.com,Valid till 31st December 2027,http://srilanka.travel//image/cache/no_profile_image-235x145.jpg,328
Search for a Tour Guide,,All Languages Arabic Chinese Dutch English French German Greek Hebrew Hindi Hungarian Italian Japanese Korean Mandarian Russian Spanish Swedish Tamil Thai Urdu Search,,,,,,http://www.srilanka.travel/images/theames-new/covidimg.png,328
Tour Guides,,,,,,,,http://www.srilanka.travel/images/theames-new/covidimg.png,328
WEDIKUMBURE HANGIDIGEDARA CHAMINDA ROSHAN WIJESEKARA,Area,English,0778366680,"No:27/1, udugoda, wattegama",A-2271,chamindwijesekara@gmail.com,Valid till 31st December 2027,http://srilanka.travel//image/cache/no_profile_image-235x145.jpg,329
THILANKA BANDARA RANATHUNGA,Area,English,0777150766,"No:246, yatihalagala, kandy",A-2272,thilankara@gmail.com,Valid till 31st December 2027,http://srilanka.travel//image/cache/no_profile_image-235x145.jpg,329
S.G.G.D.S.GAJAWEERA,Area,English,0771537012,"No:308/18, warathenna, haloluwa",A-2273,dsgajaweera@gmail.com,Valid till 31st December 2027,http://srilanka.travel//image/cache/no_profile_image-235x145.jpg,329
WANASHINGHE ARACHCHIGE CHANDI KUMAR,Area,English,0776535353,"No:123/d, palipana, pujapitiya",A-2293,sltravelservices.info@gmail.com,Valid till 31st December 2027,http://srilanka.travel//image/cache/no_profile_image-235x145.jpg,329
R.M.D.T.B. RATHNAYAKE,Area,English,0752613362,"No:246/6, pilimathalawa gardens, ambilmeegama, pilimathalawa",A-2295,dinushabandara1981@gmail.com,Valid till 31st December 2027,http://srilanka.travel//image/cache/no_profile_image-235x145.jpg,329
SENANAYAKE ARACHCHILAGE CHARITH ISHARA SENANAYAKE,Area,English,0755298879,"No:48/1, kobbewala road, pallewela, gampola",A-2298,chariths362@gmail.com,Valid till 31st December 2027,http://srilanka.travel//image/cache/no_profile_image-235x145.jpg,329
BADANA MUDIYANSELAGE SAMARANAYAKA,Area,English,0773974771,"No:952/24, aluthwatta road, digana, rajawella",A-2287,bmsamar@yahoo.com,Valid till 31st December 2027,http://srilanka.travel//image/cache/no_profile_image-235x145.jpg,329
BASURA JANAKA SENEVIRATHNE,Area,English,0704561418,"No:211/d, ketakumbura, kadugannawa",A-2288,basura.one@gmail.com,Valid till 31st December 2027,http://srilanka.travel//image/cache/no_profile_image-235x145.jpg,329
Search for a Tour Guide,,All Languages Arabic Chinese Dutch English French German Greek Hebrew Hindi Hungarian Italian Japanese Korean Mandarian Russian Spanish Swedish Tamil Thai Urdu Search,,,,,,http://www.srilanka.travel/images/theames-new/covidimg.png,329
Tour Guides,,,,,,,,http://www.srilanka.travel/images/theames-new/covidimg.png,329
S.A.R.M.B. SENANAYAKE,Area,English,0777444141,"No:97/a, nagahagoda watta, ilukwatta, pilimatalawa",A-2286,madura8@gmail.com,Valid till 31st December 2027,http://srilanka.travel//image/cache/no_profile_image-235x145.jpg,330
WASALA MUDIYANSELAGE SALIYA BANDARA,Area,English,0766669805,"No:47/89, aruppala waththa road, watapuluwa, kandy",A-2291,wmsaliyabandara@gmail.com,Valid till 31st December 2027,http://srilanka.travel//image/cache/no_profile_image-235x145.jpg,330
UDDIKA GAYAN PALLIYAGURUGE,Area,English,0776525584,"No:64, angunawalla, peradeniya",A-2290,uddikagayan@yahoo.com,Valid till 31st December 2027,http://srilanka.travel//image/cache/no_profile_image-235x145.jpg,330
SAMAN PALITHA BALASOORIYA,Area,English,0775514999,"No:47/20, louis pieris mawatha, kandy",A-2299,palitha.industries@gmail.com,Valid till 31st December 2027,http://srilanka.travel//image/cache/no_profile_image-235x145.jpg,330
WASANTHA KUMARA JAYATHILAKA,Area,English,0779686570,"No:123/22, devi rd, mawilmada, kandy",A-2300,wasantha23jayathilaka@gmail.com,Valid till 31st December 2027,http://srilanka.travel//image/cache/no_profile_image-235x145.jpg,330
HERATH MUDIYANSELAGE ARUNA PRASANNA HERATH,Area,English,0778277950,"No:227/13/2, niyadagala, penideniya, peradeniya",A-2302,aruna77srilanka@gmail.com,Valid till 31st December 2027,http://srilanka.travel//image/cache/no_profile_image-235x145.jpg,330
HERATH MUDIYANSELAGE KAMELA MALINDU BANDARA HERATH,Area,English,0761151728,"No:24/1, kotakedeniya, gelioya",A-2304,malindubandara692@gmail.com,Valid till 31st December 2027,http://srilanka.travel//image/cache/no_profile_image-235x145.jpg,330
GANGODA WAIDYAGURUGE SENARATH WIJESINGHE,Area,English,0775414621,"No:49, gangoda, pilimathala",A-2305,senongeemeth93@gmail.com,Valid till 31st December 2027,http://srilanka.travel//image/cache/no_profile_image-235x145.jpg,330
Search for a Tour Guide,,All Languages Arabic Chinese Dutch English French German Greek Hebrew Hindi Hungarian Italian Japanese Korean Mandarian Russian Spanish Swedish Tamil Thai Urdu Search,,,,,,http://www.srilanka.travel/images/theames-new/covidimg.png,330
Tour Guides,,,,,,,,http://www.srilanka.travel/images/theames-new/covidimg.png,330
NAMAL PRAVEEN CAYGILL,Area,English,0774076248,"No:393, pallealudeniya rd, gelioya",A-2306,nppkandy@gmail.com,Valid till 31st December 2027,http://srilanka.travel//image/cache/no_profile_image-235x145.jpg,331
KANNAN DINESH,Area,English,0778657572,"Lakkam watta, maskeliya",A-2307,mrkdinesh2@gmail.com,Valid till 31st December 2027,http://srilanka.travel//image/cache/no_profile_image-235x145.jpg,331
UDAGAMMADDAGE GEDARA SUMEDA SIRIWARDANA,Area,English,0712153641,"No:20, malpana, kengalla",A-2308,madwwasana@gmail.com,Valid till 31st December 2027,http://srilanka.travel//image/cache/no_profile_image-235x145.jpg,331
SINGANKUTTI ARACHCHIGE BUDDHAPRIYA NANDASIRI,Area,English,0717252921,"No:18, kandalama, dambulla",A-2309,buddhapriyaab@gmail.com,Valid till 31st December 2027,http://srilanka.travel//image/cache/no_profile_image-235x145.jpg,331
WIJESUNDARA MUDIYANSELAGE DHANUSHKA CHAMARA,Area,English,0704364452,"No:210/4, madahinna, kinigama, bandarawela",A-2310,dhanushka764@gmail.com,Valid till 31st December 2027,http://srilanka.travel//image/cache/no_profile_image-235x145.jpg,331
DANUSH CHANAKA SAMARASINGHE,Chauffeur,English,0702356414,"No:25/3/1, dambugolla watta, ambepussa",C-2045,chanakasamarasinghe35@gmail.com,Valid till 31st December 2027,image/tourist_guides/U050050000006128474157.jpg,331
KELEKORALALAGE GEDARA SAMAN NANDANA WEEDIYABANDARA,Area,English,0777433849,"No:69/3, col.kudabanda mw, gannoruwa, peradeniya",A-2312,samansnvb@yahoo.com,Valid till 31st December 2027,http://srilanka.travel//image/cache/no_profile_image-235x145.jpg,331
MALAWATTAGE DHAMMITHRA PERERA SAMARASINGHE,Area,English,0779475981,"No:429/4, sarasavigama rd, mahakanda, hindagala",A-2311,dammibirdnest1963@gmail.com,Valid till 31st December 2027,http://srilanka.travel//image/cache/no_profile_image-235x145.jpg,331
Search for a Tour Guide,,All Languages Arabic Chinese Dutch English French German Greek Hebrew Hindi Hungarian Italian Japanese Korean Mandarian Russian Spanish Swedish Tamil Thai Urdu Search,,,,,,http://www.srilanka.travel/images/theames-new/covidimg.png,331
Tour Guides,,,,,,,,http://www.srilanka.travel/images/theames-new/covidimg.png,331
DODANGOLLAGE ROSHAN SANJEEWA JAYASEKARA,Chauffeur,English,0774744952,"No:82/5, gannoruwa, peradeniya",C-2046,roshsrilanka@gmail.com,Valid till 31st December 2027,image/tourist_guides/U050050000006278473828.jpeg,332
A. THARAKA PRABATH FERNANDO,National,English,0772920696,"No:150/9/b, liyanagemulla, seeduwa",N-2342,methukif24@gmail.com,Valid till 31st December 2027,http://srilanka.travel//image/cache/no_profile_image-235x145.jpg,332
HETTI ARACHCHIGE VIMUKTHI PRASANGA,Area,English,0776373622,"No:480/1, mewella rd, pethiyagoda, kelaniya",A-2313,prasanga99@gmail.com,Valid till 31st December 2027,http://srilanka.travel//image/cache/no_profile_image-235x145.jpg,332
DUNU HEWAGE SANJAYA MADUSHAN WICKRAMASIRI,Chauffeur,English,0774940760,"Dambulla road,habarana",C-2047,madushanhb@gmail.com,Valid till 31st December 2027,image/tourist_guides/U050050000006304474244.JPG,332
DOLUWA KADAGE ASELA SAMAN BANDARA,Chauffeur,English,0761213946,"No:424/13, kajugolla road, udugampola, gampaha",C-2048,aselabandarasw3@gmail.com,Valid till 31st December 2027,http://srilanka.travel//image/cache/no_profile_image-235x145.jpg,332
KAHAPOLA ARACHCHIGE DUMINDA DARSHANA,Chauffeur,English,0770490244,"No:381/1, kudaluwila, hanwellla",C-2049,dumindadarshana263@gmail.com,Valid till 31st December 2027,image/tourist_guides/U050050000006306474245.jpg,332
WITHANAGE ANURUDH MAHANAMA PERARA,National,English,0775927597,"No:115, sihalena, naotunna, kottegoda",N-2343,anurudhperera@gmail.com,Valid till 31st December 2027,image/tourist_guides/U050050000005758476574.jpg,332
WANNINAYAKA THENNAKOON MUDIYANSELAGE ISANKA SAMPATH WANNINAYAKA,Chauffeur,Hindi,0715739091,"Heenagama, nawagaththegama",C-2051,isanka559@gmail.com,Valid till 31st December 2027,image/tourist_guides/U050050000006312473697.jpg,332
Search for a Tour Guide,,All Languages Arabic Chinese Dutch English French German Greek Hebrew Hindi Hungarian Italian Japanese Korean Mandarian Russian Spanish Swedish Tamil Thai Urdu Search,,,,,,http://www.srilanka.travel/images/theames-new/covidimg.png,332
Tour Guides,,,,,,,,http://www.srilanka.travel/images/theames-new/covidimg.png,332
ARUMADURA GAYAN DHANUSHKA DE SILVA,Chauffeur,English,0777424446,"No:30, pubudupura, anuradhapura",C-2052,desilvawiz@gmail.com,Valid till 31st December 2027,image/tourist_guides/U050050000006308474246.jpg,333
LAKSIRI BANDULA RAJAPAKSE,Chauffeur,English,0777802305,"No:3/8, mallikawattha, nattarampotha",C-2050,laksiribr@gmail.com,Valid till 31st December 2027,image/tourist_guides/U050050000006293476023.jpg,333
PARAGAHATHOTA PATHIRANAGE DON CHAMINDA PATHIRANA,Chauffeur,English,0712763645,"No:188/b, walawwaththa, divulgaskotuwa, galewela",C-2053,pathirana27@gmail.com,Valid till 31st December 2027,image/tourist_guides/U050050000006313474248.jpg,333
NISSANKA ARACHCHILAGE THARANGA DEEPAL NISSANKA,Chauffeur,English,0767849561,"No:26, anukkane, madahapola",C-2054,deepalnishshanka228@gmail.com,Valid till 31st December 2027,image/tourist_guides/U050050000006315476024.jpg,333
WIJETHUNGA WASALA MUDIYANSELAGE CHARITH RANDIKA BANDARA,Chauffeur,English,0773482030,"No:2b, twin houses, pulathisigama, hingurakgoda",C-2055,crandikabandara@gmail.com,Valid till 31st December 2027,image/tourist_guides/U050050000006334473345.jpg,333
THANIPPULI MUDIYANSELAGE GAYAN CHAMINDA SHYAMAL BANDARA,Chauffeur,English,0772266905,"Mahawalauwaththa, depalamulla, balangoda",C-2056,gayanshyamal84@gmail.com,Valid till 31st December 2027,image/tourist_guides/U050050000006302474253.jpg,333
H.M.M.G. PULASTHI GAYAN HERATH,Chauffeur,English,0703972001,"No:04, nishshanka junction, dambulla",C-2057,pulasthiherath18@gmail.com,Valid till 31st December 2027,image/tourist_guides/U050050000006319476025.jpg,333
NARAYANA MUDIYANSELAGE NUWAN THARAKA,Chauffeur,English,0770162906,"No:11, kahatawilawaththa, lihiriyagama, dankotuwa",C-2058,nuwantharaka2580@gmail.com,Valid till 31st December 2027,image/tourist_guides/U050050000006337474249.jpg,333
Search for a Tour Guide,,All Languages Arabic Chinese Dutch English French German Greek Hebrew Hindi Hungarian Italian Japanese Korean Mandarian Russian Spanish Swedish Tamil Thai Urdu Search,,,,,,http://www.srilanka.travel/images/theames-new/covidimg.png,333
Tour Guides,,,,,,,,http://www.srilanka.travel/images/theames-new/covidimg.png,333
ELHENE DEWAYALAGE CHAMARA PRASAD GUNATHILAKE,Chauffeur,English,0772161008,"''chamika'', maussawa, beligamuwa, galewela",C-2059,chamcpg@gmail.com,Valid till 31st December 2027,image/tourist_guides/U050050000006323476026.jpg,334
HIKKADUWA PALLIYAGURUGE PATHUM HANSAKA ALWIS,Area,English,0770124772,"Bogahawaththa, hinatigala, thalpe",A-2318,pathumhansaka43@gmail.com,Valid till 31st December 2027,http://srilanka.travel//image/cache/no_profile_image-235x145.jpg,334
KODITHUWAKKU KANKANAMGE PASIDU,Area,English,0761906977,"No:328/c, rathuwatta bandipara, thotagoda, akmeemana",A-2317,mrkodda2003@gmail.com,Valid till 31st December 2027,http://srilanka.travel//image/cache/no_profile_image-235x145.jpg,334
DEMUNI THARINDU PRABUDDHA DE SILVA,Area,English,0774554241,"No.54/c 'saman',galle road,,ahungalla",A-2316,demuni19@gmail.com,Valid till 31st December 2027,http://srilanka.travel//image/cache/no_profile_image-235x145.jpg,334
RANAWEERA KANKANAMGE RANGANA,Area,English,0767352563,"No:374/c, horatannahena, moragala, pothdeniya",A-2315,rangana4g@gmail.com,Valid till 31st December 2027,http://srilanka.travel//image/cache/no_profile_image-235x145.jpg,334
UDUWALLADURAGE CHANDANA UDUWELA,Area,English,0761388397,"Sriyani, yaggaha, walahanduwa, galle",A-2314,uduwelak@gmail.com,Valid till 31st December 2027,http://srilanka.travel//image/cache/no_profile_image-235x145.jpg,334
RUWAN PATHIRANAGE JANITHA INDIKA JAYASINGHE,Chauffeur,English,0772679376,"No:105, kolongasyaya watta, metiyagane",C-2060,janitha.jayasinghe@gmail.com,Valid till 31st December 2027,image/tourist_guides/U050050000006273476512.jpg,334
UDUGALPITIYA EDIRITHANTRIGE CHAMIL SUSANTHA,Area,English,0777609948,"No:20, arachchikanda, hikkaduwa",A-2319,susanthaudu@gmail.com,Valid till 31st December 2027,http://srilanka.travel//image/cache/no_profile_image-235x145.jpg,334
Search for a Tour Guide,,All Languages Arabic Chinese Dutch English French German Greek Hebrew Hindi Hungarian Italian Japanese Korean Mandarian Russian Spanish Swedish Tamil Thai Urdu Search,,,,,,http://www.srilanka.travel/images/theames-new/covidimg.png,334
Tour Guides,,,,,,,,http://www.srilanka.travel/images/theames-new/covidimg.png,334
KUMARASINGHA SUJITH ABEYSINGHA GUNASEKARA,Area,English,077850383,"No:67, kurunduwatta, wathugedara",A-2320,sujithkuma643@gmail.com,Valid till 31st December 2027,http://srilanka.travel//image/cache/no_profile_image-235x145.jpg,335
HETTI ARACHCHGE UPALI NISHANTHA,Area,English,0779357476,"Mologgamuwa, moragala, kirilipana",A-2324,sunerawin@gmail.com,Valid till 31st December 2027,http://srilanka.travel//image/cache/no_profile_image-235x145.jpg,335
WANNIARACHCHI KANKANAMGE NOYEL THILAKARATHNA,Area,English,070166387,"B 1 project director quarters,labuduwa",A-2323,noyelga@gmail.com,Valid till 31st December 2027,http://srilanka.travel//image/cache/no_profile_image-235x145.jpg,335
RANASINGHE KUMARASENA,Area,English,0779849099,"Akkara 25, indigetawela, hakuruwela",A-2322,rankumaraag2025@gmail.com,Valid till 31st December 2027,http://srilanka.travel//image/cache/no_profile_image-235x145.jpg,335
KANAKKA HEWAGE SUPUN SAMINDA,Area,English,0767343040,"No:237/2, polwathumodara, mirissa",A-2321,Samindasupun13@gmail.com,Valid till 31st December 2027,http://srilanka.travel//image/cache/no_profile_image-235x145.jpg,335
KATHALUWA LIYANAGE THARINDU MANOHARA GUNAWARDANE,Area,English,0717205914,"No:112, grand panorama, hapugala, wakwella",A-2325,manoharalive@gmail.com,Valid till 31st December 2027,http://srilanka.travel//image/cache/no_profile_image-235x145.jpg,335
MOHAMED NAWFER MOHAMED ANSAK,Area,English,0775311898,"No:7, kong tree road, galle",A-2326,mohamednawferansak@gmail.com,Valid till 31st December 2027,http://srilanka.travel//image/cache/no_profile_image-235x145.jpg,335
YATAGAMA LOKUGE SANJEEWA,Area,English,0718212303,"No:53/29/m, first lane, makuluwa, galle",A-2327,Sanjeewalg@gmail.com,Valid till 31st December 2027,http://srilanka.travel//image/cache/no_profile_image-235x145.jpg,335
Search for a Tour Guide,,All Languages Arabic Chinese Dutch English French German Greek Hebrew Hindi Hungarian Italian Japanese Korean Mandarian Russian Spanish Swedish Tamil Thai Urdu Search,,,,,,http://www.srilanka.travel/images/theames-new/covidimg.png,335
Tour Guides,,,,,,,,http://www.srilanka.travel/images/theames-new/covidimg.png,335
RATHGAMA MIGELWASAM SACHIN SANJANA DISSANAYAKA,Area,English,0769968839,"32,rubberwatta, kurunduwatta ,,watugedara",A-2328,rmsachinsanjana@gmail.com,Valid till 31st December 2027,http://srilanka.travel//image/cache/no_profile_image-235x145.jpg,336
KANKANAM GAMAGE VIRAJ DUMINDA DHARMASRI,Area,English,0712582072,"Susiri, jayanthi mawatha, ihalagoda, walahanduwa",A-2329,sahaspa1000@gmail.com,Valid till 31st December 2027,http://srilanka.travel//image/cache/no_profile_image-235x145.jpg,336
W.R.A.W.M.R.N.W.P.P NUGEGODA,Area,English,077685889,"188, ketawala-lewla,,kandy",A-2330,promod188@gmail.com,Valid till 31st December 2027,http://srilanka.travel//image/cache/no_profile_image-235x145.jpg,336
HERATH MUDIYANSELAGE KUSHAN MADUSANKA BANDARA LENADORA,Area,English,0710144923,"No14/a,lenadora,dambulla",A-2332,lenadorakmb@gmail.com,Valid till 31st December 2027,http://srilanka.travel//image/cache/no_profile_image-235x145.jpg,336
KASUN SANJAYA KUMARA RAJAPAKSHA,Area,English,0713370007,"290/1,""dharshana"",ilukthenna,muruthalawa,,peradeniya",A-2331,Kasunsanjaya.house@gmail.com,Valid till 31st December 2027,http://srilanka.travel//image/cache/no_profile_image-235x145.jpg,336
RANATHUNGA ARACHCHIGE DARSHANA SAMPATH KULAWANSHA,Chauffeur,English,0712736366,"No:14/2, 1st cenel road, kumarapokuna, polonnaruwa",C-2061,darshanakulawansha@gmail.com,Valid till 31st December 2027,http://srilanka.travel//image/cache/no_profile_image-235x145.jpg,336
MALAVI PATHIRENNEHELAGE AJITH LAKSMAN,Chauffeur,English,0770787256,"No.255/10,galwalagoda,dekatana",C-2063,ajith1tours@gmail.com,Valid till 31st December 2027,image/tourist_guides/U050050000006305476230.jpg,336
DHANASEKARA MUDIYANSELAGE SUJEEWA THENNAKOON,Area,English,0776926239,"No:150, arambegama, pilimathalawa",A-2334,sujeewathennakoon78@gmail.com,Valid till 31st December 2027,http://srilanka.travel//image/cache/no_profile_image-235x145.jpg,336
Search for a Tour Guide,,All Languages Arabic Chinese Dutch English French German Greek Hebrew Hindi Hungarian Italian Japanese Korean Mandarian Russian Spanish Swedish Tamil Thai Urdu Search,,,,,,http://www.srilanka.travel/images/theames-new/covidimg.png,336
Tour Guides,,,,,,,,http://www.srilanka.travel/images/theames-new/covidimg.png,336
KUDA KOMPAYALAGE DEEPTHI KUMARA CHULARATHNA,Area,English,0779371468,"No:313, augastawatta, kandy",A-2335,surangachula@gmail.com,Valid till 31st December 2027,http://srilanka.travel//image/cache/no_profile_image-235x145.jpg,337
SAMARASINGHAGE LASANGA NIROSHANA SAMARASINGHA,Area,English,0777122837,"No:385/3, sarasavigama road, mahakanda",A-2336,niroshansln@gmail.com,Valid till 31st December 2027,http://srilanka.travel//image/cache/no_profile_image-235x145.jpg,337
NISHSHANKA BANDARA GAMINI HERATH,Area,English,0771507956,"No:41e, muruthalawa road, uda-eriyagama, peradeniya",A-2337,nishshankah@gmail.com,Valid till 31st December 2027,http://srilanka.travel//image/cache/no_profile_image-235x145.jpg,337
RANHAWADI GEDARA SHANUKA ASHEN WARNASOORIYA,Area,English,0714594144,"No:38/a, udakithulgolla, ankumbura",A-2333,21shanuashen@gmail.com,Valid till 31st December 2027,http://srilanka.travel//image/cache/no_profile_image-235x145.jpg,337
BONIFACE  SUSANTHA DEP,Chauffeur,English,0777352521,"No:175/13, st mary's road, left uswetakiyawa",C-2065,bonifacedep@yahoo.com,Valid till 31st December 2027,image/tourist_guides/U050050000006407475633.jpg,337
GIHAN ANTHONY ASKER,Chauffeur,English,0775747344,"No:85/3 1/1, dehiwala road, boralesgamuwa",C-2064,gihanasker@gmail.com,Valid till 31st December 2027,image/tourist_guides/U050050000006408475632.jpg,337
KARUNASINGHEGE DASUNI UPEKA  KARUNASINGHE,National,Chinese,0767922504,"No:16/03, udawalpola, kurunegala",N-2348,khsdasu78@gmail.com,Valid till 31st December 2027,http://srilanka.travel//image/cache/no_profile_image-235x145.jpg,337
RATHNAYAKA MUDIYANSELAGE DILSHAN MALEESHA SHANUKA JAYARATHNA,National,French,0741146009,"No:155, breside colony, halagama, gampola",N-2346,dilshanmsj@gmail.com,Valid till 31st December 2027,http://srilanka.travel//image/cache/no_profile_image-235x145.jpg,337
Search for a Tour Guide,,All Languages Arabic Chinese Dutch English French German Greek Hebrew Hindi Hungarian Italian Japanese Korean Mandarian Russian Spanish Swedish Tamil Thai Urdu Search,,,,,,http://www.srilanka.travel/images/theames-new/covidimg.png,337
Tour Guides,,,,,,,,http://www.srilanka.travel/images/theames-new/covidimg.png,337
MOHOTTIGE ISURU SANDARUWAN,National,French,0713595674,"No:798, elabada road, maha ingiriya, ingiriya",N-2345,isurusandaruwan153@gmail.com,Valid till 31st December 2027,http://srilanka.travel//image/cache/no_profile_image-235x145.jpg,338
J.M.I.S.B. JAYASEKARA,National,French,0742622039,"No:72, udawaradamuna, kawudupelella, matale",N-2349,Indikasameera95@gmail.com,Valid till 31st December 2027,http://srilanka.travel//image/cache/no_profile_image-235x145.jpg,338
WARAHENA LIYANAGE HIMAHANSA GAGANAKA,National,French,0776220349,"No:226, diyampitiya watta, haburugala, bentota",N-2347,wlhimahansagaganaka@gmail.com,Valid till 31st December 2027,http://srilanka.travel//image/cache/no_profile_image-235x145.jpg,338
PANAGODAGE KALINGA SURESH FERNANDO,Chauffeur,English,0772956266,"No:136/c/7, wanamal uyana, batagama north, ja-ela",C-2066,kalinga.s1119@gmail.com,Valid till 31st December 2027,image/tourist_guides/U050050000006405475646.jpg,338
NOEL DANUSHKA  SOYZA,Chauffeur,English,0776663142,"No:547/7, daham mawatha, pitipana south, homagama",C-2067,noel.d.soyza@gmail.com,Valid till 31st December 2027,image/tourist_guides/U050050000006416475648.jpeg,338
DON RAJITHA PRASANNA HULADDUWA,National,English,0773834187,"No:343/1, nagahawela road, kotikawatta",N-2350,rajith1223@gmail.com,Valid till 31st December 2027,http://srilanka.travel//image/cache/no_profile_image-235x145.jpg,338
GALLABA MUDIYANSELAGE DUMINDU PRADEEP DARSHANA,National,French,0771630018,"Hospital junction, badalkumbura",N-2352,Pradeepdumindu93@gmail.com,Valid till 31st December 2027,http://srilanka.travel//image/cache/no_profile_image-235x145.jpg,338
A.M.C.A. ATTHANAYAKE,National,French,0774826641,"No:28/6, 8th lane, jayamalapura, gampola",N-2351,Chavindu.atthanayake@gmail.com,Valid till 31st December 2027,http://srilanka.travel//image/cache/no_profile_image-235x145.jpg,338
Search for a Tour Guide,,All Languages Arabic Chinese Dutch English French German Greek Hebrew Hindi Hungarian Italian Japanese Korean Mandarian Russian Spanish Swedish Tamil Thai Urdu Search,,,,,,http://www.srilanka.travel/images/theames-new/covidimg.png,338
Tour Guides,,,,,,,,http://www.srilanka.travel/images/theames-new/covidimg.png,338
DAYASINGHALAGE PASINDU DILSHAN,National,French,0703489645,"No:43, ranaviru gammanaya, horombuva, monaragala",N-2353,pasindudilshan8822@gmail.com,Valid till 31st December 2027,http://srilanka.travel//image/cache/no_profile_image-235x145.jpg,339
SUNMUGALINGAM THILLAINADESAN,National,English,0776392235,"Kenikula road, kopay south, jaffna",N-2354,vishaptha@gmail.com,Valid till 31st December 2027,http://srilanka.travel//image/cache/no_profile_image-235x145.jpg,339
SASANTHA VERNAN KUMARA VIDANAGE,Area,English,0770566418,"No:2/1a, balanagala road, katugastota, wattegama",A-2338,Sasanthav@gmail.com,Valid till 31st December 2027,http://srilanka.travel//image/cache/no_profile_image-235x145.jpg,339
WEDAKARAGE ISHAN UDAYANGE DIMBULKUMBURA,Area,English,0777389007,"No:15/a, gannoruwa road, muruthalawa",A-2339,iudimbulkumbura@gmail.com,Valid till 31st December 2027,http://srilanka.travel//image/cache/no_profile_image-235x145.jpg,339
KARAVITA VIDANALAGE DON TIRAN KAVINDU NIMOSHA,National,English,0767569585,"No:216/b, rukaththanagahawatta, malegoda, payagala",N-2356,tirankavindu@gmail.com,Valid till 31st December 2027,http://srilanka.travel//image/cache/no_profile_image-235x145.jpg,339
GOHONAMULLA MUHANDIRAMLAGE CHATHURA MADHUSHAN MUHANDIRAM,Chauffeur,French,0774715787,"B-37, undugodahena, malmaduwa, kegalle",C-2071,chathuramuhandiram10@gmail.com,Valid till 31st December 2027,image/tourist_guides/U050050000006440475697.jpg,339
NANAYAKKARA APAREKKAGE JANITH NANAYAKKARA,Chauffeur,Spanish,0718849355,"No:6/8/31, samadhi mawtha, kalagedihena",C-2072,janithnanayakkara9@gmail.com,Valid till 31st December 2027,image/tourist_guides/U050050000006447475698.jpg,339
THEWARATHANTHRIGE CHANDIKA SHUBASH VIMUKTHI FERNANDO,National,Spanish,0770040073,"No:165/1, st josephs street, negombo",N-2357,chandikafernando27@gmail.com,Valid till 31st December 2027,http://srilanka.travel//image/cache/no_profile_image-235x145.jpg,339
Search for a Tour Guide,,All Languages Arabic Chinese Dutch English French German Greek Hebrew Hindi Hungarian Italian Japanese Korean Mandarian Russian Spanish Swedish Tamil Thai Urdu Search,,,,,,http://www.srilanka.travel/images/theames-new/covidimg.png,339
Tour Guides,,,,,,,,http://www.srilanka.travel/images/theames-new/covidimg.png,339
SOHAN NALLAPERUMA,National,Spanish,0715567211,"No:321/1, unella, palatuwa, matara",N-2355,travelwithsohanlanka@gmail.com,Valid till 31st December 2027,http://srilanka.travel//image/cache/no_profile_image-235x145.jpg,340
DHANUJA CHATHUMAL NAVIMANA PATHIRANA,Chauffeur,Japanese,0757972582,"No:492/14, 5th lane, halbarawa road, malabe",C-2068,npdchathumal@gmail.com,Valid till 31st December 2027,image/tourist_guides/U050050000006431475682.jpg,340
ELLALAGODA GAMAGE SHANAKA UPUL IRANTHA,Chauffeur,English,0719225698,"C 01, warakathenna, dehiowita",C-2069,shanaka.gamage@gmail.com,Valid till 31st December 2027,image/tourist_guides/U050050000006418475684.jpg,340
KORALE GEDARA MADUSANKA RUWAN KUMARA,Chauffeur,English,0771782771,"No.214/3, pallemulla, halloluwa, kandy",C-2070,ruwanzone88@gmail.com,Valid till 31st December 2027,image/tourist_guides/U050050000006424475685.jpg,340
SAMAN REXY UDAKUMBURA,National,English,0773881626,"No:64/a, kadawatha road, kalubowila",N-2364,saman.udakumbura1968@gmail.com,Valid till 31st December 2027,http://srilanka.travel//image/cache/no_profile_image-235x145.jpg,340
PRASAD SANDARUWAN HETTIARACHCHIE,National,Hindi,0776904290,"No:5/3, gemunu mawatha, keselwatta, panadura",N-2363,1971shap2012@gmail.com,Valid till 31st December 2027,http://srilanka.travel//image/cache/no_profile_image-235x145.jpg,340
EDIRISINGHE ARACHCHILLAGE SUMITH KUMARA EDIRISINGHE,Chauffeur,English,0712812276,"No:573/1a, nedungamuwa, gampaha",C-2073,edirisinghesumith81@gmail.com,Valid till 31st December 2027,image/tourist_guides/U050050000006426475699.jpeg,340
RADAMPALA GAMAGE SHASHIPRIYA DEVINDA,Chauffeur,English,0712555625,"No:504, diyasyaya, tissamaharama",C-2075,shashipriyadevinda8@gmail.com,Valid till 31st December 2027,image/tourist_guides/U050050000006428475701.jpeg,340
Search for a Tour Guide,,All Languages Arabic Chinese Dutch English French German Greek Hebrew Hindi Hungarian Italian Japanese Korean Mandarian Russian Spanish Swedish Tamil Thai Urdu Search,,,,,,http://www.srilanka.travel/images/theames-new/covidimg.png,340
Tour Guides,,,,,,,,http://www.srilanka.travel/images/theames-new/covidimg.png,340
AGALAKADA LIYANAGE DININDU SANDARUWAN,Chauffeur,English,0787338686,"""kaushala"", ihala beligalla, beliatta",C-2074,dinindusandaruwan1@gmail.com,Valid till 31st December 2027,image/tourist_guides/U050050000006406475700.jpg,341
WALIMUNI RUWAN PRADEEP SURENDRA DE SILVA,National,Hindi,0776368968,"No:311/a, galwehera, ahungalla",N-2358,wrpsdesilva@gmail.com,Valid till 31st December 2027,http://srilanka.travel//image/cache/no_profile_image-235x145.jpg,341
ISURU DISSANAYAKA CHINTHANI PRABHAMALA GUNARATHNA,National,Chinese,0703248950,"No:91/18, gallinda road, kahanthota road, malabe",N-2359,chinthi_spirit90@yahoo.com,Valid till 31st December 2027,http://srilanka.travel//image/cache/no_profile_image-235x145.jpg,341
DEWA MANTHRILAGE YADEESHA YURANTHI ALOKA,National,English,0775387393,"No:37/1, kottawa road, mawittara, piliyandala",N-2361,yadeeshayuranthi@gmail.com,Valid till 31st December 2027,http://srilanka.travel//image/cache/no_profile_image-235x145.jpg,341
NAWAGAMUWAGE NUWAN DHANUSHKA NAYANAPRIYA,National,English,0713365202,"No:809/a, sri mahinda mawatha, homagama",N-2360,nuwan91d@gmail.com,Valid till 31st December 2027,http://srilanka.travel//image/cache/no_profile_image-235x145.jpg,341
AKURESSSA GAMAGE SUMITH WARNAKULASURIYA,National,Spanish,0773399212,"Yongawatta, nalawana, kananke bazaar",N-2362,sumithwarnakulasuriyantgl@gmail.com,Valid till 31st December 2027,http://srilanka.travel//image/cache/no_profile_image-235x145.jpg,341
HERATH MUDIYANSELAGE AKALANKA MANUKA HERATH,Chauffeur,Chinese,0762317749,"Lakehouse waththa, bamunawala, kurunegala",C-2077,akalankaherath1995@gmail.com,Valid till 31st December 2027,image/tourist_guides/U050050000006427475703.jpg,341
LINTHOTAGE DILSHAN KANISHKA FERNANDO,Chauffeur,English,0705960546,"No:564/a, colombo road, 2nd kurana, negombo",C-2076,dilshan.kanishka.fernando@gmail.com,Valid till 31st December 2027,image/tourist_guides/U050050000006423475702.jpeg,341
Search for a Tour Guide,,All Languages Arabic Chinese Dutch English French German Greek Hebrew Hindi Hungarian Italian Japanese Korean Mandarian Russian Spanish Swedish Tamil Thai Urdu Search,,,,,,http://www.srilanka.travel/images/theames-new/covidimg.png,341
Tour Guides,,,,,,,,http://www.srilanka.travel/images/theames-new/covidimg.png,341
PALLEK KANKANAMGE DON  LAHIRU MIHIRAN,National,English,0712463272,"No:344, munhena, maggona",N-2365,lahirumihiran92@gmail.com,Valid till 31st December 2027,http://srilanka.travel//image/cache/no_profile_image-235x145.jpg,342
MUNASINGHE ARACHCHIGE SAJITH,National,Spanish,0772243106,"Infront of the tank's temple, track 01, rajanganaya",N-2366,offthebeatenpathsrilanka@gmail.com,Valid till 31st December 2027,http://srilanka.travel//image/cache/no_profile_image-235x145.jpg,342
WELIGAMA KASIGE CHINTHAKA PATHMA KUMARA DE SILVA,National,Spanish,0710837024,"No:58, dalada ela road, kanupelella, badulla",N-2367,chinthakazoom@gmail.com,Valid till 31st December 2027,http://srilanka.travel//image/cache/no_profile_image-235x145.jpg,342
GUNAWARNA WADUGE RAMESH ZAVIOUR PERERA,National,English,0778524612,"No:46, galpitahaboda road, kadalana, moratuwa",N-2370,rzaviour@gmail.com,Valid till 31st December 2027,http://srilanka.travel//image/cache/no_profile_image-235x145.jpg,342
K.HASITHA SAMPATH KODIKARA,Chauffeur,Spanish,0705331600,"No:139/a, pinnakele waththa, divulapitiya",C-2083,hsampath90@yahoo.com,Valid till 31st December 2027,image/tourist_guides/U050050000006409475714.jpg,342
INDURUWA ARCHARIGE DON SANJANA PRABOD,Chauffeur,Russian,0716004506,"No:226/1, hena road, beruwala",C-2080,sanjanaprabod@gmail.com,Valid till 31st December 2027,image/tourist_guides/U050050000006462475709.jpeg,342
PALLE GURUNNEHELAGE DINESHA SEWWANDI AMARAWANSHA,National,Chinese,719710818,"No:224, mailettewa, sigiriya",N-2368,amarawanshads@gmail.com,Valid till 31st December 2027,http://srilanka.travel//image/cache/no_profile_image-235x145.jpg,342
TARIQ SHEHAN RABAN,Chauffeur,English,0774183074,"No:35/25, kumbukgahapokuna road, udahamulla, nugegoda",C-2078,shehanraban@gmail.com,Valid till 31st December 2027,image/tourist_guides/U050050000006412475707.jpg,342
Search for a Tour Guide,,All Languages Arabic Chinese Dutch English French German Greek Hebrew Hindi Hungarian Italian Japanese Korean Mandarian Russian Spanish Swedish Tamil Thai Urdu Search,,,,,,http://www.srilanka.travel/images/theames-new/covidimg.png,342
Tour Guides,,,,,,,,http://www.srilanka.travel/images/theames-new/covidimg.png,342
HENDAHEWA UDAYA SHANTHA CHAMARA INDUMITH,Chauffeur,English,0777177722,"Salgas mawatha, warakagoda, neboda",C-2079,cindumith@yahoo.com,Valid till 31st December 2026,image/tourist_guides/U050050000006415475708.jpeg,343
DON VERAHERA GAMAGE NIRANJAN SANDALAL,Chauffeur,French,0772091148,"No:397, wakwella road, galle",C-2082,sandalalniranjan@gmail.com,Valid till 31st December 2027,image/tourist_guides/U050050000006421475713.jpg,343
HEWAKANKANAMGE DON CHAMILA NAVEENDRA PERERA,Chauffeur,English,0785556152,"No:21/1/1, sri siddartha lane, aththidiya, dehiwala",C-2081,snea2322@gmail.com,Valid till 31st December 2027,image/tourist_guides/U050050000006403475711.jpg,343
DEVIYANI SHANIKA GUNESEKERA,National,English,0714914138,"N0:05, mahanuga garden, colombo-03",N-2369,shanikagunesekera@gmail.com,Valid till 31st December 2027,http://srilanka.travel//image/cache/no_profile_image-235x145.jpg,343
UNDUGODAGE SHAMILA CHAMENDRA RODRIGO,Chauffeur,English,0774134567,"No:24/4, samudra mawatha, panadura",C-2085,Shamila.usc@gmail.com,Valid till 31st December 2027,image/tourist_guides/U050050000006430475716.jpg,343
PONVILA VIDANALAGE DON RAVIN MINUKA SAPARAMADU,Chauffeur,English,0712281570,"No:2b, bollatha, ganemulla",C-2084,minukaravin@gmail.com,Valid till 31st December 2027,image/tourist_guides/U050050000006454475715.jpg,343
UGGALBODA GAMARALALAGE THARANGA SANDARUWAN GAMAGE,National,Spanish,0763229430,"No:238/1, ambagahalanda, madahapola",N-2371,gamagentgl@gmail.com,Valid till 31st December 2026,http://srilanka.travel//image/cache/no_profile_image-235x145.jpg,343
RUBASINGE MILINDA MADUSANKA RUBASINGHE,Chauffeur,English,0773859482,"No:w/11, wijayawatta, kimbulapitiya, negombo",C-2086,milinda.madusanka56@yahoo.com,Valid till 31st December 2027,image/tourist_guides/U050050000006476475738.jpg,343
Search for a Tour Guide,,All Languages Arabic Chinese Dutch English French German Greek Hebrew Hindi Hungarian Italian Japanese Korean Mandarian Russian Spanish Swedish Tamil Thai Urdu Search,,,,,,http://www.srilanka.travel/images/theames-new/covidimg.png,343
Tour Guides,,,,,,,,http://www.srilanka.travel/images/theames-new/covidimg.png,343
HAPUARACHCHIGE RUCHIKA GAYAN HAPUARACHCHIGE,Chauffeur,English,0716418544,"No:151/3, aluthwewa road, new town, polonnaruwa",C-2087,ruchiguide31st@gmail.com,Valid till 31st December 2027,image/tourist_guides/U050050000006352475747.jpg,344
KOTTE ARACHCHIGE THILINA MADUSHAN,Chauffeur,English,0701132377,"No:182/a, danketiya, haburugala",C-2089,tm.madushan@gmail.com,Valid till 31st December 2027,image/tourist_guides/U050050000006467475752.jpg,344
DON INDIKA KANDANEARACHCHI,Chauffeur,English,0777252516,"No:165, main street, battaramulla",C-2088,indika@jfi.lk,Valid till 31st December 2027,http://srilanka.travel//image/cache/no_profile_image-235x145.jpg,344
SEPARAMADU MERENGNAGE SAKITHMA VINUSARI SENARATHNE,National,Japanese,0773889371,"No:11, sri sumangala rd, kaluthara north",N-2372,sakithmavinusari@gmail.com,Valid till 31st December 2027,http://srilanka.travel//image/cache/no_profile_image-235x145.jpg,344
SHEHAN KOSHILA KANNANGARA,National,English,0715989620,"No:558/b, sri sumathipala mawatha, athuruwella, induruwa",N-2373,kshehankoshila@gmail.com,Valid till 31st December 2027,http://srilanka.travel//image/cache/no_profile_image-235x145.jpg,344
SEEMAN MAHADURA JERADE ROSHAN SILVA WICKRAMASINGHE,National,Chinese,0770227053,"No:21/62g, punchiyawelle road, welisara, ragama",N-2374,Silvaroshan550@gmail.com,Valid till 31st December 2027,http://srilanka.travel//image/cache/no_profile_image-235x145.jpg,344
DON HAKMANAGE HASITHA NUWAN WITHARANA,Chauffeur,English,0777745494,"No:42, miraj housing complex, negombo",C-2090,hasiw3@gmail.com,Valid till 31st December 2027,image/tourist_guides/U050050000006482475761.jpg,344
RANATHUNGA ARACHCHIGE KUMUDU KUSUMSIRI RANATHUNGA,Chauffeur,English,0770245109,"No:76/8, jaya mawatha, mampe, piliyandala",C-2092,kumuduranathunga@gmail.com,Valid till 31st December 2027,image/tourist_guides/U050050000006479475763.jpg,344
Search for a Tour Guide,,All Languages Arabic Chinese Dutch English French German Greek Hebrew Hindi Hungarian Italian Japanese Korean Mandarian Russian Spanish Swedish Tamil Thai Urdu Search,,,,,,http://www.srilanka.travel/images/theames-new/covidimg.png,344
Tour Guides,,,,,,,,http://www.srilanka.travel/images/theames-new/covidimg.png,344
NALLAWARIGE SHANAKA DANANJAYA FERNANDO,Chauffeur,Hindi,0773499701,"No:234/a, pahangama, wekada, panadura",C-2091,shanakadananjaya94@gmail.com,Valid till 31st December 2027,image/tourist_guides/U050050000006463475762.jpg,345
RAJAPAKSE GAMAGE DILAN HARSHA RAJAPAKSE,National,Chinese,0777337089,"No:16-1/1, pietersz place, nugegoda",N-2379,hasha74@gmail.com,Valid till 31st December 2026,http://srilanka.travel//image/cache/no_profile_image-235x145.jpg,345
RASIKA SURANGA LAKMAL SARUWE LIYANAGE,National,English,0774280859,"No:40, isuru pedesa, malkaduwawa, kurunegala",N-2381,rsls.liyanage@gmail.com,Valid till 31st December 2027,http://srilanka.travel//image/cache/no_profile_image-235x145.jpg,345
RATHNAYAKE MUDIYANSELAGE RASHMIKA SHEHARA RATHNAYAKE,National,French,0761448794,"Madawalapathana, ambathenna, rathkarauwa",N-2380,sheharar68@gmail.com,Valid till 31st December 2027,http://srilanka.travel//image/cache/no_profile_image-235x145.jpg,345
JAYAMANNA ARACHCHIGE LAKSHITHA PASINDU JAYAMANNA,National,English,0775911640,"No:77/a, dematapitiya, kakkapalliya",N-2376,lakshithapasindu2018@gmail.com,Valid till 31st December 2027,http://srilanka.travel//image/cache/no_profile_image-235x145.jpg,345
D.M. DINESH MANJULA DISSANAYAKE,National,English,0715694443,"No:138/a/5, hewagampitiyawatta, kadawala, katana",N-2377,samstourssl@gmail.com,Valid till 31st December 2027,http://srilanka.travel//image/cache/no_profile_image-235x145.jpg,345
MUTHUMALA HETTIGE EVAN NADEEJA,National,Spanish,0764274572,"No:126/4, narangasthenna, bokkawala, kandy",N-2375,evannadeeja@gmail.com,Valid till 31st December 2027,http://srilanka.travel//image/cache/no_profile_image-235x145.jpg,345
CHATHURA THIRANAGAMA,National,English,0712237411,"No:934/1, debarawewa, tissamaharama",N-2378,chathura.cr@gmail.com,Valid till 31st December 2027,http://srilanka.travel//image/cache/no_profile_image-235x145.jpg,345
Search for a Tour Guide,,All Languages Arabic Chinese Dutch English French German Greek Hebrew Hindi Hungarian Italian Japanese Korean Mandarian Russian Spanish Swedish Tamil Thai Urdu Search,,,,,,http://www.srilanka.travel/images/theames-new/covidimg.png,345
Tour Guides,,,,,,,,http://www.srilanka.travel/images/theames-new/covidimg.png,345
ATHUKORALALAGE DON HISIRA RASNAKA ATHUKORALA,National,English,0766360517,"No:21, wanatha road, maharagama",N-2382,adhrathukorala@gmail.com,Valid till 31st December 2027,http://srilanka.travel//image/cache/no_profile_image-235x145.jpg,346
M.M.D.M. TISSERA,National,French,0771953880,"No:210/c, kopiwatta road, minuwangoda",N-2383,malindutissera@gmail.com,Valid till 31st December 2027,http://srilanka.travel//image/cache/no_profile_image-235x145.jpg,346
HITIHAMILLAGE YUSHANTHA UDAYA KUMARA GUNASEELA,National,English,0766902032,"Wathuyayawatta, uhumeeya",N-2384,falconholidayhome@gmail.com,Valid till 31st December 2027,http://srilanka.travel//image/cache/no_profile_image-235x145.jpg,346
ILLANGASINGHA MUDIYANSELAGE MADURA CHANDRAJITH SANJEEWA,Chauffeur,English,0774358324,"No:103, siddamulla, piliyandala",C-2093,madura.chandrajith@gmail.com,Valid till 31st December 2027,image/tourist_guides/U050050000006402475790.jpg,346
NELUM SANJAYA GALAGEDARA,Area,English,0768064581,"No:215/5a, olcott street, weliwatta, galle",A-2343,nelum.sanjay@yahoo.com,Valid till 31st December 2027,http://srilanka.travel//image/cache/no_profile_image-235x145.jpg,346
HETTIYAHANDI KANDULA DEWAPRIYA,Area,English,0776868706,"No:279/1, pathirajagama, ahungalla",A-2344,kanduladevapriya70@gmail.com,Valid till 31st December 2027,http://srilanka.travel//image/cache/no_profile_image-235x145.jpg,346
KEEMBIYAGE HIRUNI NISANSALA,Area,English,763047131,"Harislandwaththa, gonapinuwala",A-2345,hirukeembiyage@gmail.com,Valid till 31st December 2027,http://srilanka.travel//image/cache/no_profile_image-235x145.jpg,346
L. PUSHPA KUMARA JANAKA,Site,,0770841632,"No:74a, pahurumulla, bentota",S-0163,lpkumarajanaka@gmail.com,Valid till 31st December 2027,http://srilanka.travel//image/cache/no_profile_image-235x145.jpg,346
Search for a Tour Guide,,All Languages Arabic Chinese Dutch English French German Greek Hebrew Hindi Hungarian Italian Japanese Korean Mandarian Russian Spanish Swedish Tamil Thai Urdu Search,,,,,,http://www.srilanka.travel/images/theames-new/covidimg.png,346
Tour Guides,,,,,,,,http://www.srilanka.travel/images/theames-new/covidimg.png,346
JAGAMUNI UPUL DE ZOYSA,Area,English,0773898151,"No:122/26h, elpitiya road, baduwatta, wathugedara",A-2340,dezoysau@gmail.com,Valid till 31st December 2027,http://srilanka.travel//image/cache/no_profile_image-235x145.jpg,347
DEMUNI JAYANTHA DE SILVA,Area,English,0777482422,"No:292, kedella, katuwila, ahungalla",A-2341,djdesilva6@gmail.com,Valid till 31st December 2027,http://srilanka.travel//image/cache/no_profile_image-235x145.jpg,347
THARINDU RUKSHAN PUNCHIHEWA,Area,English,0773086246,"No:249/a, old galle road, puwakwatta, weligama",A-2342,tharindupunchihewa@yahoo.com,Valid till 31st December 2027,http://srilanka.travel//image/cache/no_profile_image-235x145.jpg,347
DISSANAYAKA MUDIYANSELAGE BHASURU PRABHASWARA RATHNAMALALA,Chauffeur,English,0752098871,"No:373/5/2, samupakara mw, habarakada, homagama",C-2094,bhasurusarpaya@gmail.com,Valid till 31st December 2027,image/tourist_guides/U050050000006450475886.jpg,347
PATHIRANNAHELAGE AMILA INDIKA PATHIRANA,National,Spanish,0779148648,"Atigala estate, thalammehera, pannala",N-2385,toursamila@gmail.com,Valid till 31st December 2027,http://srilanka.travel//image/cache/no_profile_image-235x145.jpg,347
P.G.S.C.K. POLWATHTHA,National,English,0712683848,"N0:f/10/1, swarnamali, thulhiriya",N-2386,psandun@gmail.com,Valid till 31st December 2027,http://srilanka.travel//image/cache/no_profile_image-235x145.jpg,347
BOPAGE RAVIDU UDARA,Chauffeur,English,077086862,"No:256/b/4/1, melrose park, bataduwa, galle",C-2095,bopageravidu@gmail.com,Valid till 31st December 2027,image/tourist_guides/U050050000006493475891.jpeg,347
SAMARAKOON MUDIYANSELAGE DHANUSHKA MADHUSHANKA SAMARAKOON,Chauffeur,English,0711018536,"No:97, dimuthugama, meepilimana, nuwaraeliya",C-2096,dhanushkamadhushanka0@gmail.com,Valid till 31st December 2027,image/tourist_guides/U050050000006498475927.JPG,347
Search for a Tour Guide,,All Languages Arabic Chinese Dutch English French German Greek Hebrew Hindi Hungarian Italian Japanese Korean Mandarian Russian Spanish Swedish Tamil Thai Urdu Search,,,,,,http://www.srilanka.travel/images/theames-new/covidimg.png,347
Tour Guides,,,,,,,,http://www.srilanka.travel/images/theames-new/covidimg.png,347
D.H. ISHAN NIMANTHA DISSANAYAKE,Chauffeur,English,0716500693,"No:18, piyathissapura, nuwaraeliya",C-2097,ishandsnk596@gmail.com,Valid till 31st December 2027,image/tourist_guides/U050050000006497475928.jpeg,348
LIYANA WADUGE THARANGA BUDDHIKA SANDARUWAN,Area,English,0703919142,"Weralugastenne, dankanda, matale",A-2346,sandaruwantharanga533@gmail.com,Valid till 31st December 2027,http://srilanka.travel//image/cache/no_profile_image-235x145.jpg,348
THENNE KANAKARATHNA MUDIYANSELAGE RANJITH NALAKA SENEVIRATHNA,Area,English,0778260845,"No:807/213, welihena, dambulla",A-2347,ranjithnalakasena@gmail.com,Valid till 31st December 2027,http://srilanka.travel//image/cache/no_profile_image-235x145.jpg,348
RAJAPAKSHA PALLEGEDARA SISIL RAJAPAKSHA,Area,English,0741410216,"No:258/2/a, naranpanawa rd, putuhapuwa, teldeniya",A-2348,rajapakshasisil123@gmail.com,Valid till 31st December 2027,http://srilanka.travel//image/cache/no_profile_image-235x145.jpg,348
HAPUKOTUWE HERATH MUDIYANSELAGE THENNEHENE JANATH JANAKA BANDARA HERATH,Area,English,0777002515,"No:20/1, dambawela, gurudeniya",A-2349,janathh@gmail.com,Valid till 31st December 2027,http://srilanka.travel//image/cache/no_profile_image-235x145.jpg,348
MUTHUMUNI HIRAN MADURANGA DE SILVA,Area,English,0762110453,"No:102/15, yawalahena estate, udairiyagama, peradeniya",A-2350,hiranncg@gmail.com,Valid till 31st December 2027,http://srilanka.travel//image/cache/no_profile_image-235x145.jpg,348
MADITHTHAYAYE GEDARA JAYASIRI NALIN KUMARA,Area,English,0741975330,"No:86, hapukanda west, bopana",A-2351,janakajayasooriya648@gmail.com,Valid till 31st December 2027,http://srilanka.travel//image/cache/no_profile_image-235x145.jpg,348
PANIYAN DUWAGE DINESH SANJEEWA DE SILVA,National,English,0715374735,"Kokatiyaroda, keppetipola, 90350",N-2387,dsdsilva1990@gmail.com,Valid till 31st December 2027,http://srilanka.travel//image/cache/no_profile_image-235x145.jpg,348
Search for a Tour Guide,,All Languages Arabic Chinese Dutch English French German Greek Hebrew Hindi Hungarian Italian Japanese Korean Mandarian Russian Spanish Swedish Tamil Thai Urdu Search,,,,,,http://www.srilanka.travel/images/theames-new/covidimg.png,348
Tour Guides,,,,,,,,http://www.srilanka.travel/images/theames-new/covidimg.png,348
NAIDAHANDI PASINDU SISIPRIYA DE SILVA,Chauffeur,German,0770772309,"""malitha"", galwehera, ahungalla",C-2098,pasindusisi556@gmail.com,Valid till 31st December 2027,image/tourist_guides/U050050000006457475930.jpg,349
AMANDA VISHVANATH KOTHALAWALA,National,Russian,0721688444,"No:10/27, mahara, gampola",N-2388,amandaavk1990@gmail.com,Valid till 31st December 2027,http://srilanka.travel//image/cache/no_profile_image-235x145.jpg,349
MALLAWA ARACHCHIGE NISHAN MANOJ MALLAWA ARACHCHI,National,Greek,0711845204,"No:125/a, mellawa, lihiriyagama",N-2389,manishanmanoj@gmail.com,Valid till 31st December 2027,http://srilanka.travel//image/cache/no_profile_image-235x145.jpg,349
RANHOTI GEDARA MANUKA LAKSHAN WICKRAMASINGHE,Chauffeur,English,07112850,"No:8/2, ihalagonagama, makkanigama",C-2099,Manukalakshan2018@gmail.com,Valid till 31st December 2027,image/tourist_guides/U050050000006501475966.jpg,349
MIHIRI THARUPAMA KURUKULASURIYA,National,English,0716730898,"No:28/2, jambugasmulla road, nugegoda",N-2390,tharupamaa@gmail.com,Valid till 31st December 2027,http://srilanka.travel//image/cache/no_profile_image-235x145.jpg,349
PEETER ARUNODARAGE DILAN CHANNA MANATHUNGA,Chauffeur,English,0772945277,"Ambathalawa, ginigthena",C-2100,dcmanathunga@gmail.com,Valid till 31st December 2027,image/tourist_guides/U050050000006505475967.jpg,349
PRATHAPASIN WIJENAYAKA HASHAN PRAMODYA,Area,English,0763834857,"Wijenayake hardware, kotuwegoda, katuwana",A-2352,hashanwijenayake97@gmail.com,Valid till 31st December 2027,http://srilanka.travel//image/cache/no_profile_image-235x145.jpg,349
YAKALLE ARACHCHIGE DARSHANA MALINDA,Area,English,0773471646,"""dinesh"", yakallegewaththa, lenabatuwa, kamburupitiya",A-2353,darshanasenarath92@gmail.com,Valid till 31st December 2027,http://srilanka.travel//image/cache/no_profile_image-235x145.jpg,349
Search for a Tour Guide,,All Languages Arabic Chinese Dutch English French German Greek Hebrew Hindi Hungarian Italian Japanese Korean Mandarian Russian Spanish Swedish Tamil Thai Urdu Search,,,,,,http://www.srilanka.travel/images/theames-new/covidimg.png,349
Tour Guides,,,,,,,,http://www.srilanka.travel/images/theames-new/covidimg.png,349
WARAKAGODA WITHANALAGE DON SHANUKA RAVISHAN JAYATHILAKA,Area,English,0768075323,"No:187/3a, pagnalankara mawatha, richmond hill road, galle",A-2354,Shanukaravishan6426@gmail.com,Valid till 31st December 2027,http://srilanka.travel//image/cache/no_profile_image-235x145.jpg,350
CHINUKA PRINITH KUMARA ALGEWATTA,Area,English,0770523421,"No:36, kovila road, dadalla, galle",A-2355,Praneethchinuka@gmail.com,Valid till 31st December 2027,http://srilanka.travel//image/cache/no_profile_image-235x145.jpg,350
MEWAN MANJU SRI KANDEARACHCHI,Chauffeur,English,0769695024,"No:442/b, thiyabarabaya, kurunduwatta",C-2101,kandearachchi@gmail.com,Valid till 31st December 2027,image/tourist_guides/U050050000006499475977.jpeg,350
K.G.P.M. BANDARA,Chauffeur,German,0758263603,"No:47, dorakumbura, dunkolawatta, matale",C-2102,pmbanda33@gmail.com,Valid till 31st December 2027,image/tourist_guides/U050050000006496475984.jpg,350
THITHTHAGALLE GAMAGE WATHMI NISANDARA,National,French,0769714290,"No:8/10, thelawala road, mount lavinia",N-2391,w.nisandara@gmail.com,Valid till 31st December 2027,http://srilanka.travel//image/cache/no_profile_image-235x145.jpg,350
WEERAKOON MUDIYANSE RALAHAMILAGE AKINDA NETHSARA WEERAKOON,Chauffeur,English,0775247121,"No:37, deegala estate, rathukohodeegala, akurana",C-2105,akinda9876@gmail.com,Valid till 31st December 2027,image/tourist_guides/U050050000006511476013.jpg,350
DHARMA SRI WIJENAYAKALAGE MAYURA VIMUKTHI WIJEWICKRAMA,Chauffeur,English,0763437719,"No:84/b, ihalawela, kengalla",C-2106,mayuravimukthi615@gmail.com,Valid till 31st December 2027,image/tourist_guides/U050050000006503476015.jpg,350
WEERAKOON BANDARAGE BATHEESHA ESHAN WELGAMA,Chauffeur,English,0777159483,"No:157/3, gangodapitiya, kahapathwala",C-2103,batheeshaeshan@gmail.com,Valid till 31st December 2027,image/tourist_guides/U050050000006512476008.jpg,350
Search for a Tour Guide,,All Languages Arabic Chinese Dutch English French German Greek Hebrew Hindi Hungarian Italian Japanese Korean Mandarian Russian Spanish Swedish Tamil Thai Urdu Search,,,,,,http://www.srilanka.travel/images/theames-new/covidimg.png,350
Tour Guides,,,,,,,,http://www.srilanka.travel/images/theames-new/covidimg.png,350
HENNADIGE ISURU CHATHURANGA SILVA,Chauffeur,English,0766493925,"2nd step, kiriwelkele, pitabeddara",C-2104,isuru.icsilva@gmail.com,Valid till 31st December 2027,image/tourist_guides/U050050000006516476012.jpg,351
ATHUKORALALAGE AMILA PRABATH,Area,English,0715769994,"No:46/13, rock view garden, thennekumbura",A-2357,amilaprabathathukorala@gmail.com,Valid till 31st December 2027,http://srilanka.travel//image/cache/no_profile_image-235x145.jpg,351
WEERAKKODY ARACHCHIGE PIYUMI MADUSHANIKA WEERAKKODY,National,English,0774366560,"No:18, off de saram road, mount lavinia",N-2392,piyu1kody@gmail.com,Valid till 31st December 2027,http://srilanka.travel//image/cache/no_profile_image-235x145.jpg,351
K.T. MADHURA JAYANGA ABEYWICKRAMA,Area,English,0761063758,"No:55, galaha road, hindagala",A-2356,mjabeywickrama@gmail.com,Valid till 31st December 2027,http://srilanka.travel//image/cache/no_profile_image-235x145.jpg,351
E.S. WICKREMASINGHE,Chauffeur,English,0718088152,"No:144, uda eriyagama, peradeniya",C-2107,shehanwickrema123@gmail.com,Valid till 31st December 2027,image/tourist_guides/U050050000006528476078.jpeg,351
WYCLEF KEV PROUT,Chauffeur,English,773917678,"No:75/c, heepitiya, menikhinne",C-2108,kevprout@gmail.com,Valid till 31st December 2027,image/tourist_guides/U050050000006519476082.jpg,351
DINA MITHRAGE HARSHANI BUDDHIKA,Chauffeur,French,0789124588,"""senasuma"", pallewatta, hasalaka",C-2109,hbuddhika00@gmail.com,Valid till 31st December 2027,image/tourist_guides/U050050000006483476086.jpeg,351
BANDARIGODAGE UDITHA SURANGA,Chauffeur,Japanese,0740684243,"No:692/c1, ella madamawatha, kurundugahahathakma, elpitiya",C-2110,BANDARAUS@GMAIL.COM,Valid till 31st December 2027,image/tourist_guides/U050050000006419476088.jpeg,351
Search for a Tour Guide,,All Languages Arabic Chinese Dutch English French German Greek Hebrew Hindi Hungarian Italian Japanese Korean Mandarian Russian Spanish Swedish Tamil Thai Urdu Search,,,,,,http://www.srilanka.travel/images/theames-new/covidimg.png,351
Tour Guides,,,,,,,,http://www.srilanka.travel/images/theames-new/covidimg.png,351
SUDESH PRIYANGALAL HERATH,Chauffeur,English,0773261438,"No:69/a, haritha uyana mawatha, galmaduwawaththa, kundasale",C-2111,sudeshherath1968@gmail.com,Valid till 31st December 2027,image/tourist_guides/U050050000006515476093.jpg,352
ABDUL BAARY NAJATH,Chauffeur,English,0777757500,"No:438/1, kalugamuwa, gelioya",C-2113,najathab7@gmail.com,Valid till 31st December 2027,image/tourist_guides/U050050000006532476106.jpeg,352
J.A.M.E. JAYASEKARA,Chauffeur,English,0716634171,"No:87/a/1, polwatta, gohagoda road, katugastota",C-2114,madhawajayasekara23@gmail.com,Valid till 31st December 2027,image/tourist_guides/U050050000006521476107.jpeg,352
SILPADHIPATHIGE DILISHA PRIYASHAN,Chauffeur,English,0766244940,"Bemmullegedara, narammala",C-2115,dilishapriyashan076@gmail.com,Valid till 31st December 2027,image/tourist_guides/U050050000006507476109.jpg,352
KAHATAPITI PATHIRANNEHALAGE UMESH IROSHAN JAYATHILAKA,National,French,0766512207,"No:345/1, indigolla waththa, humbuluwa, alawwa",N-2393,umeshiroshan12@gmail.com,Valid till 31st December 2027,http://srilanka.travel//image/cache/no_profile_image-235x145.jpg,352
ABEYSINGHAGE SAMINDA PRIYAKELUM ABEYSINGHE,Chauffeur,English,0758348046,"No:25/2/a, chocolate factory rd, elagolla, heerassagala, kandy",C-2112,saminda.091@gmail.com,Valid till 31st December 2027,image/tourist_guides/U050050000006500476105.jpg,352
SAMARAKOON MUDIYANSELAGE KAMAL ABEYWARDHANA,Area,English,0718300886,"Erathnagoda, kuruwita",A-2368,kamalabeywardhana@gmail.com,Valid till 31st December 2027,http://srilanka.travel//image/cache/no_profile_image-235x145.jpg,352
ASHOKKUMAR VIJE KUMAR,Area,English,0704288114,"No:02, rassagala estate, balangoda",A-2367,vijekumar0126@gmail.com,Valid till 31st December 2027,http://srilanka.travel//image/cache/no_profile_image-235x145.jpg,352
Search for a Tour Guide,,All Languages Arabic Chinese Dutch English French German Greek Hebrew Hindi Hungarian Italian Japanese Korean Mandarian Russian Spanish Swedish Tamil Thai Urdu Search,,,,,,http://www.srilanka.travel/images/theames-new/covidimg.png,352
Tour Guides,,,,,,,,http://www.srilanka.travel/images/theames-new/covidimg.png,352
BALASOORIYA GEDARA NUWAN ISHARA BALASOORIYA,Area,English,0772837044,"No:h/18/1/b, iwari village, yatikotagama road, rambukkana",A-2365,nuwanib83@gmail.com,Valid till 31st December 2027,http://srilanka.travel//image/cache/no_profile_image-235x145.jpg,353
KONDASINGHE NAIDELAGE ASI WELADIMEER,Area,English,0706849394,"Kantha, bathamuraya, rambukkana",A-2364,waladimeer@icloud.com,Valid till 31st December 2027,http://srilanka.travel//image/cache/no_profile_image-235x145.jpg,353
RAJAPAKSHA RATHNAYAKA MUDIYANSELAGE LANKA BANDARA BAMBARADENIYA,Chauffeur,English,0772616078,"No:112, lagamuwa, kadugannawa",C-2116,kinghanter32@gmail.com,Valid till 31st December 2027,image/tourist_guides/U050050000006524476114.JPG,353
NAMBUWASAM EPITAKADUWA GAMAGE VIKASH PRAMOD,Area,English,0778895562,"No:115, 96, kiripattiya road, 5th lane, kolambageara",A-2359,niminithushari90@gmail.com,Valid till 31st December 2027,http://srilanka.travel//image/cache/no_profile_image-235x145.jpg,353
LANKAPURAYALAGE LASANTHA DILHAN PREMAKUMARA,Area,English,0777218176,"No:139/1, meedeniya, hettimulla",A-2358,dilhan.lankapura@gmail.com,Valid till 31st December 2027,http://srilanka.travel//image/cache/no_profile_image-235x145.jpg,353
PERAMUNA ARACHCHIGE KASUN DARSHANA PERAMUNA ARACHCHI,Area,English,0777446963,"No:354/b, kadamuduna, bulutota",A-2363,darshy3@gmail.com,Valid till 31st December 2027,http://srilanka.travel//image/cache/no_profile_image-235x145.jpg,353
KALAWANA KANKANAMALAGE IROSHA DAMAYANTHI,Area,English,0764391180,"Yagalawatta, jathuwangoda, kalawana",A-2362,Ireshadamayanthi54@gmail.com,Valid till 31st December 2027,http://srilanka.travel//image/cache/no_profile_image-235x145.jpg,353
DISSANAYAKA GAMAGE MALITHA WIKUM PRASANNA,Area,English,0713863633,"No:105/7, thanabela, rambuka, kalawana",A-2361,malithavikum.mali@gmail.com,Valid till 31st December 2027,http://srilanka.travel//image/cache/no_profile_image-235x145.jpg,353
Search for a Tour Guide,,All Languages Arabic Chinese Dutch English French German Greek Hebrew Hindi Hungarian Italian Japanese Korean Mandarian Russian Spanish Swedish Tamil Thai Urdu Search,,,,,,http://www.srilanka.travel/images/theames-new/covidimg.png,353
Tour Guides,,,,,,,,http://www.srilanka.travel/images/theames-new/covidimg.png,353
THASANTHA LAKSHAN RANASINGHE,Chauffeur,English,0713297847,"No:4/8, nawam mw, nawagamgoda, hawaeliya, nuwara eliya",C-2117,thasanthalakshan456@gmail.com,Valid till 31st December 2027,image/tourist_guides/U050050000006523476136.jpeg,354
J.K.A. LAKSHAN,Area,English,0702451000,"No:51, inner circular rd, ratnapura",A-2370,backtolearn@gmail.com,Valid till 31st December 2028,http://srilanka.travel//image/cache/no_profile_image-235x145.jpg,354
WALGAMPALA HEWAGE UMAYANGANI SHASHIKALA ARIYAPALA,Area,English,0778006702,"No:167/a, welladura, kahawatta",A-2369,umashashiniki@gmail.com,Valid till 31st December 2027,http://srilanka.travel//image/cache/no_profile_image-235x145.jpg,354
KOLIYA WANSHAGE CHATHURA JAYANATH KOLIYAWANSA,Area,English,0779768272,"No:112/2, sinharaja rd, miyanapalawa, weddagala, kalawana",A-2371,chathuragreens@gmail.com,Valid till 31st December 2027,http://srilanka.travel//image/cache/no_profile_image-235x145.jpg,354
WARSAPPULIGE WASANTHA ARUNA SAMPATH,Area,"English Tel 0719220543 Address Miyanapalawa, weddagala, kalawana Registration No A-2373 Email madhusankagayan000@gmail.com Validity status of licence: Valid till 31st December 2027",0702223018,"Pitakele,kudawa,weddagala",A-2374,Sampathwasantha51@gmail.com,Valid till 31st December 2027,http://srilanka.travel//image/cache/no_profile_image-235x145.jpg,354
HANDUWALAGE GAYAN MADUSHANKA,Area,English,0719220543,"Miyanapalawa, weddagala, kalawana",A-2373,madhusankagayan000@gmail.com,Valid till 31st December 2027,http://srilanka.travel//image/cache/no_profile_image-235x145.jpg,354
MURA MUDALIGE WASANTHA MANGALA GUNARATHNA,Area,English,0760058748,"Nawala uyana, kodippilikanda, kalawana",A-2372,mmwmangalagunarathna@gmail.com,Valid till 31st December 2027,http://srilanka.travel//image/cache/no_profile_image-235x145.jpg,354
M.G.S.N. RANAWEERA,Chauffeur,English,0770849137,"No:47/9a, riverside, galaha road, peradeniya",C-2118,pasinduranaweera339@gmail.com,Valid till 31st December 2027,image/tourist_guides/U050050000006530476142.jpg,354
Search for a Tour Guide,,All Languages Arabic Chinese Dutch English French German Greek Hebrew Hindi Hungarian Italian Japanese Korean Mandarian Russian Spanish Swedish Tamil Thai Urdu Search,,,,,,http://www.srilanka.travel/images/theames-new/covidimg.png,354
Tour Guides,,,,,,,,http://www.srilanka.travel/images/theames-new/covidimg.png,354
UDAWATTA KANKANAMGE DINETH THEEKSHANA,National,German,0705836005,"Nawa janapadaya, gamagoda, kaluthara-south",N-2394,dineth.theekshana@gmail.com,Valid till 31st December 2027,http://srilanka.travel//image/cache/no_profile_image-235x145.jpg,355
THARUKA DILSHANI SENARATHNE,National,Chinese,0778707690,"No:50/b/1, udawatta, kotaligoda, manikdiwela",N-2395,tharukasenarathne8@gmail.com,Valid till 31st December 2027,http://srilanka.travel//image/cache/no_profile_image-235x145.jpg,355
KARIYAWASAM MAJUWANA GAMAGE DON WINODAN DIAS,National,English,0773707809,"""siriwasa"", majuwana, keradewala",N-2396,winodan.dias@outlook.com,Valid till 31st December 2027,http://srilanka.travel//image/cache/no_profile_image-235x145.jpg,355
LAMAPPU KANKANAMALAGE ASANGA DINESH GUNARATHNE,Chauffeur,English,0702027558,"No:14/1, thibbatuhena, godakawela",C-2119,dineshlka@yahoo.com,Valid till 31st December 2027,image/tourist_guides/U050050000006442476173.jpg,355
DON ROHAN RUVINDA WICKRAMARATHNA GUNASEKARA,Area,English,0773887368,"No:09, national house, bonavista, nuwara eliya",A-2375,rohanguna82@gmail.com,Valid till 31st December 2027,http://srilanka.travel//image/cache/no_profile_image-235x145.jpg,355
MADDUMA DODANGODAGE IRESH DODANGODA,National,English,0712380685,"Galwaduwagama juncton, thabutthegama road, eppawala",N-2397,ireshdodan@gmail.com,Valid till 31st December 2027,http://srilanka.travel//image/cache/no_profile_image-235x145.jpg,355
N.N.K. DISSANAYAKA,Chauffeur,English,0775778838,"No:83, udatenna, matale",C-2120,maxindk@gmail.com,Valid till 31st December 2027,image/tourist_guides/U050050000006544476231.jpeg,355
PAHALA GEDARA  ASITHA NUWAN JAYATHILAKA,Chauffeur,English,0776227987,"No:135/e, thithiyakola watta, digampathaha, kimbissa",C-2121,asithajayathilake@outlook.com,Valid till 31st December 2027,image/tourist_guides/U050050000006540476254.jpeg,355
Search for a Tour Guide,,All Languages Arabic Chinese Dutch English French German Greek Hebrew Hindi Hungarian Italian Japanese Korean Mandarian Russian Spanish Swedish Tamil Thai Urdu Search,,,,,,http://www.srilanka.travel/images/theames-new/covidimg.png,355
Tour Guides,,,,,,,,http://www.srilanka.travel/images/theames-new/covidimg.png,355
KUDAKALU ARACHCHILLAGE ANURADHA UDAYANTHA DASANAYAKE,Chauffeur,English,0770607141,"No:g/73/1, gallalla, dewanagala",C-2122,anuradhaudayantha00@gmail.com,Valid till 31st December 2027,image/tourist_guides/U050050000006584476257.jpg,356
MALAKA PRASAD ABEYGUNARATNE,Area,English,0777336020,"No:30/a, kahawatta road, ambatenna",A-2376,malakaa@gmail.com,Valid till 31st December 2027,http://srilanka.travel//image/cache/no_profile_image-235x145.jpg,356
PRADEEP MANARA WIJETHUNGA,National,English,0712265928,"Wijayanthi, morawatta, ruwanwella",N-2398,deepga2006@gmail.com,Valid till 31st December 2027,http://srilanka.travel//image/cache/no_profile_image-235x145.jpg,356
M.A.I.R. DE SILVA,Area,English,0776913642,"Isuru niwasa, athumalpitiya, polonnaruwa",A-2377,isururangana98@icloud.com,Valid till 31st December 2027,http://srilanka.travel//image/cache/no_profile_image-235x145.jpg,356
HEMANTHA NALIN DIAS HETTIARACHCHI SENANAYAKA,Area,English,0754749186,"No:182 ,2nd canel, polonnaruwa",A-2378,nalinsenanayaka123@gmail.com,Valid till 31st December 2027,http://srilanka.travel//image/cache/no_profile_image-235x145.jpg,356
SANJEEWA NISHANTHA GALAPPATHIGURUGE,Area,English,0723796949,"No:3/30, lake view waththa, polonnaruwa",A-2379,SangeewaNishantha10@gmail.com,Valid till 31st December 2027,http://srilanka.travel//image/cache/no_profile_image-235x145.jpg,356
SAMMUHANDIGE KALPANI ANUTHTHARA,Area,English,0752635018,"No:74/b, village divelopment project, bediwewa, jayanthipura, polonnaruwa",A-2380,kanuththara510@gmail.com,Valid till 31st December 2027,http://srilanka.travel//image/cache/no_profile_image-235x145.jpg,356
PRIYANTHA RAJAKARUNA,Area,English,0778583762,"No:115, sangamiththa mawatha, old town, anuradhapura",A-2381,priyantharaj98@gmail.com,Valid till 31st December 2027,http://srilanka.travel//image/cache/no_profile_image-235x145.jpg,356
Search for a Tour Guide,,All Languages Arabic Chinese Dutch English French German Greek Hebrew Hindi Hungarian Italian Japanese Korean Mandarian Russian Spanish Swedish Tamil Thai Urdu Search,,,,,,http://www.srilanka.travel/images/theames-new/covidimg.png,356
Tour Guides,,,,,,,,http://www.srilanka.travel/images/theames-new/covidimg.png,356
S.S. CHAMINDA,Area,English,0711248072,"Mankadawala, jaffna road, saliyapura, anuradhapura",A-2382,Sujithchaminda72@gmail.com,Valid till 31st December 2027,http://srilanka.travel//image/cache/no_profile_image-235x145.jpg,357
KOTUWE WATTE GEDARA ERANDA LAKMAL,Area,English,0714847468,"No:5/5, kothalawala road, girithale",A-2383,erandalakmal2018@gmail.com,Valid till 31st December 2027,http://srilanka.travel//image/cache/no_profile_image-235x145.jpg,357
M.K. ERANDA NALAKA,Area,English,0713402828,"No:100, athumalpitiya, polonnaruwa",A-2384,skynetpolonnaruwa@gmail.com,Valid till 31st December 2027,http://srilanka.travel//image/cache/no_profile_image-235x145.jpg,357
G. THILAN GEEGANAGE,Area,English,0766293966,"No:8/1/a, temple road, wijayabahupura, polonnaruwa",A-2385,onlinetravel97@gmail.com,Valid till 31st December 2027,http://srilanka.travel//image/cache/no_profile_image-235x145.jpg,357
R.E.J.D. RATHNAYAKA,Area,English,0719598006,"No:90/1, athumalpitiya, polonnaruwa",A-2386,jeewanthadilshan999@gmail.com,Valid till 31st December 2027,http://srilanka.travel//image/cache/no_profile_image-235x145.jpg,357
THEBUGALA GAMATHIGE NIPUNA BANDARA GUNARATNE,Chauffeur,English,0777554132,"No:193/5, prasanna uyana, mattegoda",C-2123,nipbgunaratne@gmail.com,Valid till 31st December 2027,image/tourist_guides/U050050000006589476270.jpeg,357
DASANAYAKA ARACHCHILAGE JANAKA PRIYANGA DASANAYAKA,Area,English,0702234604,"''priyanga'', boraluhena road, koswatta, kalawana",A-2387,janakadasanayaka796@gmail.com,Valid till 31st December 2027,http://srilanka.travel//image/cache/no_profile_image-235x145.jpg,357
CHAMILA NIROSHANA RANAMUKAGE,Chauffeur,English,0766267272,"No:83/9, circular road, dangolla, kandy",C-2124,chamila@travelzeylon.com,Valid till 31st December 2027,http://srilanka.travel//image/cache/no_profile_image-235x145.jpg,357
Search for a Tour Guide,,All Languages Arabic Chinese Dutch English French German Greek Hebrew Hindi Hungarian Italian Japanese Korean Mandarian Russian Spanish Swedish Tamil Thai Urdu Search,,,,,,http://www.srilanka.travel/images/theames-new/covidimg.png,357
Tour Guides,,,,,,,,http://www.srilanka.travel/images/theames-new/covidimg.png,357
WAPITIYA GAMAGE INDIKA IRANTHA,Chauffeur,English,0718407184,"No:26, silvary gardens 2, kapuhempala road, galle",C-2125,vindunil@gmail.com,Valid till 31st December 2027,http://srilanka.travel//image/cache/no_profile_image-235x145.jpg,358
HITIHAMILLAGE PRASANNA SUJEEWA KUMARA,Area,English,0724905700,"No:33/6, konduruwawa, diyabeduma, polonnaruwa",A-2388,sujeewap85@gmail.com,Valid till 31st December 2027,http://srilanka.travel//image/cache/no_profile_image-235x145.jpg,358
MUTHUBANDAGE ISURU ANUKSHA PRIYADARSHANA,Area,English,0772084174,"No:293/24, new ellakattu road, anuradhapura",A-2390,isuruanuksha@gmail.com,Valid till 31st December 2027,http://srilanka.travel//image/cache/no_profile_image-235x145.jpg,358
SIRISENAGE SAMPATH SISIRA KUMARA,Area,English,0760785174,"No:71, maminiya rambewa, ganewalpola",A-2389,sisirasampath011@gmail.com,Valid till 31st December 2027,http://srilanka.travel//image/cache/no_profile_image-235x145.jpg,358
H.M.S. MADHUSHAN ABEWARDHANA,Area,English,0752295058,"No:85, 25th mile post, lakshauyana, polonnaruwa",A-2391,sajiyatransport@gmail.com,Valid till 31st December 2027,http://srilanka.travel//image/cache/no_profile_image-235x145.jpg,358
ASANKA SAJEEWANA GALAGEDARA,Area,English,0773522749,"M 41, pandulagama, anuradhapura",A-2393,galagedaraasanka1@gmail.com,Valid till 31st December 2027,http://srilanka.travel//image/cache/no_profile_image-235x145.jpg,358
DOLEGE DON ASHINI NETHMA DIVYANJALEE,Area,English,0702762899,"No:783, seewalipura, padavi sri pura",A-2392,ashininethma24@gmail.com,Valid till 31st December 2027,http://srilanka.travel//image/cache/no_profile_image-235x145.jpg,358
ASWADDUME GEDARA GAGANA SUSIRUK KARUNARATHNA,Area,English,0772870701,"No:104, pahala thuruwila, hidogama",A-2397,gagana2net@gmail.com,Valid till 31st December 2027,http://srilanka.travel//image/cache/no_profile_image-235x145.jpg,358
Search for a Tour Guide,,All Languages Arabic Chinese Dutch English French German Greek Hebrew Hindi Hungarian Italian Japanese Korean Mandarian Russian Spanish Swedish Tamil Thai Urdu Search,,,,,,http://www.srilanka.travel/images/theames-new/covidimg.png,358
Tour Guides,,,,,,,,http://www.srilanka.travel/images/theames-new/covidimg.png,358
RANWALA APPUHAMILAGE LAHIRU PRADEEP RANWALA,Area,English,0719406967,"No:937, yaya 8, unagalawehera, polonnaruwa",A-2395,lahiru10pradeep@gmail.com,Valid till 31st December 2027,http://srilanka.travel//image/cache/no_profile_image-235x145.jpg,359
MADURASINGHE ARACHCHILAGE MADHUSHAN NUWANTHA MADURASINGHE,Area,English,0702923550,"No:259/86/a, nagasena mw, wanniyamkulama, anuradhapura",A-2394,madushannuwantha1996@gmail.com,Valid till 31st December 2027,http://srilanka.travel//image/cache/no_profile_image-235x145.jpg,359
PASQUWEL HANDI NANDANA KUMARA,Area,English,0716302910,"No:41, olukaranda junction, kekirawa",A-2399,nandanapasku@gmail.com,Valid till 31st December 2027,http://srilanka.travel//image/cache/no_profile_image-235x145.jpg,359
GUNADASAGE NIROSHAN MANGALA,Area,English,0718790915,"4th lane, matale road, kurundankulama",A-2396,niroshanmangala6@gmail.com,Valid till 31st December 2027,http://srilanka.travel//image/cache/no_profile_image-235x145.jpg,359
PATHTHINIKUTTIGE JANEENA WIBHOOSHI NAYANATHARA NONIS,Area,English,0705376420,"Infront of the railway station, anuradhapura rd, mihintale",A-2398,janeenanonis2@gmail.com,Valid till 31st December 2027,http://srilanka.travel//image/cache/no_profile_image-235x145.jpg,359
DISSANAYAKE MUDIYANSELAGE NILANTHA RUWAN DISSANAYAKA,Area,English,0713000980,"No:576/3, 51 mile post, kurundankulama, mihinthale",A-2400,nilantharuwan1984@gmail.com,Valid till 31st December 2027,http://srilanka.travel//image/cache/no_profile_image-235x145.jpg,359
CHANDRASENAGE CHAMARA PRIYADARSHANA,Area,English,0714311415,"5th lane, kurundankulama, anuradhapura",A-2401,chamarapriyadarshana573@gmail.com,Valid till 31st December 2027,http://srilanka.travel//image/cache/no_profile_image-235x145.jpg,359
GIRI WISHWAJITH ABRAHAM GALAPPATTHI,Area,English,0714401440,"""janu-jaya"", saw mill garden, kaduruwela, polonnaruwa",A-2402,wishwajith@gmail.com,Valid till 31st December 2027,http://srilanka.travel//image/cache/no_profile_image-235x145.jpg,359
Search for a Tour Guide,,All Languages Arabic Chinese Dutch English French German Greek Hebrew Hindi Hungarian Italian Japanese Korean Mandarian Russian Spanish Swedish Tamil Thai Urdu Search,,,,,,http://www.srilanka.travel/images/theames-new/covidimg.png,359
Tour Guides,,,,,,,,http://www.srilanka.travel/images/theames-new/covidimg.png,359
K.B.D. PRIYAMANTHA,Area,English,0712391273,"Aduketiyawa rd, parasangaswewa, anuradhapura",A-2403,pamiduputhale@gmail.com,Valid till 31st December 2027,http://srilanka.travel//image/cache/no_profile_image-235x145.jpg,360
ASURAMANNAGE DULSHAN HIRANTHA HEMASINGHE,Area,English,0770442165,"No:01, kumudu mawatha, primrose garden, kandy",A-2409,dulshanhemasinghe@gmail.com,Valid till 31st December 2027,http://srilanka.travel//image/cache/no_profile_image-235x145.jpg,360
HERATH MUDIYANSELAGE LASANTHA KUMARA HERATH,Area,English,0713100054,"No:124/a, gammana o7, wehergala, thabuttegama",A-2404,hmlasanthakherath@gmail.com,Valid till 31st December 2027,http://srilanka.travel//image/cache/no_profile_image-235x145.jpg,360
HETTI ARACHCHIGE MALSHA HASHINI PERERA,Area,English,0779014888,"No:298/1, vivekarama mawatha, hathamuna, hingurakgoda",A-2405,hashiniperera169@gmail.com,Valid till 31st December 2027,http://srilanka.travel//image/cache/no_profile_image-235x145.jpg,360
METHTHASINGHEGE DON LAL PREMASIRI METHTHASINGHE,Area,English,0724993842,"No:706/b, police quarters rd, thammannapura, anuradhapura",A-2406,donleotours2000@gmail.com,Valid till 31st December 2027,http://srilanka.travel//image/cache/no_profile_image-235x145.jpg,360
DELDENIYA MAHA MUDIYANSELAGE AMILA CHAMINDA WIJESOORIYA,Area,English,0777334389,"No:59/d, pilapitiya, kiribathkumbura",A-2407,amila.7979@gmail.com,Valid till 31st December 2027,http://srilanka.travel//image/cache/no_profile_image-235x145.jpg,360
P.R.E.S.P. GUNAWARDANE,Area,English,0947736750,"No:61/34, nawa janapadaya, kalalpitiya, ukuwela",A-2408,naturetrek@ymail.com,Valid till 31st December 2027,http://srilanka.travel//image/cache/no_profile_image-235x145.jpg,360
WITHANAGE DON  CHATHURA NAYANAPRIYA,National,English,777419692,"No:492/15, halbarawa road, thalahena",N-2399,chaturawithanage@gmail.com,Valid till 31st December 2027,http://srilanka.travel//image/cache/no_profile_image-235x145.jpg,360
Search for a Tour Guide,,All Languages Arabic Chinese Dutch English French German Greek Hebrew Hindi Hungarian Italian Japanese Korean Mandarian Russian Spanish Swedish Tamil Thai Urdu Search,,,,,,http://www.srilanka.travel/images/theames-new/covidimg.png,360
Tour Guides,,,,,,,,http://www.srilanka.travel/images/theames-new/covidimg.png,360
AZEEZUR RAHEEM SAFIR AHAMED,Chauffeur,English,0767060055,"No:100/5/s/1, maligawattha road, colombo-10",C-2126,Crisscrosssrilanka@gmail.com,Valid till 31st December 2027,image/tourist_guides/U050050000006608476341.jpg,361
KONGAHAWATTAGE INDUNIL CHAMINDA,National,English,0714587990,"Halkadaliya,niwithigala",N-2400,rajindu2k00uwasara@gmail.com,Valid till 31st December 2027,http://srilanka.travel//image/cache/no_profile_image-235x145.jpg,361
GALKETIYA GEDARA CHAMINDA KAMAL WIJESENA,Area,English,0768356990,"No:215/b, mahayayawatta, akuramboda, matale",A-2413,ck.wijesena80@gmail.com,Valid till 31st December 2027,http://srilanka.travel//image/cache/no_profile_image-235x145.jpg,361
P.H.D.C. RANAWEERA,Area,English,0713743348,"No:992/2, nilagama, digana, rajawella",A-2410,dinofficial657@gmail.com,Valid till 31st December 2027,http://srilanka.travel//image/cache/no_profile_image-235x145.jpg,361
DIKLEWLE GEDARA PRABATH DESHAN JAYANTHA RATHNAYAKA,Area,English,0755877538,"No:01, nelumpathhinna, galapitaambegama, pilawala",A-2411,DeshanRathnayaka23@gmail.com,Valid till 31st December 2027,http://srilanka.travel//image/cache/no_profile_image-235x145.jpg,361
R.A.C. RANASINGHE,Area,English,0772691632,"No:37, mount paradise-1, maligathenna, gurudeniya",A-2412,chanaka.ranasinghe141@gmail.com,Valid till 31st December 2027,http://srilanka.travel//image/cache/no_profile_image-235x145.jpg,361
WIJEMUNI ARACHCHIGE RANGA PADEEPA,Chauffeur,English,755824524,"No:56/4, jaliyagoda, piliyandala",C-2127,rpadeepa@gmail.com,Valid till 31st December 2027,image/tourist_guides/U050050000006607476463.jpg,361
HERATH MUDIYANSELAGE CHANAKA SHYAMAN GUNASEKARA,Area,English,0772241206,"""chanaka niwasa"", galpothuthenna, belihuloya",A-2414,chanakashyaman86@gmail.com,Valid till 31st December 2027,http://srilanka.travel//image/cache/no_profile_image-235x145.jpg,361
Search for a Tour Guide,,All Languages Arabic Chinese Dutch English French German Greek Hebrew Hindi Hungarian Italian Japanese Korean Mandarian Russian Spanish Swedish Tamil Thai Urdu Search,,,,,,http://www.srilanka.travel/images/theames-new/covidimg.png,361
Tour Guides,,,,,,,,http://www.srilanka.travel/images/theames-new/covidimg.png,361
SEEMAN ARACHCHIGE ANIL MENDIS,National,German,73542880,"384/140 dharmaraja mv,wackwella road,galle",N-2401,rishi.mendis@gmail.com,Valid till 31st December 2027,http://srilanka.travel//image/cache/no_profile_image-235x145.jpg,362
DISSANAYAKE MUDIYANSELAGE THANURA BETHMIN DISSANAYAKE,Area,English,0767702697,"No:276/b, madala, ellagawa",A-2415,dbethmin@gmail.com,Valid till 31st December 2027,http://srilanka.travel//image/cache/no_profile_image-235x145.jpg,362
KAHADAGAMAGE KANCHANA GAYAN KAHADAGAMA.,Area,English,0712021782,"No 147, thissapala junction,haguranketha",A-2416,kgkggayan@gmail.com,Valid till 31st December 2027,http://srilanka.travel//image/cache/no_profile_image-235x145.jpg,362
PRASAD MADHUSANKA WANASINGHE,Area,English,0750884152,"No 57,ihala gonagama,makkanigama,waththegama",A-2417,prasadmwanasinghe1998@gmail.com,Valid till 31st December 2027,http://srilanka.travel//image/cache/no_profile_image-235x145.jpg,362
ASANKA SAMEERA MADAN ARACHCHI,National,,0717514691,"No:400/7/b, jayanthi place, kirillawala, kadawatha",N-2402,madanarachchi@gmail.com,Valid till 31st December 2027,http://srilanka.travel//image/cache/no_profile_image-235x145.jpg,362
BUMINDA HIRON WIJERATHNE,Area,"English Tel 0717190202 Address Kiriwaththa, pansiyagama Registration No C-2128 Email sdprupasighe0919@gmail.com Validity status of licence: Valid till 31st December 2027",0717208552,"No:25/1b, playground lane, dangedara, galle",A-2420,hironwijerathna@gmail.com,Valid till 31st December 2027,http://srilanka.travel//image/cache/no_profile_image-235x145.jpg,362
SANDA DEWAYALAGE PRABHATH PRIYANKARA RUPASINGHE,Chauffeur,English,0717190202,"Kiriwaththa, pansiyagama",C-2128,sdprupasighe0919@gmail.com,Valid till 31st December 2027,image/tourist_guides/U050050000006625476549.jpeg,362
MIGIDU LOCHANA JAYARATHNA,Area,,0710196489,"3rd lane, bodhirajapura, mathale junction, anuradhapura",A-2421,migidulochanaphotography@gmail.com,Valid till 31st December 2027,http://srilanka.travel//image/cache/no_profile_image-235x145.jpg,362
Search for a Tour Guide,,All Languages Arabic Chinese Dutch English French German Greek Hebrew Hindi Hungarian Italian Japanese Korean Mandarian Russian Spanish Swedish Tamil Thai Urdu Search,,,,,,http://www.srilanka.travel/images/theames-new/covidimg.png,362
Tour Guides,,,,,,,,http://www.srilanka.travel/images/theames-new/covidimg.png,362
JAYASINGHAGE MALAKA DUMINDA JAYASINGHE,Area,"English Tel 0713319023 Address Darshana,keraminiya,ahangama Registration No C-2130 Email vishvajayasinghe1999@gmail.com Validity status of licence: Valid till 31st December 2027",0715236094,"No:70, adhiranigama, ihalahalmillewa, eppawala",A-2422,malakafreesl@gmail.com,Valid till 31st December 2027,http://srilanka.travel//image/cache/no_profile_image-235x145.jpg,363
BOPAGE VISHWA ARUNODA JAYASINGHE,Chauffeur,English,0713319023,"Darshana,keraminiya,ahangama",C-2130,vishvajayasinghe1999@gmail.com,Valid till 31st December 2027,http://srilanka.travel//image/cache/no_profile_image-235x145.jpg,363
HIMESHA MADUSHAN SUDDRIKKU ABEYWARDANA,Chauffeur,English,0778260932,"Jayamedura,welhengoda,ahangama",C-2131,himesha9.hm@gmail.com,Valid till 31st December 2027,image/tourist_guides/U050050000006626476557.jpg,363
PATHTHA MESTRIGE ROSHAN PAUL PERERA,Chauffeur,English,0767746227,"No:29/d, railway station rd, bandarawatta, seeduwa",C-2129,drlankatours@gmail.com,Valid till 31st December 2027,image/tourist_guides/U050050000006485476556.jpg,363
WEERASINGHE ARACHCHILAGE HASITHA NUWAN JAYALATH KUMARA,Area,,0767421594,"Kekirawa road, galenbindunuwewa",A-2423,hasithanuwan1993@gmail.com,Valid till 31st December 2027,http://srilanka.travel//image/cache/no_profile_image-235x145.jpg,363
MAHALEKAM MUDIYANSELAGE CHATHURANGA VISHWA PRABHA JAYATHILAKA,Area,,0711866982,"Mudithagama, nochchiyagama",A-2424,vishwa.jayathilaka@gmail.com,Valid till 31st December 2027,http://srilanka.travel//image/cache/no_profile_image-235x145.jpg,363
Y.L.A. CHAMINDA GUNATHUNGA,Area,,0712943454,"No:258/3/2, edaduwawa, peradeniya",A-2425,chamindagunathunga@gmail.com,Valid till 31st December 2027,http://srilanka.travel//image/cache/no_profile_image-235x145.jpg,363
T.G. CHANDANA SAMPATH DHARMASENA,Area,,0759812428,"No:218/a, udagunnapana, gunnapana",A-2426,chandanasampathdharmasena@gmail.com,Valid till 31st December 2027,http://srilanka.travel//image/cache/no_profile_image-235x145.jpg,363
Search for a Tour Guide,,All Languages Arabic Chinese Dutch English French German Greek Hebrew Hindi Hungarian Italian Japanese Korean Mandarian Russian Spanish Swedish Tamil Thai Urdu Search,,,,,,http://www.srilanka.travel/images/theames-new/covidimg.png,363
Tour Guides,,,,,,,,http://www.srilanka.travel/images/theames-new/covidimg.png,363
H.P.D.N.J. RUKSHAN DISSANAYAKA,National,,0777298913,"No:244/5, rukmale, wewagama",N-2403,nilankantg@gmail.com,Valid till 31st December 2027,http://srilanka.travel//image/cache/no_profile_image-235x145.jpg,364
D.M. MIHIRA BANDARA DISSANAYAKA,Chauffeur,,0773972914,"No:20, suwashakthigama, digana, rajawella",C-2132,mihiramamabanda@gmail.com,Valid till 31st December 2027,http://srilanka.travel//image/cache/no_profile_image-235x145.jpg,364
Search for a Tour Guide,,All Languages Arabic Chinese Dutch English French German Greek Hebrew Hindi Hungarian Italian Japanese Korean Mandarian Russian Spanish Swedish Tamil Thai Urdu Search,,,,,,http://www.srilanka.travel/images/theames-new/covidimg.png,364
Tour Guides,,,,,,,,http://www.srilanka.travel/images/theames-new/covidimg.png,364
